2026-07-29 00:14:57.360 +05:30 [INF] HTTP GET /api/dashboard responded 200 in 115.0770 ms
2026-07-29 00:42:08.493 +05:30 [INF] HTTP GET /api/dashboard responded 200 in 78.2089 ms
2026-07-29 09:51:59.699 +05:30 [INF] HTTP GET /api/dashboard responded 401 in 54.1555 ms
2026-07-29 11:09:44.015 +05:30 [INF] HTTP POST /api/auth/login responded 200 in 655.6666 ms
2026-07-29 11:09:44.183 +05:30 [INF] HTTP GET /api/dashboard responded 200 in 82.3553 ms
2026-07-29 11:52:04.492 +05:30 [INF] Application is shutting down...
2026-07-29 11:52:07.861 +05:30 [WRN] The WebRootPath was not found: /Users/lalit.tak/Documents/Workspace/FIT/src/FIT.API/wwwroot. Static files may be unavailable.
2026-07-29 11:52:07.977 +05:30 [INF] Now listening on: http://localhost:5000
2026-07-29 11:52:07.978 +05:30 [INF] Application started. Press Ctrl+C to shut down.
2026-07-29 11:52:07.978 +05:30 [INF] Hosting environment: Production
2026-07-29 11:52:07.978 +05:30 [INF] Content root path: /Users/lalit.tak/Documents/Workspace/FIT/src/FIT.API
2026-07-29 11:52:10.654 +05:30 [INF] HTTP GET /health responded 200 in 41.5740 ms
2026-07-29 11:52:52.717 +05:30 [INF] HTTP POST /api/auth/login responded 200 in 1652.4891 ms
2026-07-29 11:52:52.797 +05:30 [INF] HTTP POST /api/issues responded 400 in 50.7390 ms
2026-07-29 11:53:15.098 +05:30 [INF] HTTP POST /api/auth/login responded 200 in 434.6154 ms
2026-07-29 11:53:15.132 +05:30 [INF] HTTP POST /api/issues responded 400 in 2.5146 ms
2026-07-29 11:53:54.377 +05:30 [INF] HTTP POST /api/auth/login responded 200 in 411.3761 ms
2026-07-29 11:53:54.794 +05:30 [WRN] Compiling a query which loads related collections for more than one collection navigation, either via 'Include' or through projection, but no 'QuerySplittingBehavior' has been configured. By default, Entity Framework will use 'QuerySplittingBehavior.SingleQuery', which can potentially result in slow query performance. See https://go.microsoft.com/fwlink/?linkid=2134277 for more information. To identify the query that's triggering this warning call 'ConfigureWarnings(w => w.Throw(RelationalEventId.MultipleCollectionIncludeWarning))'.
2026-07-29 11:53:54.945 +05:30 [INF] HTTP POST /api/issues responded 201 in 542.6111 ms
2026-07-29 11:54:25.048 +05:30 [INF] HTTP POST /api/auth/login responded 200 in 419.8129 ms
2026-07-29 11:54:25.152 +05:30 [ERR] HTTP POST /api/issues/c86c0d22-56b3-4f59-bda2-11c0bd0605d1/submit responded 500 in 72.3912 ms
Microsoft.EntityFrameworkCore.DbUpdateConcurrencyException: The database operation was expected to affect 1 row(s), but actually affected 0 row(s); data may have been modified or deleted since entities were loaded. See https://go.microsoft.com/fwlink/?LinkId=527962 for information on understanding and handling optimistic concurrency exceptions.
   at Npgsql.EntityFrameworkCore.PostgreSQL.Update.Internal.NpgsqlModificationCommandBatch.ThrowAggregateUpdateConcurrencyExceptionAsync(RelationalDataReader reader, Int32 commandIndex, Int32 expectedRowsAffected, Int32 rowsAffected, CancellationToken cancellationToken)
   at Npgsql.EntityFrameworkCore.PostgreSQL.Update.Internal.NpgsqlModificationCommandBatch.Consume(RelationalDataReader reader, Boolean async, CancellationToken cancellationToken)
   at Microsoft.EntityFrameworkCore.Update.ReaderModificationCommandBatch.ExecuteAsync(IRelationalConnection connection, CancellationToken cancellationToken)
   at Microsoft.EntityFrameworkCore.Update.ReaderModificationCommandBatch.ExecuteAsync(IRelationalConnection connection, CancellationToken cancellationToken)
   at Microsoft.EntityFrameworkCore.Update.Internal.BatchExecutor.ExecuteAsync(IEnumerable`1 commandBatches, IRelationalConnection connection, CancellationToken cancellationToken)
   at Microsoft.EntityFrameworkCore.Update.Internal.BatchExecutor.ExecuteAsync(IEnumerable`1 commandBatches, IRelationalConnection connection, CancellationToken cancellationToken)
   at Microsoft.EntityFrameworkCore.Update.Internal.BatchExecutor.ExecuteAsync(IEnumerable`1 commandBatches, IRelationalConnection connection, CancellationToken cancellationToken)
   at Microsoft.EntityFrameworkCore.Storage.RelationalDatabase.SaveChangesAsync(IList`1 entries, CancellationToken cancellationToken)
   at Microsoft.EntityFrameworkCore.ChangeTracking.Internal.StateManager.SaveChangesAsync(IList`1 entriesToSave, CancellationToken cancellationToken)
   at Microsoft.EntityFrameworkCore.ChangeTracking.Internal.StateManager.SaveChangesAsync(StateManager stateManager, Boolean acceptAllChangesOnSuccess, CancellationToken cancellationToken)
   at Npgsql.EntityFrameworkCore.PostgreSQL.Storage.Internal.NpgsqlExecutionStrategy.ExecuteAsync[TState,TResult](TState state, Func`4 operation, Func`4 verifySucceeded, CancellationToken cancellationToken)
   at Microsoft.EntityFrameworkCore.DbContext.SaveChangesAsync(Boolean acceptAllChangesOnSuccess, CancellationToken cancellationToken)
   at FIT.Infrastructure.Persistence.FitDbContext.SaveChangesAsync(CancellationToken cancellationToken) in /Users/lalit.tak/Documents/Workspace/FIT/src/FIT.Infrastructure/Persistence/FitDbContext.cs:line 36
   at FIT.Infrastructure.Persistence.Repositories.FieldIssueRepository.UpdateAsync(FieldIssue issue, CancellationToken ct) in /Users/lalit.tak/Documents/Workspace/FIT/src/FIT.Infrastructure/Persistence/Repositories/FieldIssueRepository.cs:line 72
   at FIT.Application.Features.Issues.Commands.SubmitIssue.SubmitIssueCommandHandler.Handle(SubmitIssueCommand request, CancellationToken cancellationToken) in /Users/lalit.tak/Documents/Workspace/FIT/src/FIT.Application/Features/Issues/Commands/SubmitIssue/SubmitIssueCommandHandler.cs:line 31
   at FIT.API.Controllers.IssuesController.Submit(Guid id, CancellationToken ct) in /Users/lalit.tak/Documents/Workspace/FIT/src/FIT.API/Controllers/IssuesController.cs:line 51
   at Microsoft.AspNetCore.Mvc.Infrastructure.ActionMethodExecutor.TaskOfIActionResultExecutor.Execute(ActionContext actionContext, IActionResultTypeMapper mapper, ObjectMethodExecutor executor, Object controller, Object[] arguments)
   at Microsoft.AspNetCore.Mvc.Infrastructure.ControllerActionInvoker.<InvokeActionMethodAsync>g__Awaited|12_0(ControllerActionInvoker invoker, ValueTask`1 actionResultValueTask)
   at Microsoft.AspNetCore.Mvc.Infrastructure.ControllerActionInvoker.<InvokeNextActionFilterAsync>g__Awaited|10_0(ControllerActionInvoker invoker, Task lastTask, State next, Scope scope, Object state, Boolean isCompleted)
   at Microsoft.AspNetCore.Mvc.Infrastructure.ControllerActionInvoker.Rethrow(ActionExecutedContextSealed context)
   at Microsoft.AspNetCore.Mvc.Infrastructure.ControllerActionInvoker.Next(State& next, Scope& scope, Object& state, Boolean& isCompleted)
   at Microsoft.AspNetCore.Mvc.Infrastructure.ControllerActionInvoker.<InvokeInnerFilterAsync>g__Awaited|13_0(ControllerActionInvoker invoker, Task lastTask, State next, Scope scope, Object state, Boolean isCompleted)
   at Microsoft.AspNetCore.Mvc.Infrastructure.ResourceInvoker.<InvokeFilterPipelineAsync>g__Awaited|20_0(ResourceInvoker invoker, Task lastTask, State next, Scope scope, Object state, Boolean isCompleted)
   at Microsoft.AspNetCore.Mvc.Infrastructure.ResourceInvoker.<InvokeAsync>g__Awaited|17_0(ResourceInvoker invoker, Task task, IDisposable scope)
   at Microsoft.AspNetCore.Mvc.Infrastructure.ResourceInvoker.<InvokeAsync>g__Awaited|17_0(ResourceInvoker invoker, Task task, IDisposable scope)
   at Microsoft.AspNetCore.Authorization.AuthorizationMiddleware.Invoke(HttpContext context)
   at Microsoft.AspNetCore.Authentication.AuthenticationMiddleware.Invoke(HttpContext context)
   at Serilog.AspNetCore.RequestLoggingMiddleware.Invoke(HttpContext httpContext)
2026-07-29 11:54:25.195 +05:30 [ERR] An unhandled exception has occurred while executing the request.
Microsoft.EntityFrameworkCore.DbUpdateConcurrencyException: The database operation was expected to affect 1 row(s), but actually affected 0 row(s); data may have been modified or deleted since entities were loaded. See https://go.microsoft.com/fwlink/?LinkId=527962 for information on understanding and handling optimistic concurrency exceptions.
   at Npgsql.EntityFrameworkCore.PostgreSQL.Update.Internal.NpgsqlModificationCommandBatch.ThrowAggregateUpdateConcurrencyExceptionAsync(RelationalDataReader reader, Int32 commandIndex, Int32 expectedRowsAffected, Int32 rowsAffected, CancellationToken cancellationToken)
   at Npgsql.EntityFrameworkCore.PostgreSQL.Update.Internal.NpgsqlModificationCommandBatch.Consume(RelationalDataReader reader, Boolean async, CancellationToken cancellationToken)
   at Microsoft.EntityFrameworkCore.Update.ReaderModificationCommandBatch.ExecuteAsync(IRelationalConnection connection, CancellationToken cancellationToken)
   at Microsoft.EntityFrameworkCore.Update.ReaderModificationCommandBatch.ExecuteAsync(IRelationalConnection connection, CancellationToken cancellationToken)
   at Microsoft.EntityFrameworkCore.Update.Internal.BatchExecutor.ExecuteAsync(IEnumerable`1 commandBatches, IRelationalConnection connection, CancellationToken cancellationToken)
   at Microsoft.EntityFrameworkCore.Update.Internal.BatchExecutor.ExecuteAsync(IEnumerable`1 commandBatches, IRelationalConnection connection, CancellationToken cancellationToken)
   at Microsoft.EntityFrameworkCore.Update.Internal.BatchExecutor.ExecuteAsync(IEnumerable`1 commandBatches, IRelationalConnection connection, CancellationToken cancellationToken)
   at Microsoft.EntityFrameworkCore.Storage.RelationalDatabase.SaveChangesAsync(IList`1 entries, CancellationToken cancellationToken)
   at Microsoft.EntityFrameworkCore.ChangeTracking.Internal.StateManager.SaveChangesAsync(IList`1 entriesToSave, CancellationToken cancellationToken)
   at Microsoft.EntityFrameworkCore.ChangeTracking.Internal.StateManager.SaveChangesAsync(StateManager stateManager, Boolean acceptAllChangesOnSuccess, CancellationToken cancellationToken)
   at Npgsql.EntityFrameworkCore.PostgreSQL.Storage.Internal.NpgsqlExecutionStrategy.ExecuteAsync[TState,TResult](TState state, Func`4 operation, Func`4 verifySucceeded, CancellationToken cancellationToken)
   at Microsoft.EntityFrameworkCore.DbContext.SaveChangesAsync(Boolean acceptAllChangesOnSuccess, CancellationToken cancellationToken)
   at FIT.Infrastructure.Persistence.FitDbContext.SaveChangesAsync(CancellationToken cancellationToken) in /Users/lalit.tak/Documents/Workspace/FIT/src/FIT.Infrastructure/Persistence/FitDbContext.cs:line 36
   at FIT.Infrastructure.Persistence.Repositories.FieldIssueRepository.UpdateAsync(FieldIssue issue, CancellationToken ct) in /Users/lalit.tak/Documents/Workspace/FIT/src/FIT.Infrastructure/Persistence/Repositories/FieldIssueRepository.cs:line 72
   at FIT.Application.Features.Issues.Commands.SubmitIssue.SubmitIssueCommandHandler.Handle(SubmitIssueCommand request, CancellationToken cancellationToken) in /Users/lalit.tak/Documents/Workspace/FIT/src/FIT.Application/Features/Issues/Commands/SubmitIssue/SubmitIssueCommandHandler.cs:line 31
   at FIT.API.Controllers.IssuesController.Submit(Guid id, CancellationToken ct) in /Users/lalit.tak/Documents/Workspace/FIT/src/FIT.API/Controllers/IssuesController.cs:line 51
   at Microsoft.AspNetCore.Mvc.Infrastructure.ActionMethodExecutor.TaskOfIActionResultExecutor.Execute(ActionContext actionContext, IActionResultTypeMapper mapper, ObjectMethodExecutor executor, Object controller, Object[] arguments)
   at Microsoft.AspNetCore.Mvc.Infrastructure.ControllerActionInvoker.<InvokeActionMethodAsync>g__Awaited|12_0(ControllerActionInvoker invoker, ValueTask`1 actionResultValueTask)
   at Microsoft.AspNetCore.Mvc.Infrastructure.ControllerActionInvoker.<InvokeNextActionFilterAsync>g__Awaited|10_0(ControllerActionInvoker invoker, Task lastTask, State next, Scope scope, Object state, Boolean isCompleted)
   at Microsoft.AspNetCore.Mvc.Infrastructure.ControllerActionInvoker.Rethrow(ActionExecutedContextSealed context)
   at Microsoft.AspNetCore.Mvc.Infrastructure.ControllerActionInvoker.Next(State& next, Scope& scope, Object& state, Boolean& isCompleted)
   at Microsoft.AspNetCore.Mvc.Infrastructure.ControllerActionInvoker.<InvokeInnerFilterAsync>g__Awaited|13_0(ControllerActionInvoker invoker, Task lastTask, State next, Scope scope, Object state, Boolean isCompleted)
   at Microsoft.AspNetCore.Mvc.Infrastructure.ResourceInvoker.<InvokeFilterPipelineAsync>g__Awaited|20_0(ResourceInvoker invoker, Task lastTask, State next, Scope scope, Object state, Boolean isCompleted)
   at Microsoft.AspNetCore.Mvc.Infrastructure.ResourceInvoker.<InvokeAsync>g__Awaited|17_0(ResourceInvoker invoker, Task task, IDisposable scope)
   at Microsoft.AspNetCore.Mvc.Infrastructure.ResourceInvoker.<InvokeAsync>g__Awaited|17_0(ResourceInvoker invoker, Task task, IDisposable scope)
   at Microsoft.AspNetCore.Authorization.AuthorizationMiddleware.Invoke(HttpContext context)
   at Microsoft.AspNetCore.Authentication.AuthenticationMiddleware.Invoke(HttpContext context)
   at Serilog.AspNetCore.RequestLoggingMiddleware.Invoke(HttpContext httpContext)
   at Microsoft.AspNetCore.Diagnostics.ExceptionHandlerMiddlewareImpl.<Invoke>g__Awaited|10_0(ExceptionHandlerMiddlewareImpl middleware, HttpContext context, Task task)
2026-07-29 11:54:25.197 +05:30 [ERR] Unhandled exception
Microsoft.EntityFrameworkCore.DbUpdateConcurrencyException: The database operation was expected to affect 1 row(s), but actually affected 0 row(s); data may have been modified or deleted since entities were loaded. See https://go.microsoft.com/fwlink/?LinkId=527962 for information on understanding and handling optimistic concurrency exceptions.
   at Npgsql.EntityFrameworkCore.PostgreSQL.Update.Internal.NpgsqlModificationCommandBatch.ThrowAggregateUpdateConcurrencyExceptionAsync(RelationalDataReader reader, Int32 commandIndex, Int32 expectedRowsAffected, Int32 rowsAffected, CancellationToken cancellationToken)
   at Npgsql.EntityFrameworkCore.PostgreSQL.Update.Internal.NpgsqlModificationCommandBatch.Consume(RelationalDataReader reader, Boolean async, CancellationToken cancellationToken)
   at Microsoft.EntityFrameworkCore.Update.ReaderModificationCommandBatch.ExecuteAsync(IRelationalConnection connection, CancellationToken cancellationToken)
   at Microsoft.EntityFrameworkCore.Update.ReaderModificationCommandBatch.ExecuteAsync(IRelationalConnection connection, CancellationToken cancellationToken)
   at Microsoft.EntityFrameworkCore.Update.Internal.BatchExecutor.ExecuteAsync(IEnumerable`1 commandBatches, IRelationalConnection connection, CancellationToken cancellationToken)
   at Microsoft.EntityFrameworkCore.Update.Internal.BatchExecutor.ExecuteAsync(IEnumerable`1 commandBatches, IRelationalConnection connection, CancellationToken cancellationToken)
   at Microsoft.EntityFrameworkCore.Update.Internal.BatchExecutor.ExecuteAsync(IEnumerable`1 commandBatches, IRelationalConnection connection, CancellationToken cancellationToken)
   at Microsoft.EntityFrameworkCore.Storage.RelationalDatabase.SaveChangesAsync(IList`1 entries, CancellationToken cancellationToken)
   at Microsoft.EntityFrameworkCore.ChangeTracking.Internal.StateManager.SaveChangesAsync(IList`1 entriesToSave, CancellationToken cancellationToken)
   at Microsoft.EntityFrameworkCore.ChangeTracking.Internal.StateManager.SaveChangesAsync(StateManager stateManager, Boolean acceptAllChangesOnSuccess, CancellationToken cancellationToken)
   at Npgsql.EntityFrameworkCore.PostgreSQL.Storage.Internal.NpgsqlExecutionStrategy.ExecuteAsync[TState,TResult](TState state, Func`4 operation, Func`4 verifySucceeded, CancellationToken cancellationToken)
   at Microsoft.EntityFrameworkCore.DbContext.SaveChangesAsync(Boolean acceptAllChangesOnSuccess, CancellationToken cancellationToken)
   at FIT.Infrastructure.Persistence.FitDbContext.SaveChangesAsync(CancellationToken cancellationToken) in /Users/lalit.tak/Documents/Workspace/FIT/src/FIT.Infrastructure/Persistence/FitDbContext.cs:line 36
   at FIT.Infrastructure.Persistence.Repositories.FieldIssueRepository.UpdateAsync(FieldIssue issue, CancellationToken ct) in /Users/lalit.tak/Documents/Workspace/FIT/src/FIT.Infrastructure/Persistence/Repositories/FieldIssueRepository.cs:line 72
   at FIT.Application.Features.Issues.Commands.SubmitIssue.SubmitIssueCommandHandler.Handle(SubmitIssueCommand request, CancellationToken cancellationToken) in /Users/lalit.tak/Documents/Workspace/FIT/src/FIT.Application/Features/Issues/Commands/SubmitIssue/SubmitIssueCommandHandler.cs:line 31
   at FIT.API.Controllers.IssuesController.Submit(Guid id, CancellationToken ct) in /Users/lalit.tak/Documents/Workspace/FIT/src/FIT.API/Controllers/IssuesController.cs:line 51
   at Microsoft.AspNetCore.Mvc.Infrastructure.ActionMethodExecutor.TaskOfIActionResultExecutor.Execute(ActionContext actionContext, IActionResultTypeMapper mapper, ObjectMethodExecutor executor, Object controller, Object[] arguments)
   at Microsoft.AspNetCore.Mvc.Infrastructure.ControllerActionInvoker.<InvokeActionMethodAsync>g__Awaited|12_0(ControllerActionInvoker invoker, ValueTask`1 actionResultValueTask)
   at Microsoft.AspNetCore.Mvc.Infrastructure.ControllerActionInvoker.<InvokeNextActionFilterAsync>g__Awaited|10_0(ControllerActionInvoker invoker, Task lastTask, State next, Scope scope, Object state, Boolean isCompleted)
   at Microsoft.AspNetCore.Mvc.Infrastructure.ControllerActionInvoker.Rethrow(ActionExecutedContextSealed context)
   at Microsoft.AspNetCore.Mvc.Infrastructure.ControllerActionInvoker.Next(State& next, Scope& scope, Object& state, Boolean& isCompleted)
   at Microsoft.AspNetCore.Mvc.Infrastructure.ControllerActionInvoker.<InvokeInnerFilterAsync>g__Awaited|13_0(ControllerActionInvoker invoker, Task lastTask, State next, Scope scope, Object state, Boolean isCompleted)
   at Microsoft.AspNetCore.Mvc.Infrastructure.ResourceInvoker.<InvokeFilterPipelineAsync>g__Awaited|20_0(ResourceInvoker invoker, Task lastTask, State next, Scope scope, Object state, Boolean isCompleted)
   at Microsoft.AspNetCore.Mvc.Infrastructure.ResourceInvoker.<InvokeAsync>g__Awaited|17_0(ResourceInvoker invoker, Task task, IDisposable scope)
   at Microsoft.AspNetCore.Mvc.Infrastructure.ResourceInvoker.<InvokeAsync>g__Awaited|17_0(ResourceInvoker invoker, Task task, IDisposable scope)
   at Microsoft.AspNetCore.Authorization.AuthorizationMiddleware.Invoke(HttpContext context)
   at Microsoft.AspNetCore.Authentication.AuthenticationMiddleware.Invoke(HttpContext context)
   at Serilog.AspNetCore.RequestLoggingMiddleware.Invoke(HttpContext httpContext)
   at Microsoft.AspNetCore.Diagnostics.ExceptionHandlerMiddlewareImpl.<Invoke>g__Awaited|10_0(ExceptionHandlerMiddlewareImpl middleware, HttpContext context, Task task)
2026-07-29 11:54:25.247 +05:30 [ERR] HTTP POST /api/issues/c86c0d22-56b3-4f59-bda2-11c0bd0605d1/approve responded 500 in 15.5855 ms
System.InvalidOperationException: Cannot approve issue in status Draft.
   at FIT.Domain.Entities.FieldIssue.Approve(Guid reviewerId, String comments) in /Users/lalit.tak/Documents/Workspace/FIT/src/FIT.Domain/Entities/FieldIssue.cs:line 147
   at FIT.Application.Features.Issues.Commands.ApproveIssue.ApproveIssueCommandHandler.Handle(ApproveIssueCommand request, CancellationToken cancellationToken) in /Users/lalit.tak/Documents/Workspace/FIT/src/FIT.Application/Features/Issues/Commands/ApproveIssue/ApproveIssueCommandHandler.cs:line 31
   at FIT.API.Controllers.IssuesController.Approve(Guid id, ApproveRequest req, CancellationToken ct) in /Users/lalit.tak/Documents/Workspace/FIT/src/FIT.API/Controllers/IssuesController.cs:line 59
   at Microsoft.AspNetCore.Mvc.Infrastructure.ActionMethodExecutor.TaskOfIActionResultExecutor.Execute(ActionContext actionContext, IActionResultTypeMapper mapper, ObjectMethodExecutor executor, Object controller, Object[] arguments)
   at Microsoft.AspNetCore.Mvc.Infrastructure.ControllerActionInvoker.<InvokeActionMethodAsync>g__Awaited|12_0(ControllerActionInvoker invoker, ValueTask`1 actionResultValueTask)
   at Microsoft.AspNetCore.Mvc.Infrastructure.ControllerActionInvoker.<InvokeNextActionFilterAsync>g__Awaited|10_0(ControllerActionInvoker invoker, Task lastTask, State next, Scope scope, Object state, Boolean isCompleted)
   at Microsoft.AspNetCore.Mvc.Infrastructure.ControllerActionInvoker.Rethrow(ActionExecutedContextSealed context)
   at Microsoft.AspNetCore.Mvc.Infrastructure.ControllerActionInvoker.Next(State& next, Scope& scope, Object& state, Boolean& isCompleted)
   at Microsoft.AspNetCore.Mvc.Infrastructure.ControllerActionInvoker.<InvokeInnerFilterAsync>g__Awaited|13_0(ControllerActionInvoker invoker, Task lastTask, State next, Scope scope, Object state, Boolean isCompleted)
   at Microsoft.AspNetCore.Mvc.Infrastructure.ResourceInvoker.<InvokeFilterPipelineAsync>g__Awaited|20_0(ResourceInvoker invoker, Task lastTask, State next, Scope scope, Object state, Boolean isCompleted)
   at Microsoft.AspNetCore.Mvc.Infrastructure.ResourceInvoker.<InvokeAsync>g__Awaited|17_0(ResourceInvoker invoker, Task task, IDisposable scope)
   at Microsoft.AspNetCore.Mvc.Infrastructure.ResourceInvoker.<InvokeAsync>g__Awaited|17_0(ResourceInvoker invoker, Task task, IDisposable scope)
   at Microsoft.AspNetCore.Authorization.AuthorizationMiddleware.Invoke(HttpContext context)
   at Microsoft.AspNetCore.Authentication.AuthenticationMiddleware.Invoke(HttpContext context)
   at Serilog.AspNetCore.RequestLoggingMiddleware.Invoke(HttpContext httpContext)
2026-07-29 11:54:25.249 +05:30 [ERR] An unhandled exception has occurred while executing the request.
System.InvalidOperationException: Cannot approve issue in status Draft.
   at FIT.Domain.Entities.FieldIssue.Approve(Guid reviewerId, String comments) in /Users/lalit.tak/Documents/Workspace/FIT/src/FIT.Domain/Entities/FieldIssue.cs:line 147
   at FIT.Application.Features.Issues.Commands.ApproveIssue.ApproveIssueCommandHandler.Handle(ApproveIssueCommand request, CancellationToken cancellationToken) in /Users/lalit.tak/Documents/Workspace/FIT/src/FIT.Application/Features/Issues/Commands/ApproveIssue/ApproveIssueCommandHandler.cs:line 31
   at FIT.API.Controllers.IssuesController.Approve(Guid id, ApproveRequest req, CancellationToken ct) in /Users/lalit.tak/Documents/Workspace/FIT/src/FIT.API/Controllers/IssuesController.cs:line 59
   at Microsoft.AspNetCore.Mvc.Infrastructure.ActionMethodExecutor.TaskOfIActionResultExecutor.Execute(ActionContext actionContext, IActionResultTypeMapper mapper, ObjectMethodExecutor executor, Object controller, Object[] arguments)
   at Microsoft.AspNetCore.Mvc.Infrastructure.ControllerActionInvoker.<InvokeActionMethodAsync>g__Awaited|12_0(ControllerActionInvoker invoker, ValueTask`1 actionResultValueTask)
   at Microsoft.AspNetCore.Mvc.Infrastructure.ControllerActionInvoker.<InvokeNextActionFilterAsync>g__Awaited|10_0(ControllerActionInvoker invoker, Task lastTask, State next, Scope scope, Object state, Boolean isCompleted)
   at Microsoft.AspNetCore.Mvc.Infrastructure.ControllerActionInvoker.Rethrow(ActionExecutedContextSealed context)
   at Microsoft.AspNetCore.Mvc.Infrastructure.ControllerActionInvoker.Next(State& next, Scope& scope, Object& state, Boolean& isCompleted)
   at Microsoft.AspNetCore.Mvc.Infrastructure.ControllerActionInvoker.<InvokeInnerFilterAsync>g__Awaited|13_0(ControllerActionInvoker invoker, Task lastTask, State next, Scope scope, Object state, Boolean isCompleted)
   at Microsoft.AspNetCore.Mvc.Infrastructure.ResourceInvoker.<InvokeFilterPipelineAsync>g__Awaited|20_0(ResourceInvoker invoker, Task lastTask, State next, Scope scope, Object state, Boolean isCompleted)
   at Microsoft.AspNetCore.Mvc.Infrastructure.ResourceInvoker.<InvokeAsync>g__Awaited|17_0(ResourceInvoker invoker, Task task, IDisposable scope)
   at Microsoft.AspNetCore.Mvc.Infrastructure.ResourceInvoker.<InvokeAsync>g__Awaited|17_0(ResourceInvoker invoker, Task task, IDisposable scope)
   at Microsoft.AspNetCore.Authorization.AuthorizationMiddleware.Invoke(HttpContext context)
   at Microsoft.AspNetCore.Authentication.AuthenticationMiddleware.Invoke(HttpContext context)
   at Serilog.AspNetCore.RequestLoggingMiddleware.Invoke(HttpContext httpContext)
   at Microsoft.AspNetCore.Diagnostics.ExceptionHandlerMiddlewareImpl.<Invoke>g__Awaited|10_0(ExceptionHandlerMiddlewareImpl middleware, HttpContext context, Task task)
2026-07-29 11:54:25.250 +05:30 [ERR] Unhandled exception
System.InvalidOperationException: Cannot approve issue in status Draft.
   at FIT.Domain.Entities.FieldIssue.Approve(Guid reviewerId, String comments) in /Users/lalit.tak/Documents/Workspace/FIT/src/FIT.Domain/Entities/FieldIssue.cs:line 147
   at FIT.Application.Features.Issues.Commands.ApproveIssue.ApproveIssueCommandHandler.Handle(ApproveIssueCommand request, CancellationToken cancellationToken) in /Users/lalit.tak/Documents/Workspace/FIT/src/FIT.Application/Features/Issues/Commands/ApproveIssue/ApproveIssueCommandHandler.cs:line 31
   at FIT.API.Controllers.IssuesController.Approve(Guid id, ApproveRequest req, CancellationToken ct) in /Users/lalit.tak/Documents/Workspace/FIT/src/FIT.API/Controllers/IssuesController.cs:line 59
   at Microsoft.AspNetCore.Mvc.Infrastructure.ActionMethodExecutor.TaskOfIActionResultExecutor.Execute(ActionContext actionContext, IActionResultTypeMapper mapper, ObjectMethodExecutor executor, Object controller, Object[] arguments)
   at Microsoft.AspNetCore.Mvc.Infrastructure.ControllerActionInvoker.<InvokeActionMethodAsync>g__Awaited|12_0(ControllerActionInvoker invoker, ValueTask`1 actionResultValueTask)
   at Microsoft.AspNetCore.Mvc.Infrastructure.ControllerActionInvoker.<InvokeNextActionFilterAsync>g__Awaited|10_0(ControllerActionInvoker invoker, Task lastTask, State next, Scope scope, Object state, Boolean isCompleted)
   at Microsoft.AspNetCore.Mvc.Infrastructure.ControllerActionInvoker.Rethrow(ActionExecutedContextSealed context)
   at Microsoft.AspNetCore.Mvc.Infrastructure.ControllerActionInvoker.Next(State& next, Scope& scope, Object& state, Boolean& isCompleted)
   at Microsoft.AspNetCore.Mvc.Infrastructure.ControllerActionInvoker.<InvokeInnerFilterAsync>g__Awaited|13_0(ControllerActionInvoker invoker, Task lastTask, State next, Scope scope, Object state, Boolean isCompleted)
   at Microsoft.AspNetCore.Mvc.Infrastructure.ResourceInvoker.<InvokeFilterPipelineAsync>g__Awaited|20_0(ResourceInvoker invoker, Task lastTask, State next, Scope scope, Object state, Boolean isCompleted)
   at Microsoft.AspNetCore.Mvc.Infrastructure.ResourceInvoker.<InvokeAsync>g__Awaited|17_0(ResourceInvoker invoker, Task task, IDisposable scope)
   at Microsoft.AspNetCore.Mvc.Infrastructure.ResourceInvoker.<InvokeAsync>g__Awaited|17_0(ResourceInvoker invoker, Task task, IDisposable scope)
   at Microsoft.AspNetCore.Authorization.AuthorizationMiddleware.Invoke(HttpContext context)
   at Microsoft.AspNetCore.Authentication.AuthenticationMiddleware.Invoke(HttpContext context)
   at Serilog.AspNetCore.RequestLoggingMiddleware.Invoke(HttpContext httpContext)
   at Microsoft.AspNetCore.Diagnostics.ExceptionHandlerMiddlewareImpl.<Invoke>g__Awaited|10_0(ExceptionHandlerMiddlewareImpl middleware, HttpContext context, Task task)
2026-07-29 11:54:41.645 +05:30 [INF] HTTP POST /api/auth/login responded 200 in 403.8976 ms
2026-07-29 11:54:41.688 +05:30 [ERR] HTTP POST /api/issues/c86c0d22-56b3-4f59-bda2-11c0bd0605d1/submit responded 500 in 13.4390 ms
Microsoft.EntityFrameworkCore.DbUpdateConcurrencyException: The database operation was expected to affect 1 row(s), but actually affected 0 row(s); data may have been modified or deleted since entities were loaded. See https://go.microsoft.com/fwlink/?LinkId=527962 for information on understanding and handling optimistic concurrency exceptions.
   at Npgsql.EntityFrameworkCore.PostgreSQL.Update.Internal.NpgsqlModificationCommandBatch.ThrowAggregateUpdateConcurrencyExceptionAsync(RelationalDataReader reader, Int32 commandIndex, Int32 expectedRowsAffected, Int32 rowsAffected, CancellationToken cancellationToken)
   at Npgsql.EntityFrameworkCore.PostgreSQL.Update.Internal.NpgsqlModificationCommandBatch.Consume(RelationalDataReader reader, Boolean async, CancellationToken cancellationToken)
   at Microsoft.EntityFrameworkCore.Update.ReaderModificationCommandBatch.ExecuteAsync(IRelationalConnection connection, CancellationToken cancellationToken)
   at Microsoft.EntityFrameworkCore.Update.ReaderModificationCommandBatch.ExecuteAsync(IRelationalConnection connection, CancellationToken cancellationToken)
   at Microsoft.EntityFrameworkCore.Update.Internal.BatchExecutor.ExecuteAsync(IEnumerable`1 commandBatches, IRelationalConnection connection, CancellationToken cancellationToken)
   at Microsoft.EntityFrameworkCore.Update.Internal.BatchExecutor.ExecuteAsync(IEnumerable`1 commandBatches, IRelationalConnection connection, CancellationToken cancellationToken)
   at Microsoft.EntityFrameworkCore.Update.Internal.BatchExecutor.ExecuteAsync(IEnumerable`1 commandBatches, IRelationalConnection connection, CancellationToken cancellationToken)
   at Microsoft.EntityFrameworkCore.Storage.RelationalDatabase.SaveChangesAsync(IList`1 entries, CancellationToken cancellationToken)
   at Microsoft.EntityFrameworkCore.ChangeTracking.Internal.StateManager.SaveChangesAsync(IList`1 entriesToSave, CancellationToken cancellationToken)
   at Microsoft.EntityFrameworkCore.ChangeTracking.Internal.StateManager.SaveChangesAsync(StateManager stateManager, Boolean acceptAllChangesOnSuccess, CancellationToken cancellationToken)
   at Npgsql.EntityFrameworkCore.PostgreSQL.Storage.Internal.NpgsqlExecutionStrategy.ExecuteAsync[TState,TResult](TState state, Func`4 operation, Func`4 verifySucceeded, CancellationToken cancellationToken)
   at Microsoft.EntityFrameworkCore.DbContext.SaveChangesAsync(Boolean acceptAllChangesOnSuccess, CancellationToken cancellationToken)
   at FIT.Infrastructure.Persistence.FitDbContext.SaveChangesAsync(CancellationToken cancellationToken) in /Users/lalit.tak/Documents/Workspace/FIT/src/FIT.Infrastructure/Persistence/FitDbContext.cs:line 36
   at FIT.Infrastructure.Persistence.Repositories.FieldIssueRepository.UpdateAsync(FieldIssue issue, CancellationToken ct) in /Users/lalit.tak/Documents/Workspace/FIT/src/FIT.Infrastructure/Persistence/Repositories/FieldIssueRepository.cs:line 72
   at FIT.Application.Features.Issues.Commands.SubmitIssue.SubmitIssueCommandHandler.Handle(SubmitIssueCommand request, CancellationToken cancellationToken) in /Users/lalit.tak/Documents/Workspace/FIT/src/FIT.Application/Features/Issues/Commands/SubmitIssue/SubmitIssueCommandHandler.cs:line 31
   at FIT.API.Controllers.IssuesController.Submit(Guid id, CancellationToken ct) in /Users/lalit.tak/Documents/Workspace/FIT/src/FIT.API/Controllers/IssuesController.cs:line 51
   at Microsoft.AspNetCore.Mvc.Infrastructure.ActionMethodExecutor.TaskOfIActionResultExecutor.Execute(ActionContext actionContext, IActionResultTypeMapper mapper, ObjectMethodExecutor executor, Object controller, Object[] arguments)
   at Microsoft.AspNetCore.Mvc.Infrastructure.ControllerActionInvoker.<InvokeActionMethodAsync>g__Awaited|12_0(ControllerActionInvoker invoker, ValueTask`1 actionResultValueTask)
   at Microsoft.AspNetCore.Mvc.Infrastructure.ControllerActionInvoker.<InvokeNextActionFilterAsync>g__Awaited|10_0(ControllerActionInvoker invoker, Task lastTask, State next, Scope scope, Object state, Boolean isCompleted)
   at Microsoft.AspNetCore.Mvc.Infrastructure.ControllerActionInvoker.Rethrow(ActionExecutedContextSealed context)
   at Microsoft.AspNetCore.Mvc.Infrastructure.ControllerActionInvoker.Next(State& next, Scope& scope, Object& state, Boolean& isCompleted)
   at Microsoft.AspNetCore.Mvc.Infrastructure.ControllerActionInvoker.<InvokeInnerFilterAsync>g__Awaited|13_0(ControllerActionInvoker invoker, Task lastTask, State next, Scope scope, Object state, Boolean isCompleted)
   at Microsoft.AspNetCore.Mvc.Infrastructure.ResourceInvoker.<InvokeFilterPipelineAsync>g__Awaited|20_0(ResourceInvoker invoker, Task lastTask, State next, Scope scope, Object state, Boolean isCompleted)
   at Microsoft.AspNetCore.Mvc.Infrastructure.ResourceInvoker.<InvokeAsync>g__Awaited|17_0(ResourceInvoker invoker, Task task, IDisposable scope)
   at Microsoft.AspNetCore.Mvc.Infrastructure.ResourceInvoker.<InvokeAsync>g__Awaited|17_0(ResourceInvoker invoker, Task task, IDisposable scope)
   at Microsoft.AspNetCore.Authorization.AuthorizationMiddleware.Invoke(HttpContext context)
   at Microsoft.AspNetCore.Authentication.AuthenticationMiddleware.Invoke(HttpContext context)
   at Serilog.AspNetCore.RequestLoggingMiddleware.Invoke(HttpContext httpContext)
2026-07-29 11:54:41.689 +05:30 [ERR] An unhandled exception has occurred while executing the request.
Microsoft.EntityFrameworkCore.DbUpdateConcurrencyException: The database operation was expected to affect 1 row(s), but actually affected 0 row(s); data may have been modified or deleted since entities were loaded. See https://go.microsoft.com/fwlink/?LinkId=527962 for information on understanding and handling optimistic concurrency exceptions.
   at Npgsql.EntityFrameworkCore.PostgreSQL.Update.Internal.NpgsqlModificationCommandBatch.ThrowAggregateUpdateConcurrencyExceptionAsync(RelationalDataReader reader, Int32 commandIndex, Int32 expectedRowsAffected, Int32 rowsAffected, CancellationToken cancellationToken)
   at Npgsql.EntityFrameworkCore.PostgreSQL.Update.Internal.NpgsqlModificationCommandBatch.Consume(RelationalDataReader reader, Boolean async, CancellationToken cancellationToken)
   at Microsoft.EntityFrameworkCore.Update.ReaderModificationCommandBatch.ExecuteAsync(IRelationalConnection connection, CancellationToken cancellationToken)
   at Microsoft.EntityFrameworkCore.Update.ReaderModificationCommandBatch.ExecuteAsync(IRelationalConnection connection, CancellationToken cancellationToken)
   at Microsoft.EntityFrameworkCore.Update.Internal.BatchExecutor.ExecuteAsync(IEnumerable`1 commandBatches, IRelationalConnection connection, CancellationToken cancellationToken)
   at Microsoft.EntityFrameworkCore.Update.Internal.BatchExecutor.ExecuteAsync(IEnumerable`1 commandBatches, IRelationalConnection connection, CancellationToken cancellationToken)
   at Microsoft.EntityFrameworkCore.Update.Internal.BatchExecutor.ExecuteAsync(IEnumerable`1 commandBatches, IRelationalConnection connection, CancellationToken cancellationToken)
   at Microsoft.EntityFrameworkCore.Storage.RelationalDatabase.SaveChangesAsync(IList`1 entries, CancellationToken cancellationToken)
   at Microsoft.EntityFrameworkCore.ChangeTracking.Internal.StateManager.SaveChangesAsync(IList`1 entriesToSave, CancellationToken cancellationToken)
   at Microsoft.EntityFrameworkCore.ChangeTracking.Internal.StateManager.SaveChangesAsync(StateManager stateManager, Boolean acceptAllChangesOnSuccess, CancellationToken cancellationToken)
   at Npgsql.EntityFrameworkCore.PostgreSQL.Storage.Internal.NpgsqlExecutionStrategy.ExecuteAsync[TState,TResult](TState state, Func`4 operation, Func`4 verifySucceeded, CancellationToken cancellationToken)
   at Microsoft.EntityFrameworkCore.DbContext.SaveChangesAsync(Boolean acceptAllChangesOnSuccess, CancellationToken cancellationToken)
   at FIT.Infrastructure.Persistence.FitDbContext.SaveChangesAsync(CancellationToken cancellationToken) in /Users/lalit.tak/Documents/Workspace/FIT/src/FIT.Infrastructure/Persistence/FitDbContext.cs:line 36
   at FIT.Infrastructure.Persistence.Repositories.FieldIssueRepository.UpdateAsync(FieldIssue issue, CancellationToken ct) in /Users/lalit.tak/Documents/Workspace/FIT/src/FIT.Infrastructure/Persistence/Repositories/FieldIssueRepository.cs:line 72
   at FIT.Application.Features.Issues.Commands.SubmitIssue.SubmitIssueCommandHandler.Handle(SubmitIssueCommand request, CancellationToken cancellationToken) in /Users/lalit.tak/Documents/Workspace/FIT/src/FIT.Application/Features/Issues/Commands/SubmitIssue/SubmitIssueCommandHandler.cs:line 31
   at FIT.API.Controllers.IssuesController.Submit(Guid id, CancellationToken ct) in /Users/lalit.tak/Documents/Workspace/FIT/src/FIT.API/Controllers/IssuesController.cs:line 51
   at Microsoft.AspNetCore.Mvc.Infrastructure.ActionMethodExecutor.TaskOfIActionResultExecutor.Execute(ActionContext actionContext, IActionResultTypeMapper mapper, ObjectMethodExecutor executor, Object controller, Object[] arguments)
   at Microsoft.AspNetCore.Mvc.Infrastructure.ControllerActionInvoker.<InvokeActionMethodAsync>g__Awaited|12_0(ControllerActionInvoker invoker, ValueTask`1 actionResultValueTask)
   at Microsoft.AspNetCore.Mvc.Infrastructure.ControllerActionInvoker.<InvokeNextActionFilterAsync>g__Awaited|10_0(ControllerActionInvoker invoker, Task lastTask, State next, Scope scope, Object state, Boolean isCompleted)
   at Microsoft.AspNetCore.Mvc.Infrastructure.ControllerActionInvoker.Rethrow(ActionExecutedContextSealed context)
   at Microsoft.AspNetCore.Mvc.Infrastructure.ControllerActionInvoker.Next(State& next, Scope& scope, Object& state, Boolean& isCompleted)
   at Microsoft.AspNetCore.Mvc.Infrastructure.ControllerActionInvoker.<InvokeInnerFilterAsync>g__Awaited|13_0(ControllerActionInvoker invoker, Task lastTask, State next, Scope scope, Object state, Boolean isCompleted)
   at Microsoft.AspNetCore.Mvc.Infrastructure.ResourceInvoker.<InvokeFilterPipelineAsync>g__Awaited|20_0(ResourceInvoker invoker, Task lastTask, State next, Scope scope, Object state, Boolean isCompleted)
   at Microsoft.AspNetCore.Mvc.Infrastructure.ResourceInvoker.<InvokeAsync>g__Awaited|17_0(ResourceInvoker invoker, Task task, IDisposable scope)
   at Microsoft.AspNetCore.Mvc.Infrastructure.ResourceInvoker.<InvokeAsync>g__Awaited|17_0(ResourceInvoker invoker, Task task, IDisposable scope)
   at Microsoft.AspNetCore.Authorization.AuthorizationMiddleware.Invoke(HttpContext context)
   at Microsoft.AspNetCore.Authentication.AuthenticationMiddleware.Invoke(HttpContext context)
   at Serilog.AspNetCore.RequestLoggingMiddleware.Invoke(HttpContext httpContext)
   at Microsoft.AspNetCore.Diagnostics.ExceptionHandlerMiddlewareImpl.<Invoke>g__Awaited|10_0(ExceptionHandlerMiddlewareImpl middleware, HttpContext context, Task task)
2026-07-29 11:54:41.690 +05:30 [ERR] Unhandled exception
Microsoft.EntityFrameworkCore.DbUpdateConcurrencyException: The database operation was expected to affect 1 row(s), but actually affected 0 row(s); data may have been modified or deleted since entities were loaded. See https://go.microsoft.com/fwlink/?LinkId=527962 for information on understanding and handling optimistic concurrency exceptions.
   at Npgsql.EntityFrameworkCore.PostgreSQL.Update.Internal.NpgsqlModificationCommandBatch.ThrowAggregateUpdateConcurrencyExceptionAsync(RelationalDataReader reader, Int32 commandIndex, Int32 expectedRowsAffected, Int32 rowsAffected, CancellationToken cancellationToken)
   at Npgsql.EntityFrameworkCore.PostgreSQL.Update.Internal.NpgsqlModificationCommandBatch.Consume(RelationalDataReader reader, Boolean async, CancellationToken cancellationToken)
   at Microsoft.EntityFrameworkCore.Update.ReaderModificationCommandBatch.ExecuteAsync(IRelationalConnection connection, CancellationToken cancellationToken)
   at Microsoft.EntityFrameworkCore.Update.ReaderModificationCommandBatch.ExecuteAsync(IRelationalConnection connection, CancellationToken cancellationToken)
   at Microsoft.EntityFrameworkCore.Update.Internal.BatchExecutor.ExecuteAsync(IEnumerable`1 commandBatches, IRelationalConnection connection, CancellationToken cancellationToken)
   at Microsoft.EntityFrameworkCore.Update.Internal.BatchExecutor.ExecuteAsync(IEnumerable`1 commandBatches, IRelationalConnection connection, CancellationToken cancellationToken)
   at Microsoft.EntityFrameworkCore.Update.Internal.BatchExecutor.ExecuteAsync(IEnumerable`1 commandBatches, IRelationalConnection connection, CancellationToken cancellationToken)
   at Microsoft.EntityFrameworkCore.Storage.RelationalDatabase.SaveChangesAsync(IList`1 entries, CancellationToken cancellationToken)
   at Microsoft.EntityFrameworkCore.ChangeTracking.Internal.StateManager.SaveChangesAsync(IList`1 entriesToSave, CancellationToken cancellationToken)
   at Microsoft.EntityFrameworkCore.ChangeTracking.Internal.StateManager.SaveChangesAsync(StateManager stateManager, Boolean acceptAllChangesOnSuccess, CancellationToken cancellationToken)
   at Npgsql.EntityFrameworkCore.PostgreSQL.Storage.Internal.NpgsqlExecutionStrategy.ExecuteAsync[TState,TResult](TState state, Func`4 operation, Func`4 verifySucceeded, CancellationToken cancellationToken)
   at Microsoft.EntityFrameworkCore.DbContext.SaveChangesAsync(Boolean acceptAllChangesOnSuccess, CancellationToken cancellationToken)
   at FIT.Infrastructure.Persistence.FitDbContext.SaveChangesAsync(CancellationToken cancellationToken) in /Users/lalit.tak/Documents/Workspace/FIT/src/FIT.Infrastructure/Persistence/FitDbContext.cs:line 36
   at FIT.Infrastructure.Persistence.Repositories.FieldIssueRepository.UpdateAsync(FieldIssue issue, CancellationToken ct) in /Users/lalit.tak/Documents/Workspace/FIT/src/FIT.Infrastructure/Persistence/Repositories/FieldIssueRepository.cs:line 72
   at FIT.Application.Features.Issues.Commands.SubmitIssue.SubmitIssueCommandHandler.Handle(SubmitIssueCommand request, CancellationToken cancellationToken) in /Users/lalit.tak/Documents/Workspace/FIT/src/FIT.Application/Features/Issues/Commands/SubmitIssue/SubmitIssueCommandHandler.cs:line 31
   at FIT.API.Controllers.IssuesController.Submit(Guid id, CancellationToken ct) in /Users/lalit.tak/Documents/Workspace/FIT/src/FIT.API/Controllers/IssuesController.cs:line 51
   at Microsoft.AspNetCore.Mvc.Infrastructure.ActionMethodExecutor.TaskOfIActionResultExecutor.Execute(ActionContext actionContext, IActionResultTypeMapper mapper, ObjectMethodExecutor executor, Object controller, Object[] arguments)
   at Microsoft.AspNetCore.Mvc.Infrastructure.ControllerActionInvoker.<InvokeActionMethodAsync>g__Awaited|12_0(ControllerActionInvoker invoker, ValueTask`1 actionResultValueTask)
   at Microsoft.AspNetCore.Mvc.Infrastructure.ControllerActionInvoker.<InvokeNextActionFilterAsync>g__Awaited|10_0(ControllerActionInvoker invoker, Task lastTask, State next, Scope scope, Object state, Boolean isCompleted)
   at Microsoft.AspNetCore.Mvc.Infrastructure.ControllerActionInvoker.Rethrow(ActionExecutedContextSealed context)
   at Microsoft.AspNetCore.Mvc.Infrastructure.ControllerActionInvoker.Next(State& next, Scope& scope, Object& state, Boolean& isCompleted)
   at Microsoft.AspNetCore.Mvc.Infrastructure.ControllerActionInvoker.<InvokeInnerFilterAsync>g__Awaited|13_0(ControllerActionInvoker invoker, Task lastTask, State next, Scope scope, Object state, Boolean isCompleted)
   at Microsoft.AspNetCore.Mvc.Infrastructure.ResourceInvoker.<InvokeFilterPipelineAsync>g__Awaited|20_0(ResourceInvoker invoker, Task lastTask, State next, Scope scope, Object state, Boolean isCompleted)
   at Microsoft.AspNetCore.Mvc.Infrastructure.ResourceInvoker.<InvokeAsync>g__Awaited|17_0(ResourceInvoker invoker, Task task, IDisposable scope)
   at Microsoft.AspNetCore.Mvc.Infrastructure.ResourceInvoker.<InvokeAsync>g__Awaited|17_0(ResourceInvoker invoker, Task task, IDisposable scope)
   at Microsoft.AspNetCore.Authorization.AuthorizationMiddleware.Invoke(HttpContext context)
   at Microsoft.AspNetCore.Authentication.AuthenticationMiddleware.Invoke(HttpContext context)
   at Serilog.AspNetCore.RequestLoggingMiddleware.Invoke(HttpContext httpContext)
   at Microsoft.AspNetCore.Diagnostics.ExceptionHandlerMiddlewareImpl.<Invoke>g__Awaited|10_0(ExceptionHandlerMiddlewareImpl middleware, HttpContext context, Task task)
2026-07-29 11:55:38.916 +05:30 [INF] HTTP GET /api/dashboard responded 200 in 120.0169 ms
2026-07-29 11:55:46.590 +05:30 [INF] HTTP GET /api/issues/c86c0d22-56b3-4f59-bda2-11c0bd0605d1 responded 200 in 19.8774 ms
2026-07-29 11:56:09.997 +05:30 [INF] HTTP GET /api/issues/c86c0d22-56b3-4f59-bda2-11c0bd0605d1 responded 200 in 40.8050 ms
2026-07-29 11:56:21.748 +05:30 [INF] HTTP GET /api/dashboard responded 200 in 14.6989 ms
2026-07-29 11:56:35.989 +05:30 [INF] HTTP GET /api/dashboard responded 200 in 35.6865 ms
2026-07-29 11:56:38.636 +05:30 [INF] HTTP GET /api/issues/c86c0d22-56b3-4f59-bda2-11c0bd0605d1 responded 200 in 18.3768 ms
2026-07-29 11:56:58.467 +05:30 [INF] Application is shutting down...
2026-07-29 11:57:01.882 +05:30 [WRN] The WebRootPath was not found: /Users/lalit.tak/Documents/Workspace/FIT/src/FIT.API/wwwroot. Static files may be unavailable.
2026-07-29 11:57:02.010 +05:30 [INF] Now listening on: http://localhost:5000
2026-07-29 11:57:02.012 +05:30 [INF] Application started. Press Ctrl+C to shut down.
2026-07-29 11:57:02.012 +05:30 [INF] Hosting environment: Production
2026-07-29 11:57:02.012 +05:30 [INF] Content root path: /Users/lalit.tak/Documents/Workspace/FIT/src/FIT.API
2026-07-29 11:57:04.583 +05:30 [INF] HTTP GET /health responded 200 in 23.7767 ms
2026-07-29 11:57:44.231 +05:30 [INF] HTTP POST /api/auth/login responded 200 in 1601.0132 ms
2026-07-29 11:57:44.714 +05:30 [WRN] Compiling a query which loads related collections for more than one collection navigation, either via 'Include' or through projection, but no 'QuerySplittingBehavior' has been configured. By default, Entity Framework will use 'QuerySplittingBehavior.SingleQuery', which can potentially result in slow query performance. See https://go.microsoft.com/fwlink/?linkid=2134277 for more information. To identify the query that's triggering this warning call 'ConfigureWarnings(w => w.Throw(RelationalEventId.MultipleCollectionIncludeWarning))'.
2026-07-29 11:57:44.856 +05:30 [INF] HTTP POST /api/issues responded 201 in 596.3793 ms
2026-07-29 11:57:45.021 +05:30 [ERR] HTTP POST /api/issues/483e8a9e-8b44-4da8-a16a-5ca967f82d01/submit responded 500 in 58.9375 ms
Microsoft.EntityFrameworkCore.DbUpdateConcurrencyException: The database operation was expected to affect 1 row(s), but actually affected 0 row(s); data may have been modified or deleted since entities were loaded. See https://go.microsoft.com/fwlink/?LinkId=527962 for information on understanding and handling optimistic concurrency exceptions.
   at Npgsql.EntityFrameworkCore.PostgreSQL.Update.Internal.NpgsqlModificationCommandBatch.ThrowAggregateUpdateConcurrencyExceptionAsync(RelationalDataReader reader, Int32 commandIndex, Int32 expectedRowsAffected, Int32 rowsAffected, CancellationToken cancellationToken)
   at Npgsql.EntityFrameworkCore.PostgreSQL.Update.Internal.NpgsqlModificationCommandBatch.Consume(RelationalDataReader reader, Boolean async, CancellationToken cancellationToken)
   at Microsoft.EntityFrameworkCore.Update.ReaderModificationCommandBatch.ExecuteAsync(IRelationalConnection connection, CancellationToken cancellationToken)
   at Microsoft.EntityFrameworkCore.Update.ReaderModificationCommandBatch.ExecuteAsync(IRelationalConnection connection, CancellationToken cancellationToken)
   at Microsoft.EntityFrameworkCore.Update.Internal.BatchExecutor.ExecuteAsync(IEnumerable`1 commandBatches, IRelationalConnection connection, CancellationToken cancellationToken)
   at Microsoft.EntityFrameworkCore.Update.Internal.BatchExecutor.ExecuteAsync(IEnumerable`1 commandBatches, IRelationalConnection connection, CancellationToken cancellationToken)
   at Microsoft.EntityFrameworkCore.Update.Internal.BatchExecutor.ExecuteAsync(IEnumerable`1 commandBatches, IRelationalConnection connection, CancellationToken cancellationToken)
   at Microsoft.EntityFrameworkCore.Storage.RelationalDatabase.SaveChangesAsync(IList`1 entries, CancellationToken cancellationToken)
   at Microsoft.EntityFrameworkCore.ChangeTracking.Internal.StateManager.SaveChangesAsync(IList`1 entriesToSave, CancellationToken cancellationToken)
   at Microsoft.EntityFrameworkCore.ChangeTracking.Internal.StateManager.SaveChangesAsync(StateManager stateManager, Boolean acceptAllChangesOnSuccess, CancellationToken cancellationToken)
   at Npgsql.EntityFrameworkCore.PostgreSQL.Storage.Internal.NpgsqlExecutionStrategy.ExecuteAsync[TState,TResult](TState state, Func`4 operation, Func`4 verifySucceeded, CancellationToken cancellationToken)
   at Microsoft.EntityFrameworkCore.DbContext.SaveChangesAsync(Boolean acceptAllChangesOnSuccess, CancellationToken cancellationToken)
   at FIT.Infrastructure.Persistence.FitDbContext.SaveChangesAsync(CancellationToken cancellationToken) in /Users/lalit.tak/Documents/Workspace/FIT/src/FIT.Infrastructure/Persistence/FitDbContext.cs:line 36
   at FIT.Application.Features.Issues.Commands.SubmitIssue.SubmitIssueCommandHandler.Handle(SubmitIssueCommand request, CancellationToken cancellationToken) in /Users/lalit.tak/Documents/Workspace/FIT/src/FIT.Application/Features/Issues/Commands/SubmitIssue/SubmitIssueCommandHandler.cs:line 32
   at FIT.API.Controllers.IssuesController.Submit(Guid id, CancellationToken ct) in /Users/lalit.tak/Documents/Workspace/FIT/src/FIT.API/Controllers/IssuesController.cs:line 51
   at Microsoft.AspNetCore.Mvc.Infrastructure.ActionMethodExecutor.TaskOfIActionResultExecutor.Execute(ActionContext actionContext, IActionResultTypeMapper mapper, ObjectMethodExecutor executor, Object controller, Object[] arguments)
   at Microsoft.AspNetCore.Mvc.Infrastructure.ControllerActionInvoker.<InvokeActionMethodAsync>g__Awaited|12_0(ControllerActionInvoker invoker, ValueTask`1 actionResultValueTask)
   at Microsoft.AspNetCore.Mvc.Infrastructure.ControllerActionInvoker.<InvokeNextActionFilterAsync>g__Awaited|10_0(ControllerActionInvoker invoker, Task lastTask, State next, Scope scope, Object state, Boolean isCompleted)
   at Microsoft.AspNetCore.Mvc.Infrastructure.ControllerActionInvoker.Rethrow(ActionExecutedContextSealed context)
   at Microsoft.AspNetCore.Mvc.Infrastructure.ControllerActionInvoker.Next(State& next, Scope& scope, Object& state, Boolean& isCompleted)
   at Microsoft.AspNetCore.Mvc.Infrastructure.ControllerActionInvoker.<InvokeInnerFilterAsync>g__Awaited|13_0(ControllerActionInvoker invoker, Task lastTask, State next, Scope scope, Object state, Boolean isCompleted)
   at Microsoft.AspNetCore.Mvc.Infrastructure.ResourceInvoker.<InvokeFilterPipelineAsync>g__Awaited|20_0(ResourceInvoker invoker, Task lastTask, State next, Scope scope, Object state, Boolean isCompleted)
   at Microsoft.AspNetCore.Mvc.Infrastructure.ResourceInvoker.<InvokeAsync>g__Awaited|17_0(ResourceInvoker invoker, Task task, IDisposable scope)
   at Microsoft.AspNetCore.Mvc.Infrastructure.ResourceInvoker.<InvokeAsync>g__Awaited|17_0(ResourceInvoker invoker, Task task, IDisposable scope)
   at Microsoft.AspNetCore.Authorization.AuthorizationMiddleware.Invoke(HttpContext context)
   at Microsoft.AspNetCore.Authentication.AuthenticationMiddleware.Invoke(HttpContext context)
   at Serilog.AspNetCore.RequestLoggingMiddleware.Invoke(HttpContext httpContext)
2026-07-29 11:57:45.037 +05:30 [ERR] An unhandled exception has occurred while executing the request.
Microsoft.EntityFrameworkCore.DbUpdateConcurrencyException: The database operation was expected to affect 1 row(s), but actually affected 0 row(s); data may have been modified or deleted since entities were loaded. See https://go.microsoft.com/fwlink/?LinkId=527962 for information on understanding and handling optimistic concurrency exceptions.
   at Npgsql.EntityFrameworkCore.PostgreSQL.Update.Internal.NpgsqlModificationCommandBatch.ThrowAggregateUpdateConcurrencyExceptionAsync(RelationalDataReader reader, Int32 commandIndex, Int32 expectedRowsAffected, Int32 rowsAffected, CancellationToken cancellationToken)
   at Npgsql.EntityFrameworkCore.PostgreSQL.Update.Internal.NpgsqlModificationCommandBatch.Consume(RelationalDataReader reader, Boolean async, CancellationToken cancellationToken)
   at Microsoft.EntityFrameworkCore.Update.ReaderModificationCommandBatch.ExecuteAsync(IRelationalConnection connection, CancellationToken cancellationToken)
   at Microsoft.EntityFrameworkCore.Update.ReaderModificationCommandBatch.ExecuteAsync(IRelationalConnection connection, CancellationToken cancellationToken)
   at Microsoft.EntityFrameworkCore.Update.Internal.BatchExecutor.ExecuteAsync(IEnumerable`1 commandBatches, IRelationalConnection connection, CancellationToken cancellationToken)
   at Microsoft.EntityFrameworkCore.Update.Internal.BatchExecutor.ExecuteAsync(IEnumerable`1 commandBatches, IRelationalConnection connection, CancellationToken cancellationToken)
   at Microsoft.EntityFrameworkCore.Update.Internal.BatchExecutor.ExecuteAsync(IEnumerable`1 commandBatches, IRelationalConnection connection, CancellationToken cancellationToken)
   at Microsoft.EntityFrameworkCore.Storage.RelationalDatabase.SaveChangesAsync(IList`1 entries, CancellationToken cancellationToken)
   at Microsoft.EntityFrameworkCore.ChangeTracking.Internal.StateManager.SaveChangesAsync(IList`1 entriesToSave, CancellationToken cancellationToken)
   at Microsoft.EntityFrameworkCore.ChangeTracking.Internal.StateManager.SaveChangesAsync(StateManager stateManager, Boolean acceptAllChangesOnSuccess, CancellationToken cancellationToken)
   at Npgsql.EntityFrameworkCore.PostgreSQL.Storage.Internal.NpgsqlExecutionStrategy.ExecuteAsync[TState,TResult](TState state, Func`4 operation, Func`4 verifySucceeded, CancellationToken cancellationToken)
   at Microsoft.EntityFrameworkCore.DbContext.SaveChangesAsync(Boolean acceptAllChangesOnSuccess, CancellationToken cancellationToken)
   at FIT.Infrastructure.Persistence.FitDbContext.SaveChangesAsync(CancellationToken cancellationToken) in /Users/lalit.tak/Documents/Workspace/FIT/src/FIT.Infrastructure/Persistence/FitDbContext.cs:line 36
   at FIT.Application.Features.Issues.Commands.SubmitIssue.SubmitIssueCommandHandler.Handle(SubmitIssueCommand request, CancellationToken cancellationToken) in /Users/lalit.tak/Documents/Workspace/FIT/src/FIT.Application/Features/Issues/Commands/SubmitIssue/SubmitIssueCommandHandler.cs:line 32
   at FIT.API.Controllers.IssuesController.Submit(Guid id, CancellationToken ct) in /Users/lalit.tak/Documents/Workspace/FIT/src/FIT.API/Controllers/IssuesController.cs:line 51
   at Microsoft.AspNetCore.Mvc.Infrastructure.ActionMethodExecutor.TaskOfIActionResultExecutor.Execute(ActionContext actionContext, IActionResultTypeMapper mapper, ObjectMethodExecutor executor, Object controller, Object[] arguments)
   at Microsoft.AspNetCore.Mvc.Infrastructure.ControllerActionInvoker.<InvokeActionMethodAsync>g__Awaited|12_0(ControllerActionInvoker invoker, ValueTask`1 actionResultValueTask)
   at Microsoft.AspNetCore.Mvc.Infrastructure.ControllerActionInvoker.<InvokeNextActionFilterAsync>g__Awaited|10_0(ControllerActionInvoker invoker, Task lastTask, State next, Scope scope, Object state, Boolean isCompleted)
   at Microsoft.AspNetCore.Mvc.Infrastructure.ControllerActionInvoker.Rethrow(ActionExecutedContextSealed context)
   at Microsoft.AspNetCore.Mvc.Infrastructure.ControllerActionInvoker.Next(State& next, Scope& scope, Object& state, Boolean& isCompleted)
   at Microsoft.AspNetCore.Mvc.Infrastructure.ControllerActionInvoker.<InvokeInnerFilterAsync>g__Awaited|13_0(ControllerActionInvoker invoker, Task lastTask, State next, Scope scope, Object state, Boolean isCompleted)
   at Microsoft.AspNetCore.Mvc.Infrastructure.ResourceInvoker.<InvokeFilterPipelineAsync>g__Awaited|20_0(ResourceInvoker invoker, Task lastTask, State next, Scope scope, Object state, Boolean isCompleted)
   at Microsoft.AspNetCore.Mvc.Infrastructure.ResourceInvoker.<InvokeAsync>g__Awaited|17_0(ResourceInvoker invoker, Task task, IDisposable scope)
   at Microsoft.AspNetCore.Mvc.Infrastructure.ResourceInvoker.<InvokeAsync>g__Awaited|17_0(ResourceInvoker invoker, Task task, IDisposable scope)
   at Microsoft.AspNetCore.Authorization.AuthorizationMiddleware.Invoke(HttpContext context)
   at Microsoft.AspNetCore.Authentication.AuthenticationMiddleware.Invoke(HttpContext context)
   at Serilog.AspNetCore.RequestLoggingMiddleware.Invoke(HttpContext httpContext)
   at Microsoft.AspNetCore.Diagnostics.ExceptionHandlerMiddlewareImpl.<Invoke>g__Awaited|10_0(ExceptionHandlerMiddlewareImpl middleware, HttpContext context, Task task)
2026-07-29 11:57:45.039 +05:30 [ERR] Unhandled exception
Microsoft.EntityFrameworkCore.DbUpdateConcurrencyException: The database operation was expected to affect 1 row(s), but actually affected 0 row(s); data may have been modified or deleted since entities were loaded. See https://go.microsoft.com/fwlink/?LinkId=527962 for information on understanding and handling optimistic concurrency exceptions.
   at Npgsql.EntityFrameworkCore.PostgreSQL.Update.Internal.NpgsqlModificationCommandBatch.ThrowAggregateUpdateConcurrencyExceptionAsync(RelationalDataReader reader, Int32 commandIndex, Int32 expectedRowsAffected, Int32 rowsAffected, CancellationToken cancellationToken)
   at Npgsql.EntityFrameworkCore.PostgreSQL.Update.Internal.NpgsqlModificationCommandBatch.Consume(RelationalDataReader reader, Boolean async, CancellationToken cancellationToken)
   at Microsoft.EntityFrameworkCore.Update.ReaderModificationCommandBatch.ExecuteAsync(IRelationalConnection connection, CancellationToken cancellationToken)
   at Microsoft.EntityFrameworkCore.Update.ReaderModificationCommandBatch.ExecuteAsync(IRelationalConnection connection, CancellationToken cancellationToken)
   at Microsoft.EntityFrameworkCore.Update.Internal.BatchExecutor.ExecuteAsync(IEnumerable`1 commandBatches, IRelationalConnection connection, CancellationToken cancellationToken)
   at Microsoft.EntityFrameworkCore.Update.Internal.BatchExecutor.ExecuteAsync(IEnumerable`1 commandBatches, IRelationalConnection connection, CancellationToken cancellationToken)
   at Microsoft.EntityFrameworkCore.Update.Internal.BatchExecutor.ExecuteAsync(IEnumerable`1 commandBatches, IRelationalConnection connection, CancellationToken cancellationToken)
   at Microsoft.EntityFrameworkCore.Storage.RelationalDatabase.SaveChangesAsync(IList`1 entries, CancellationToken cancellationToken)
   at Microsoft.EntityFrameworkCore.ChangeTracking.Internal.StateManager.SaveChangesAsync(IList`1 entriesToSave, CancellationToken cancellationToken)
   at Microsoft.EntityFrameworkCore.ChangeTracking.Internal.StateManager.SaveChangesAsync(StateManager stateManager, Boolean acceptAllChangesOnSuccess, CancellationToken cancellationToken)
   at Npgsql.EntityFrameworkCore.PostgreSQL.Storage.Internal.NpgsqlExecutionStrategy.ExecuteAsync[TState,TResult](TState state, Func`4 operation, Func`4 verifySucceeded, CancellationToken cancellationToken)
   at Microsoft.EntityFrameworkCore.DbContext.SaveChangesAsync(Boolean acceptAllChangesOnSuccess, CancellationToken cancellationToken)
   at FIT.Infrastructure.Persistence.FitDbContext.SaveChangesAsync(CancellationToken cancellationToken) in /Users/lalit.tak/Documents/Workspace/FIT/src/FIT.Infrastructure/Persistence/FitDbContext.cs:line 36
   at FIT.Application.Features.Issues.Commands.SubmitIssue.SubmitIssueCommandHandler.Handle(SubmitIssueCommand request, CancellationToken cancellationToken) in /Users/lalit.tak/Documents/Workspace/FIT/src/FIT.Application/Features/Issues/Commands/SubmitIssue/SubmitIssueCommandHandler.cs:line 32
   at FIT.API.Controllers.IssuesController.Submit(Guid id, CancellationToken ct) in /Users/lalit.tak/Documents/Workspace/FIT/src/FIT.API/Controllers/IssuesController.cs:line 51
   at Microsoft.AspNetCore.Mvc.Infrastructure.ActionMethodExecutor.TaskOfIActionResultExecutor.Execute(ActionContext actionContext, IActionResultTypeMapper mapper, ObjectMethodExecutor executor, Object controller, Object[] arguments)
   at Microsoft.AspNetCore.Mvc.Infrastructure.ControllerActionInvoker.<InvokeActionMethodAsync>g__Awaited|12_0(ControllerActionInvoker invoker, ValueTask`1 actionResultValueTask)
   at Microsoft.AspNetCore.Mvc.Infrastructure.ControllerActionInvoker.<InvokeNextActionFilterAsync>g__Awaited|10_0(ControllerActionInvoker invoker, Task lastTask, State next, Scope scope, Object state, Boolean isCompleted)
   at Microsoft.AspNetCore.Mvc.Infrastructure.ControllerActionInvoker.Rethrow(ActionExecutedContextSealed context)
   at Microsoft.AspNetCore.Mvc.Infrastructure.ControllerActionInvoker.Next(State& next, Scope& scope, Object& state, Boolean& isCompleted)
   at Microsoft.AspNetCore.Mvc.Infrastructure.ControllerActionInvoker.<InvokeInnerFilterAsync>g__Awaited|13_0(ControllerActionInvoker invoker, Task lastTask, State next, Scope scope, Object state, Boolean isCompleted)
   at Microsoft.AspNetCore.Mvc.Infrastructure.ResourceInvoker.<InvokeFilterPipelineAsync>g__Awaited|20_0(ResourceInvoker invoker, Task lastTask, State next, Scope scope, Object state, Boolean isCompleted)
   at Microsoft.AspNetCore.Mvc.Infrastructure.ResourceInvoker.<InvokeAsync>g__Awaited|17_0(ResourceInvoker invoker, Task task, IDisposable scope)
   at Microsoft.AspNetCore.Mvc.Infrastructure.ResourceInvoker.<InvokeAsync>g__Awaited|17_0(ResourceInvoker invoker, Task task, IDisposable scope)
   at Microsoft.AspNetCore.Authorization.AuthorizationMiddleware.Invoke(HttpContext context)
   at Microsoft.AspNetCore.Authentication.AuthenticationMiddleware.Invoke(HttpContext context)
   at Serilog.AspNetCore.RequestLoggingMiddleware.Invoke(HttpContext httpContext)
   at Microsoft.AspNetCore.Diagnostics.ExceptionHandlerMiddlewareImpl.<Invoke>g__Awaited|10_0(ExceptionHandlerMiddlewareImpl middleware, HttpContext context, Task task)
2026-07-29 11:57:45.087 +05:30 [ERR] HTTP POST /api/issues/483e8a9e-8b44-4da8-a16a-5ca967f82d01/approve responded 500 in 19.4468 ms
System.InvalidOperationException: Cannot approve issue in status Draft.
   at FIT.Domain.Entities.FieldIssue.Approve(Guid reviewerId, String comments) in /Users/lalit.tak/Documents/Workspace/FIT/src/FIT.Domain/Entities/FieldIssue.cs:line 147
   at FIT.Application.Features.Issues.Commands.ApproveIssue.ApproveIssueCommandHandler.Handle(ApproveIssueCommand request, CancellationToken cancellationToken) in /Users/lalit.tak/Documents/Workspace/FIT/src/FIT.Application/Features/Issues/Commands/ApproveIssue/ApproveIssueCommandHandler.cs:line 31
   at FIT.API.Controllers.IssuesController.Approve(Guid id, ApproveRequest req, CancellationToken ct) in /Users/lalit.tak/Documents/Workspace/FIT/src/FIT.API/Controllers/IssuesController.cs:line 59
   at Microsoft.AspNetCore.Mvc.Infrastructure.ActionMethodExecutor.TaskOfIActionResultExecutor.Execute(ActionContext actionContext, IActionResultTypeMapper mapper, ObjectMethodExecutor executor, Object controller, Object[] arguments)
   at Microsoft.AspNetCore.Mvc.Infrastructure.ControllerActionInvoker.<InvokeActionMethodAsync>g__Awaited|12_0(ControllerActionInvoker invoker, ValueTask`1 actionResultValueTask)
   at Microsoft.AspNetCore.Mvc.Infrastructure.ControllerActionInvoker.<InvokeNextActionFilterAsync>g__Awaited|10_0(ControllerActionInvoker invoker, Task lastTask, State next, Scope scope, Object state, Boolean isCompleted)
   at Microsoft.AspNetCore.Mvc.Infrastructure.ControllerActionInvoker.Rethrow(ActionExecutedContextSealed context)
   at Microsoft.AspNetCore.Mvc.Infrastructure.ControllerActionInvoker.Next(State& next, Scope& scope, Object& state, Boolean& isCompleted)
   at Microsoft.AspNetCore.Mvc.Infrastructure.ControllerActionInvoker.<InvokeInnerFilterAsync>g__Awaited|13_0(ControllerActionInvoker invoker, Task lastTask, State next, Scope scope, Object state, Boolean isCompleted)
   at Microsoft.AspNetCore.Mvc.Infrastructure.ResourceInvoker.<InvokeFilterPipelineAsync>g__Awaited|20_0(ResourceInvoker invoker, Task lastTask, State next, Scope scope, Object state, Boolean isCompleted)
   at Microsoft.AspNetCore.Mvc.Infrastructure.ResourceInvoker.<InvokeAsync>g__Awaited|17_0(ResourceInvoker invoker, Task task, IDisposable scope)
   at Microsoft.AspNetCore.Mvc.Infrastructure.ResourceInvoker.<InvokeAsync>g__Awaited|17_0(ResourceInvoker invoker, Task task, IDisposable scope)
   at Microsoft.AspNetCore.Authorization.AuthorizationMiddleware.Invoke(HttpContext context)
   at Microsoft.AspNetCore.Authentication.AuthenticationMiddleware.Invoke(HttpContext context)
   at Serilog.AspNetCore.RequestLoggingMiddleware.Invoke(HttpContext httpContext)
2026-07-29 11:57:45.089 +05:30 [ERR] An unhandled exception has occurred while executing the request.
System.InvalidOperationException: Cannot approve issue in status Draft.
   at FIT.Domain.Entities.FieldIssue.Approve(Guid reviewerId, String comments) in /Users/lalit.tak/Documents/Workspace/FIT/src/FIT.Domain/Entities/FieldIssue.cs:line 147
   at FIT.Application.Features.Issues.Commands.ApproveIssue.ApproveIssueCommandHandler.Handle(ApproveIssueCommand request, CancellationToken cancellationToken) in /Users/lalit.tak/Documents/Workspace/FIT/src/FIT.Application/Features/Issues/Commands/ApproveIssue/ApproveIssueCommandHandler.cs:line 31
   at FIT.API.Controllers.IssuesController.Approve(Guid id, ApproveRequest req, CancellationToken ct) in /Users/lalit.tak/Documents/Workspace/FIT/src/FIT.API/Controllers/IssuesController.cs:line 59
   at Microsoft.AspNetCore.Mvc.Infrastructure.ActionMethodExecutor.TaskOfIActionResultExecutor.Execute(ActionContext actionContext, IActionResultTypeMapper mapper, ObjectMethodExecutor executor, Object controller, Object[] arguments)
   at Microsoft.AspNetCore.Mvc.Infrastructure.ControllerActionInvoker.<InvokeActionMethodAsync>g__Awaited|12_0(ControllerActionInvoker invoker, ValueTask`1 actionResultValueTask)
   at Microsoft.AspNetCore.Mvc.Infrastructure.ControllerActionInvoker.<InvokeNextActionFilterAsync>g__Awaited|10_0(ControllerActionInvoker invoker, Task lastTask, State next, Scope scope, Object state, Boolean isCompleted)
   at Microsoft.AspNetCore.Mvc.Infrastructure.ControllerActionInvoker.Rethrow(ActionExecutedContextSealed context)
   at Microsoft.AspNetCore.Mvc.Infrastructure.ControllerActionInvoker.Next(State& next, Scope& scope, Object& state, Boolean& isCompleted)
   at Microsoft.AspNetCore.Mvc.Infrastructure.ControllerActionInvoker.<InvokeInnerFilterAsync>g__Awaited|13_0(ControllerActionInvoker invoker, Task lastTask, State next, Scope scope, Object state, Boolean isCompleted)
   at Microsoft.AspNetCore.Mvc.Infrastructure.ResourceInvoker.<InvokeFilterPipelineAsync>g__Awaited|20_0(ResourceInvoker invoker, Task lastTask, State next, Scope scope, Object state, Boolean isCompleted)
   at Microsoft.AspNetCore.Mvc.Infrastructure.ResourceInvoker.<InvokeAsync>g__Awaited|17_0(ResourceInvoker invoker, Task task, IDisposable scope)
   at Microsoft.AspNetCore.Mvc.Infrastructure.ResourceInvoker.<InvokeAsync>g__Awaited|17_0(ResourceInvoker invoker, Task task, IDisposable scope)
   at Microsoft.AspNetCore.Authorization.AuthorizationMiddleware.Invoke(HttpContext context)
   at Microsoft.AspNetCore.Authentication.AuthenticationMiddleware.Invoke(HttpContext context)
   at Serilog.AspNetCore.RequestLoggingMiddleware.Invoke(HttpContext httpContext)
   at Microsoft.AspNetCore.Diagnostics.ExceptionHandlerMiddlewareImpl.<Invoke>g__Awaited|10_0(ExceptionHandlerMiddlewareImpl middleware, HttpContext context, Task task)
2026-07-29 11:57:45.090 +05:30 [ERR] Unhandled exception
System.InvalidOperationException: Cannot approve issue in status Draft.
   at FIT.Domain.Entities.FieldIssue.Approve(Guid reviewerId, String comments) in /Users/lalit.tak/Documents/Workspace/FIT/src/FIT.Domain/Entities/FieldIssue.cs:line 147
   at FIT.Application.Features.Issues.Commands.ApproveIssue.ApproveIssueCommandHandler.Handle(ApproveIssueCommand request, CancellationToken cancellationToken) in /Users/lalit.tak/Documents/Workspace/FIT/src/FIT.Application/Features/Issues/Commands/ApproveIssue/ApproveIssueCommandHandler.cs:line 31
   at FIT.API.Controllers.IssuesController.Approve(Guid id, ApproveRequest req, CancellationToken ct) in /Users/lalit.tak/Documents/Workspace/FIT/src/FIT.API/Controllers/IssuesController.cs:line 59
   at Microsoft.AspNetCore.Mvc.Infrastructure.ActionMethodExecutor.TaskOfIActionResultExecutor.Execute(ActionContext actionContext, IActionResultTypeMapper mapper, ObjectMethodExecutor executor, Object controller, Object[] arguments)
   at Microsoft.AspNetCore.Mvc.Infrastructure.ControllerActionInvoker.<InvokeActionMethodAsync>g__Awaited|12_0(ControllerActionInvoker invoker, ValueTask`1 actionResultValueTask)
   at Microsoft.AspNetCore.Mvc.Infrastructure.ControllerActionInvoker.<InvokeNextActionFilterAsync>g__Awaited|10_0(ControllerActionInvoker invoker, Task lastTask, State next, Scope scope, Object state, Boolean isCompleted)
   at Microsoft.AspNetCore.Mvc.Infrastructure.ControllerActionInvoker.Rethrow(ActionExecutedContextSealed context)
   at Microsoft.AspNetCore.Mvc.Infrastructure.ControllerActionInvoker.Next(State& next, Scope& scope, Object& state, Boolean& isCompleted)
   at Microsoft.AspNetCore.Mvc.Infrastructure.ControllerActionInvoker.<InvokeInnerFilterAsync>g__Awaited|13_0(ControllerActionInvoker invoker, Task lastTask, State next, Scope scope, Object state, Boolean isCompleted)
   at Microsoft.AspNetCore.Mvc.Infrastructure.ResourceInvoker.<InvokeFilterPipelineAsync>g__Awaited|20_0(ResourceInvoker invoker, Task lastTask, State next, Scope scope, Object state, Boolean isCompleted)
   at Microsoft.AspNetCore.Mvc.Infrastructure.ResourceInvoker.<InvokeAsync>g__Awaited|17_0(ResourceInvoker invoker, Task task, IDisposable scope)
   at Microsoft.AspNetCore.Mvc.Infrastructure.ResourceInvoker.<InvokeAsync>g__Awaited|17_0(ResourceInvoker invoker, Task task, IDisposable scope)
   at Microsoft.AspNetCore.Authorization.AuthorizationMiddleware.Invoke(HttpContext context)
   at Microsoft.AspNetCore.Authentication.AuthenticationMiddleware.Invoke(HttpContext context)
   at Serilog.AspNetCore.RequestLoggingMiddleware.Invoke(HttpContext httpContext)
   at Microsoft.AspNetCore.Diagnostics.ExceptionHandlerMiddlewareImpl.<Invoke>g__Awaited|10_0(ExceptionHandlerMiddlewareImpl middleware, HttpContext context, Task task)
2026-07-29 11:58:20.585 +05:30 [INF] HTTP POST /api/auth/login responded 200 in 406.0685 ms
2026-07-29 11:58:20.624 +05:30 [ERR] HTTP POST /api/issues/483e8a9e-8b44-4da8-a16a-5ca967f82d01/submit responded 500 in 11.6785 ms
Microsoft.EntityFrameworkCore.DbUpdateConcurrencyException: The database operation was expected to affect 1 row(s), but actually affected 0 row(s); data may have been modified or deleted since entities were loaded. See https://go.microsoft.com/fwlink/?LinkId=527962 for information on understanding and handling optimistic concurrency exceptions.
   at Npgsql.EntityFrameworkCore.PostgreSQL.Update.Internal.NpgsqlModificationCommandBatch.ThrowAggregateUpdateConcurrencyExceptionAsync(RelationalDataReader reader, Int32 commandIndex, Int32 expectedRowsAffected, Int32 rowsAffected, CancellationToken cancellationToken)
   at Npgsql.EntityFrameworkCore.PostgreSQL.Update.Internal.NpgsqlModificationCommandBatch.Consume(RelationalDataReader reader, Boolean async, CancellationToken cancellationToken)
   at Microsoft.EntityFrameworkCore.Update.ReaderModificationCommandBatch.ExecuteAsync(IRelationalConnection connection, CancellationToken cancellationToken)
   at Microsoft.EntityFrameworkCore.Update.ReaderModificationCommandBatch.ExecuteAsync(IRelationalConnection connection, CancellationToken cancellationToken)
   at Microsoft.EntityFrameworkCore.Update.Internal.BatchExecutor.ExecuteAsync(IEnumerable`1 commandBatches, IRelationalConnection connection, CancellationToken cancellationToken)
   at Microsoft.EntityFrameworkCore.Update.Internal.BatchExecutor.ExecuteAsync(IEnumerable`1 commandBatches, IRelationalConnection connection, CancellationToken cancellationToken)
   at Microsoft.EntityFrameworkCore.Update.Internal.BatchExecutor.ExecuteAsync(IEnumerable`1 commandBatches, IRelationalConnection connection, CancellationToken cancellationToken)
   at Microsoft.EntityFrameworkCore.Storage.RelationalDatabase.SaveChangesAsync(IList`1 entries, CancellationToken cancellationToken)
   at Microsoft.EntityFrameworkCore.ChangeTracking.Internal.StateManager.SaveChangesAsync(IList`1 entriesToSave, CancellationToken cancellationToken)
   at Microsoft.EntityFrameworkCore.ChangeTracking.Internal.StateManager.SaveChangesAsync(StateManager stateManager, Boolean acceptAllChangesOnSuccess, CancellationToken cancellationToken)
   at Npgsql.EntityFrameworkCore.PostgreSQL.Storage.Internal.NpgsqlExecutionStrategy.ExecuteAsync[TState,TResult](TState state, Func`4 operation, Func`4 verifySucceeded, CancellationToken cancellationToken)
   at Microsoft.EntityFrameworkCore.DbContext.SaveChangesAsync(Boolean acceptAllChangesOnSuccess, CancellationToken cancellationToken)
   at FIT.Infrastructure.Persistence.FitDbContext.SaveChangesAsync(CancellationToken cancellationToken) in /Users/lalit.tak/Documents/Workspace/FIT/src/FIT.Infrastructure/Persistence/FitDbContext.cs:line 36
   at FIT.Application.Features.Issues.Commands.SubmitIssue.SubmitIssueCommandHandler.Handle(SubmitIssueCommand request, CancellationToken cancellationToken) in /Users/lalit.tak/Documents/Workspace/FIT/src/FIT.Application/Features/Issues/Commands/SubmitIssue/SubmitIssueCommandHandler.cs:line 32
   at FIT.API.Controllers.IssuesController.Submit(Guid id, CancellationToken ct) in /Users/lalit.tak/Documents/Workspace/FIT/src/FIT.API/Controllers/IssuesController.cs:line 51
   at Microsoft.AspNetCore.Mvc.Infrastructure.ActionMethodExecutor.TaskOfIActionResultExecutor.Execute(ActionContext actionContext, IActionResultTypeMapper mapper, ObjectMethodExecutor executor, Object controller, Object[] arguments)
   at Microsoft.AspNetCore.Mvc.Infrastructure.ControllerActionInvoker.<InvokeActionMethodAsync>g__Awaited|12_0(ControllerActionInvoker invoker, ValueTask`1 actionResultValueTask)
   at Microsoft.AspNetCore.Mvc.Infrastructure.ControllerActionInvoker.<InvokeNextActionFilterAsync>g__Awaited|10_0(ControllerActionInvoker invoker, Task lastTask, State next, Scope scope, Object state, Boolean isCompleted)
   at Microsoft.AspNetCore.Mvc.Infrastructure.ControllerActionInvoker.Rethrow(ActionExecutedContextSealed context)
   at Microsoft.AspNetCore.Mvc.Infrastructure.ControllerActionInvoker.Next(State& next, Scope& scope, Object& state, Boolean& isCompleted)
   at Microsoft.AspNetCore.Mvc.Infrastructure.ControllerActionInvoker.<InvokeInnerFilterAsync>g__Awaited|13_0(ControllerActionInvoker invoker, Task lastTask, State next, Scope scope, Object state, Boolean isCompleted)
   at Microsoft.AspNetCore.Mvc.Infrastructure.ResourceInvoker.<InvokeFilterPipelineAsync>g__Awaited|20_0(ResourceInvoker invoker, Task lastTask, State next, Scope scope, Object state, Boolean isCompleted)
   at Microsoft.AspNetCore.Mvc.Infrastructure.ResourceInvoker.<InvokeAsync>g__Awaited|17_0(ResourceInvoker invoker, Task task, IDisposable scope)
   at Microsoft.AspNetCore.Mvc.Infrastructure.ResourceInvoker.<InvokeAsync>g__Awaited|17_0(ResourceInvoker invoker, Task task, IDisposable scope)
   at Microsoft.AspNetCore.Authorization.AuthorizationMiddleware.Invoke(HttpContext context)
   at Microsoft.AspNetCore.Authentication.AuthenticationMiddleware.Invoke(HttpContext context)
   at Serilog.AspNetCore.RequestLoggingMiddleware.Invoke(HttpContext httpContext)
2026-07-29 11:58:20.625 +05:30 [ERR] An unhandled exception has occurred while executing the request.
Microsoft.EntityFrameworkCore.DbUpdateConcurrencyException: The database operation was expected to affect 1 row(s), but actually affected 0 row(s); data may have been modified or deleted since entities were loaded. See https://go.microsoft.com/fwlink/?LinkId=527962 for information on understanding and handling optimistic concurrency exceptions.
   at Npgsql.EntityFrameworkCore.PostgreSQL.Update.Internal.NpgsqlModificationCommandBatch.ThrowAggregateUpdateConcurrencyExceptionAsync(RelationalDataReader reader, Int32 commandIndex, Int32 expectedRowsAffected, Int32 rowsAffected, CancellationToken cancellationToken)
   at Npgsql.EntityFrameworkCore.PostgreSQL.Update.Internal.NpgsqlModificationCommandBatch.Consume(RelationalDataReader reader, Boolean async, CancellationToken cancellationToken)
   at Microsoft.EntityFrameworkCore.Update.ReaderModificationCommandBatch.ExecuteAsync(IRelationalConnection connection, CancellationToken cancellationToken)
   at Microsoft.EntityFrameworkCore.Update.ReaderModificationCommandBatch.ExecuteAsync(IRelationalConnection connection, CancellationToken cancellationToken)
   at Microsoft.EntityFrameworkCore.Update.Internal.BatchExecutor.ExecuteAsync(IEnumerable`1 commandBatches, IRelationalConnection connection, CancellationToken cancellationToken)
   at Microsoft.EntityFrameworkCore.Update.Internal.BatchExecutor.ExecuteAsync(IEnumerable`1 commandBatches, IRelationalConnection connection, CancellationToken cancellationToken)
   at Microsoft.EntityFrameworkCore.Update.Internal.BatchExecutor.ExecuteAsync(IEnumerable`1 commandBatches, IRelationalConnection connection, CancellationToken cancellationToken)
   at Microsoft.EntityFrameworkCore.Storage.RelationalDatabase.SaveChangesAsync(IList`1 entries, CancellationToken cancellationToken)
   at Microsoft.EntityFrameworkCore.ChangeTracking.Internal.StateManager.SaveChangesAsync(IList`1 entriesToSave, CancellationToken cancellationToken)
   at Microsoft.EntityFrameworkCore.ChangeTracking.Internal.StateManager.SaveChangesAsync(StateManager stateManager, Boolean acceptAllChangesOnSuccess, CancellationToken cancellationToken)
   at Npgsql.EntityFrameworkCore.PostgreSQL.Storage.Internal.NpgsqlExecutionStrategy.ExecuteAsync[TState,TResult](TState state, Func`4 operation, Func`4 verifySucceeded, CancellationToken cancellationToken)
   at Microsoft.EntityFrameworkCore.DbContext.SaveChangesAsync(Boolean acceptAllChangesOnSuccess, CancellationToken cancellationToken)
   at FIT.Infrastructure.Persistence.FitDbContext.SaveChangesAsync(CancellationToken cancellationToken) in /Users/lalit.tak/Documents/Workspace/FIT/src/FIT.Infrastructure/Persistence/FitDbContext.cs:line 36
   at FIT.Application.Features.Issues.Commands.SubmitIssue.SubmitIssueCommandHandler.Handle(SubmitIssueCommand request, CancellationToken cancellationToken) in /Users/lalit.tak/Documents/Workspace/FIT/src/FIT.Application/Features/Issues/Commands/SubmitIssue/SubmitIssueCommandHandler.cs:line 32
   at FIT.API.Controllers.IssuesController.Submit(Guid id, CancellationToken ct) in /Users/lalit.tak/Documents/Workspace/FIT/src/FIT.API/Controllers/IssuesController.cs:line 51
   at Microsoft.AspNetCore.Mvc.Infrastructure.ActionMethodExecutor.TaskOfIActionResultExecutor.Execute(ActionContext actionContext, IActionResultTypeMapper mapper, ObjectMethodExecutor executor, Object controller, Object[] arguments)
   at Microsoft.AspNetCore.Mvc.Infrastructure.ControllerActionInvoker.<InvokeActionMethodAsync>g__Awaited|12_0(ControllerActionInvoker invoker, ValueTask`1 actionResultValueTask)
   at Microsoft.AspNetCore.Mvc.Infrastructure.ControllerActionInvoker.<InvokeNextActionFilterAsync>g__Awaited|10_0(ControllerActionInvoker invoker, Task lastTask, State next, Scope scope, Object state, Boolean isCompleted)
   at Microsoft.AspNetCore.Mvc.Infrastructure.ControllerActionInvoker.Rethrow(ActionExecutedContextSealed context)
   at Microsoft.AspNetCore.Mvc.Infrastructure.ControllerActionInvoker.Next(State& next, Scope& scope, Object& state, Boolean& isCompleted)
   at Microsoft.AspNetCore.Mvc.Infrastructure.ControllerActionInvoker.<InvokeInnerFilterAsync>g__Awaited|13_0(ControllerActionInvoker invoker, Task lastTask, State next, Scope scope, Object state, Boolean isCompleted)
   at Microsoft.AspNetCore.Mvc.Infrastructure.ResourceInvoker.<InvokeFilterPipelineAsync>g__Awaited|20_0(ResourceInvoker invoker, Task lastTask, State next, Scope scope, Object state, Boolean isCompleted)
   at Microsoft.AspNetCore.Mvc.Infrastructure.ResourceInvoker.<InvokeAsync>g__Awaited|17_0(ResourceInvoker invoker, Task task, IDisposable scope)
   at Microsoft.AspNetCore.Mvc.Infrastructure.ResourceInvoker.<InvokeAsync>g__Awaited|17_0(ResourceInvoker invoker, Task task, IDisposable scope)
   at Microsoft.AspNetCore.Authorization.AuthorizationMiddleware.Invoke(HttpContext context)
   at Microsoft.AspNetCore.Authentication.AuthenticationMiddleware.Invoke(HttpContext context)
   at Serilog.AspNetCore.RequestLoggingMiddleware.Invoke(HttpContext httpContext)
   at Microsoft.AspNetCore.Diagnostics.ExceptionHandlerMiddlewareImpl.<Invoke>g__Awaited|10_0(ExceptionHandlerMiddlewareImpl middleware, HttpContext context, Task task)
2026-07-29 11:58:20.626 +05:30 [ERR] Unhandled exception
Microsoft.EntityFrameworkCore.DbUpdateConcurrencyException: The database operation was expected to affect 1 row(s), but actually affected 0 row(s); data may have been modified or deleted since entities were loaded. See https://go.microsoft.com/fwlink/?LinkId=527962 for information on understanding and handling optimistic concurrency exceptions.
   at Npgsql.EntityFrameworkCore.PostgreSQL.Update.Internal.NpgsqlModificationCommandBatch.ThrowAggregateUpdateConcurrencyExceptionAsync(RelationalDataReader reader, Int32 commandIndex, Int32 expectedRowsAffected, Int32 rowsAffected, CancellationToken cancellationToken)
   at Npgsql.EntityFrameworkCore.PostgreSQL.Update.Internal.NpgsqlModificationCommandBatch.Consume(RelationalDataReader reader, Boolean async, CancellationToken cancellationToken)
   at Microsoft.EntityFrameworkCore.Update.ReaderModificationCommandBatch.ExecuteAsync(IRelationalConnection connection, CancellationToken cancellationToken)
   at Microsoft.EntityFrameworkCore.Update.ReaderModificationCommandBatch.ExecuteAsync(IRelationalConnection connection, CancellationToken cancellationToken)
   at Microsoft.EntityFrameworkCore.Update.Internal.BatchExecutor.ExecuteAsync(IEnumerable`1 commandBatches, IRelationalConnection connection, CancellationToken cancellationToken)
   at Microsoft.EntityFrameworkCore.Update.Internal.BatchExecutor.ExecuteAsync(IEnumerable`1 commandBatches, IRelationalConnection connection, CancellationToken cancellationToken)
   at Microsoft.EntityFrameworkCore.Update.Internal.BatchExecutor.ExecuteAsync(IEnumerable`1 commandBatches, IRelationalConnection connection, CancellationToken cancellationToken)
   at Microsoft.EntityFrameworkCore.Storage.RelationalDatabase.SaveChangesAsync(IList`1 entries, CancellationToken cancellationToken)
   at Microsoft.EntityFrameworkCore.ChangeTracking.Internal.StateManager.SaveChangesAsync(IList`1 entriesToSave, CancellationToken cancellationToken)
   at Microsoft.EntityFrameworkCore.ChangeTracking.Internal.StateManager.SaveChangesAsync(StateManager stateManager, Boolean acceptAllChangesOnSuccess, CancellationToken cancellationToken)
   at Npgsql.EntityFrameworkCore.PostgreSQL.Storage.Internal.NpgsqlExecutionStrategy.ExecuteAsync[TState,TResult](TState state, Func`4 operation, Func`4 verifySucceeded, CancellationToken cancellationToken)
   at Microsoft.EntityFrameworkCore.DbContext.SaveChangesAsync(Boolean acceptAllChangesOnSuccess, CancellationToken cancellationToken)
   at FIT.Infrastructure.Persistence.FitDbContext.SaveChangesAsync(CancellationToken cancellationToken) in /Users/lalit.tak/Documents/Workspace/FIT/src/FIT.Infrastructure/Persistence/FitDbContext.cs:line 36
   at FIT.Application.Features.Issues.Commands.SubmitIssue.SubmitIssueCommandHandler.Handle(SubmitIssueCommand request, CancellationToken cancellationToken) in /Users/lalit.tak/Documents/Workspace/FIT/src/FIT.Application/Features/Issues/Commands/SubmitIssue/SubmitIssueCommandHandler.cs:line 32
   at FIT.API.Controllers.IssuesController.Submit(Guid id, CancellationToken ct) in /Users/lalit.tak/Documents/Workspace/FIT/src/FIT.API/Controllers/IssuesController.cs:line 51
   at Microsoft.AspNetCore.Mvc.Infrastructure.ActionMethodExecutor.TaskOfIActionResultExecutor.Execute(ActionContext actionContext, IActionResultTypeMapper mapper, ObjectMethodExecutor executor, Object controller, Object[] arguments)
   at Microsoft.AspNetCore.Mvc.Infrastructure.ControllerActionInvoker.<InvokeActionMethodAsync>g__Awaited|12_0(ControllerActionInvoker invoker, ValueTask`1 actionResultValueTask)
   at Microsoft.AspNetCore.Mvc.Infrastructure.ControllerActionInvoker.<InvokeNextActionFilterAsync>g__Awaited|10_0(ControllerActionInvoker invoker, Task lastTask, State next, Scope scope, Object state, Boolean isCompleted)
   at Microsoft.AspNetCore.Mvc.Infrastructure.ControllerActionInvoker.Rethrow(ActionExecutedContextSealed context)
   at Microsoft.AspNetCore.Mvc.Infrastructure.ControllerActionInvoker.Next(State& next, Scope& scope, Object& state, Boolean& isCompleted)
   at Microsoft.AspNetCore.Mvc.Infrastructure.ControllerActionInvoker.<InvokeInnerFilterAsync>g__Awaited|13_0(ControllerActionInvoker invoker, Task lastTask, State next, Scope scope, Object state, Boolean isCompleted)
   at Microsoft.AspNetCore.Mvc.Infrastructure.ResourceInvoker.<InvokeFilterPipelineAsync>g__Awaited|20_0(ResourceInvoker invoker, Task lastTask, State next, Scope scope, Object state, Boolean isCompleted)
   at Microsoft.AspNetCore.Mvc.Infrastructure.ResourceInvoker.<InvokeAsync>g__Awaited|17_0(ResourceInvoker invoker, Task task, IDisposable scope)
   at Microsoft.AspNetCore.Mvc.Infrastructure.ResourceInvoker.<InvokeAsync>g__Awaited|17_0(ResourceInvoker invoker, Task task, IDisposable scope)
   at Microsoft.AspNetCore.Authorization.AuthorizationMiddleware.Invoke(HttpContext context)
   at Microsoft.AspNetCore.Authentication.AuthenticationMiddleware.Invoke(HttpContext context)
   at Serilog.AspNetCore.RequestLoggingMiddleware.Invoke(HttpContext httpContext)
   at Microsoft.AspNetCore.Diagnostics.ExceptionHandlerMiddlewareImpl.<Invoke>g__Awaited|10_0(ExceptionHandlerMiddlewareImpl middleware, HttpContext context, Task task)
2026-07-29 11:59:52.711 +05:30 [INF] Application is shutting down...
2026-07-29 11:59:55.190 +05:30 [WRN] The WebRootPath was not found: /Users/lalit.tak/Documents/Workspace/FIT/src/FIT.API/wwwroot. Static files may be unavailable.
2026-07-29 11:59:55.307 +05:30 [INF] Now listening on: http://localhost:5000
2026-07-29 11:59:55.307 +05:30 [INF] Application started. Press Ctrl+C to shut down.
2026-07-29 11:59:55.308 +05:30 [INF] Hosting environment: Production
2026-07-29 11:59:55.308 +05:30 [INF] Content root path: /Users/lalit.tak/Documents/Workspace/FIT/src/FIT.API
2026-07-29 11:59:59.712 +05:30 [INF] Executed DbCommand (39ms) [Parameters=[@__email_0='?'], CommandType='"Text"', CommandTimeout='30']
SELECT u.id, u.created_at, u.department, u.email, u.first_name, u.is_active, u.last_login_at, u.last_name, u.password_hash, u.phone_number, u.role, u.updated_at
FROM users AS u
WHERE u.email = @__email_0
LIMIT 1
2026-07-29 12:00:00.406 +05:30 [INF] HTTP POST /api/auth/login responded 200 in 1582.4611 ms
2026-07-29 12:00:00.688 +05:30 [WRN] Compiling a query which loads related collections for more than one collection navigation, either via 'Include' or through projection, but no 'QuerySplittingBehavior' has been configured. By default, Entity Framework will use 'QuerySplittingBehavior.SingleQuery', which can potentially result in slow query performance. See https://go.microsoft.com/fwlink/?linkid=2134277 for more information. To identify the query that's triggering this warning call 'ConfigureWarnings(w => w.Throw(RelationalEventId.MultipleCollectionIncludeWarning))'.
2026-07-29 12:00:00.799 +05:30 [INF] Executed DbCommand (56ms) [Parameters=[@__id_0='?' (DbType = Guid)], CommandType='"Text"', CommandTimeout='30']
SELECT s.id, s.actual_behavior, s.approved_at, s.assigned_developer_id, s.category, s.closed_at, s.comm_type, s.created_at, s.customer_id, s.customer_site_address, s.description, s.development_started_at, s.expected_behavior, s.field_observations, s.issue_number, s.jira_key, s.jira_url, s.firmware_version, s.meter_serial, s.meter_type, s.priority, s.reporter_id, s.review_started_at, s.severity, s.status, s.steps_to_reproduce, s.submitted_at, s.summary, s.updated_at, s.validation_started_at, s.id0, s.created_at0, s.department, s.email, s.first_name, s.is_active, s.last_login_at, s.last_name, s.password_hash, s.phone_number, s.role, s.updated_at0, s.id1, s.created_at1, s.department0, s.email0, s.first_name0, s.is_active0, s.last_login_at0, s.last_name0, s.password_hash0, s.phone_number0, s.role0, s.updated_at1, s0.id, s0.comments, s0.created_at, s0.decided_at, s0.decision, s0.field_issue_id, s0.reviewer_id, s0.updated_at, s0.id0, s0.created_at0, s0.department, s0.email, s0.first_name, s0.is_active, s0.last_login_at, s0.last_name, s0.password_hash, s0.phone_number, s0.role, s0.updated_at0, s1.id, s1.author_id, s1.content, s1.created_at, s1.field_issue_id, s1.is_internal, s1.parent_comment_id, s1.updated_at, s1.id0, s1.created_at0, s1.department, s1.email, s1.first_name, s1.is_active, s1.last_login_at, s1.last_name, s1.password_hash, s1.phone_number, s1.role, s1.updated_at0, s2.id, s2.content_type, s2.created_at, s2.description, s2.field_issue_id, s2.file_name, s2.file_size_bytes, s2.original_file_name, s2.storage_path, s2.updated_at, s2.uploaded_by_id, s2.id0, s2.created_at0, s2.department, s2.email, s2.first_name, s2.is_active, s2.last_login_at, s2.last_name, s2.password_hash, s2.phone_number, s2.role, s2.updated_at0, s3.id, s3.author_id, s3.content, s3.created_at, s3.field_issue_id, s3.firmware_version, s3.fix, s3.is_resolution_note, s3.root_cause, s3.updated_at, s3.id0, s3.created_at0, s3.department, s3.email, s3.first_name, s3.is_active, s3.last_login_at, s3.last_name, s3.password_hash, s3.phone_number, s3.role, s3.updated_at0, s4.id, s4.created_at, s4.field_issue_id, s4.firmware_version_tested, s4.notes, s4.result, s4.test_environment, s4.updated_at, s4.validated_at, s4.validator_id, s4.id0, s4.created_at0, s4.department, s4.email, s4.first_name, s4.is_active, s4.last_login_at, s4.last_name, s4.password_hash, s4.phone_number, s4.role, s4.updated_at0, a1.id, a1.action, a1.created_at, a1.description, a1.field_issue_id, a1.metadata, a1.performed_by_id, a1.status_at_time, a1.updated_at
FROM (
    SELECT f.id, f.actual_behavior, f.approved_at, f.assigned_developer_id, f.category, f.closed_at, f.comm_type, f.created_at, f.customer_id, f.customer_site_address, f.description, f.development_started_at, f.expected_behavior, f.field_observations, f.issue_number, f.jira_key, f.jira_url, f.firmware_version, f.meter_serial, f.meter_type, f.priority, f.reporter_id, f.review_started_at, f.severity, f.status, f.steps_to_reproduce, f.submitted_at, f.summary, f.updated_at, f.validation_started_at, u.id AS id0, u.created_at AS created_at0, u.department, u.email, u.first_name, u.is_active, u.last_login_at, u.last_name, u.password_hash, u.phone_number, u.role, u.updated_at AS updated_at0, u0.id AS id1, u0.created_at AS created_at1, u0.department AS department0, u0.email AS email0, u0.first_name AS first_name0, u0.is_active AS is_active0, u0.last_login_at AS last_login_at0, u0.last_name AS last_name0, u0.password_hash AS password_hash0, u0.phone_number AS phone_number0, u0.role AS role0, u0.updated_at AS updated_at1
    FROM field_issues AS f
    INNER JOIN users AS u ON f.reporter_id = u.id
    LEFT JOIN users AS u0 ON f.assigned_developer_id = u0.id
    WHERE f.id = @__id_0
    LIMIT 1
) AS s
LEFT JOIN (
    SELECT a.id, a.comments, a.created_at, a.decided_at, a.decision, a.field_issue_id, a.reviewer_id, a.updated_at, u1.id AS id0, u1.created_at AS created_at0, u1.department, u1.email, u1.first_name, u1.is_active, u1.last_login_at, u1.last_name, u1.password_hash, u1.phone_number, u1.role, u1.updated_at AS updated_at0
    FROM approvals AS a
    INNER JOIN users AS u1 ON a.reviewer_id = u1.id
) AS s0 ON s.id = s0.field_issue_id
LEFT JOIN (
    SELECT c.id, c.author_id, c.content, c.created_at, c.field_issue_id, c.is_internal, c.parent_comment_id, c.updated_at, u2.id AS id0, u2.created_at AS created_at0, u2.department, u2.email, u2.first_name, u2.is_active, u2.last_login_at, u2.last_name, u2.password_hash, u2.phone_number, u2.role, u2.updated_at AS updated_at0
    FROM comments AS c
    INNER JOIN users AS u2 ON c.author_id = u2.id
) AS s1 ON s.id = s1.field_issue_id
LEFT JOIN (
    SELECT a0.id, a0.content_type, a0.created_at, a0.description, a0.field_issue_id, a0.file_name, a0.file_size_bytes, a0.original_file_name, a0.storage_path, a0.updated_at, a0.uploaded_by_id, u3.id AS id0, u3.created_at AS created_at0, u3.department, u3.email, u3.first_name, u3.is_active, u3.last_login_at, u3.last_name, u3.password_hash, u3.phone_number, u3.role, u3.updated_at AS updated_at0
    FROM attachments AS a0
    INNER JOIN users AS u3 ON a0.uploaded_by_id = u3.id
) AS s2 ON s.id = s2.field_issue_id
LEFT JOIN (
    SELECT d.id, d.author_id, d.content, d.created_at, d.field_issue_id, d.firmware_version, d.fix, d.is_resolution_note, d.root_cause, d.updated_at, u4.id AS id0, u4.created_at AS created_at0, u4.department, u4.email, u4.first_name, u4.is_active, u4.last_login_at, u4.last_name, u4.password_hash, u4.phone_number, u4.role, u4.updated_at AS updated_at0
    FROM developer_notes AS d
    INNER JOIN users AS u4 ON d.author_id = u4.id
) AS s3 ON s.id = s3.field_issue_id
LEFT JOIN (
    SELECT v.id, v.created_at, v.field_issue_id, v.firmware_version_tested, v.notes, v.result, v.test_environment, v.updated_at, v.validated_at, v.validator_id, u5.id AS id0, u5.created_at AS created_at0, u5.department, u5.email, u5.first_name, u5.is_active, u5.last_login_at, u5.last_name, u5.password_hash, u5.phone_number, u5.role, u5.updated_at AS updated_at0
    FROM validations AS v
    INNER JOIN users AS u5 ON v.validator_id = u5.id
) AS s4 ON s.id = s4.field_issue_id
LEFT JOIN activity_log AS a1 ON s.id = a1.field_issue_id
ORDER BY s.id, s.id0, s.id1, s0.id, s0.id0, s1.id, s1.id0, s2.id, s2.id0, s3.id, s3.id0, s4.id, s4.id0
2026-07-29 12:00:00.970 +05:30 [INF] Executed DbCommand (12ms) [Parameters=[@p8='?' (DbType = Guid), @p0='?', @p1='?' (DbType = DateTime), @p2='?', @p3='?' (DbType = Guid), @p4='?' (DbType = Object), @p5='?' (DbType = Guid), @p6='?', @p7='?' (DbType = DateTime), @p12='?' (DbType = Guid), @p9='?', @p10='?' (DbType = DateTime), @p11='?' (DbType = DateTime)], CommandType='"Text"', CommandTimeout='30']
UPDATE activity_log SET action = @p0, created_at = @p1, description = @p2, field_issue_id = @p3, metadata = @p4, performed_by_id = @p5, status_at_time = @p6, updated_at = @p7
WHERE id = @p8;
UPDATE field_issues SET status = @p9, submitted_at = @p10, updated_at = @p11
WHERE id = @p12;
2026-07-29 12:00:00.981 +05:30 [ERR] HTTP POST /api/issues/483e8a9e-8b44-4da8-a16a-5ca967f82d01/submit responded 500 in 425.1928 ms
Microsoft.EntityFrameworkCore.DbUpdateConcurrencyException: The database operation was expected to affect 1 row(s), but actually affected 0 row(s); data may have been modified or deleted since entities were loaded. See https://go.microsoft.com/fwlink/?LinkId=527962 for information on understanding and handling optimistic concurrency exceptions.
   at Npgsql.EntityFrameworkCore.PostgreSQL.Update.Internal.NpgsqlModificationCommandBatch.ThrowAggregateUpdateConcurrencyExceptionAsync(RelationalDataReader reader, Int32 commandIndex, Int32 expectedRowsAffected, Int32 rowsAffected, CancellationToken cancellationToken)
   at Npgsql.EntityFrameworkCore.PostgreSQL.Update.Internal.NpgsqlModificationCommandBatch.Consume(RelationalDataReader reader, Boolean async, CancellationToken cancellationToken)
   at Microsoft.EntityFrameworkCore.Update.ReaderModificationCommandBatch.ExecuteAsync(IRelationalConnection connection, CancellationToken cancellationToken)
   at Microsoft.EntityFrameworkCore.Update.ReaderModificationCommandBatch.ExecuteAsync(IRelationalConnection connection, CancellationToken cancellationToken)
   at Microsoft.EntityFrameworkCore.Update.Internal.BatchExecutor.ExecuteAsync(IEnumerable`1 commandBatches, IRelationalConnection connection, CancellationToken cancellationToken)
   at Microsoft.EntityFrameworkCore.Update.Internal.BatchExecutor.ExecuteAsync(IEnumerable`1 commandBatches, IRelationalConnection connection, CancellationToken cancellationToken)
   at Microsoft.EntityFrameworkCore.Update.Internal.BatchExecutor.ExecuteAsync(IEnumerable`1 commandBatches, IRelationalConnection connection, CancellationToken cancellationToken)
   at Microsoft.EntityFrameworkCore.Storage.RelationalDatabase.SaveChangesAsync(IList`1 entries, CancellationToken cancellationToken)
   at Microsoft.EntityFrameworkCore.ChangeTracking.Internal.StateManager.SaveChangesAsync(IList`1 entriesToSave, CancellationToken cancellationToken)
   at Microsoft.EntityFrameworkCore.ChangeTracking.Internal.StateManager.SaveChangesAsync(StateManager stateManager, Boolean acceptAllChangesOnSuccess, CancellationToken cancellationToken)
   at Npgsql.EntityFrameworkCore.PostgreSQL.Storage.Internal.NpgsqlExecutionStrategy.ExecuteAsync[TState,TResult](TState state, Func`4 operation, Func`4 verifySucceeded, CancellationToken cancellationToken)
   at Microsoft.EntityFrameworkCore.DbContext.SaveChangesAsync(Boolean acceptAllChangesOnSuccess, CancellationToken cancellationToken)
   at FIT.Infrastructure.Persistence.FitDbContext.SaveChangesAsync(CancellationToken cancellationToken) in /Users/lalit.tak/Documents/Workspace/FIT/src/FIT.Infrastructure/Persistence/FitDbContext.cs:line 36
   at FIT.Application.Features.Issues.Commands.SubmitIssue.SubmitIssueCommandHandler.Handle(SubmitIssueCommand request, CancellationToken cancellationToken) in /Users/lalit.tak/Documents/Workspace/FIT/src/FIT.Application/Features/Issues/Commands/SubmitIssue/SubmitIssueCommandHandler.cs:line 32
   at FIT.API.Controllers.IssuesController.Submit(Guid id, CancellationToken ct) in /Users/lalit.tak/Documents/Workspace/FIT/src/FIT.API/Controllers/IssuesController.cs:line 51
   at Microsoft.AspNetCore.Mvc.Infrastructure.ActionMethodExecutor.TaskOfIActionResultExecutor.Execute(ActionContext actionContext, IActionResultTypeMapper mapper, ObjectMethodExecutor executor, Object controller, Object[] arguments)
   at Microsoft.AspNetCore.Mvc.Infrastructure.ControllerActionInvoker.<InvokeActionMethodAsync>g__Awaited|12_0(ControllerActionInvoker invoker, ValueTask`1 actionResultValueTask)
   at Microsoft.AspNetCore.Mvc.Infrastructure.ControllerActionInvoker.<InvokeNextActionFilterAsync>g__Awaited|10_0(ControllerActionInvoker invoker, Task lastTask, State next, Scope scope, Object state, Boolean isCompleted)
   at Microsoft.AspNetCore.Mvc.Infrastructure.ControllerActionInvoker.Rethrow(ActionExecutedContextSealed context)
   at Microsoft.AspNetCore.Mvc.Infrastructure.ControllerActionInvoker.Next(State& next, Scope& scope, Object& state, Boolean& isCompleted)
   at Microsoft.AspNetCore.Mvc.Infrastructure.ControllerActionInvoker.<InvokeInnerFilterAsync>g__Awaited|13_0(ControllerActionInvoker invoker, Task lastTask, State next, Scope scope, Object state, Boolean isCompleted)
   at Microsoft.AspNetCore.Mvc.Infrastructure.ResourceInvoker.<InvokeFilterPipelineAsync>g__Awaited|20_0(ResourceInvoker invoker, Task lastTask, State next, Scope scope, Object state, Boolean isCompleted)
   at Microsoft.AspNetCore.Mvc.Infrastructure.ResourceInvoker.<InvokeAsync>g__Awaited|17_0(ResourceInvoker invoker, Task task, IDisposable scope)
   at Microsoft.AspNetCore.Mvc.Infrastructure.ResourceInvoker.<InvokeAsync>g__Awaited|17_0(ResourceInvoker invoker, Task task, IDisposable scope)
   at Microsoft.AspNetCore.Authorization.AuthorizationMiddleware.Invoke(HttpContext context)
   at Microsoft.AspNetCore.Authentication.AuthenticationMiddleware.Invoke(HttpContext context)
   at Serilog.AspNetCore.RequestLoggingMiddleware.Invoke(HttpContext httpContext)
2026-07-29 12:00:00.994 +05:30 [ERR] An unhandled exception has occurred while executing the request.
Microsoft.EntityFrameworkCore.DbUpdateConcurrencyException: The database operation was expected to affect 1 row(s), but actually affected 0 row(s); data may have been modified or deleted since entities were loaded. See https://go.microsoft.com/fwlink/?LinkId=527962 for information on understanding and handling optimistic concurrency exceptions.
   at Npgsql.EntityFrameworkCore.PostgreSQL.Update.Internal.NpgsqlModificationCommandBatch.ThrowAggregateUpdateConcurrencyExceptionAsync(RelationalDataReader reader, Int32 commandIndex, Int32 expectedRowsAffected, Int32 rowsAffected, CancellationToken cancellationToken)
   at Npgsql.EntityFrameworkCore.PostgreSQL.Update.Internal.NpgsqlModificationCommandBatch.Consume(RelationalDataReader reader, Boolean async, CancellationToken cancellationToken)
   at Microsoft.EntityFrameworkCore.Update.ReaderModificationCommandBatch.ExecuteAsync(IRelationalConnection connection, CancellationToken cancellationToken)
   at Microsoft.EntityFrameworkCore.Update.ReaderModificationCommandBatch.ExecuteAsync(IRelationalConnection connection, CancellationToken cancellationToken)
   at Microsoft.EntityFrameworkCore.Update.Internal.BatchExecutor.ExecuteAsync(IEnumerable`1 commandBatches, IRelationalConnection connection, CancellationToken cancellationToken)
   at Microsoft.EntityFrameworkCore.Update.Internal.BatchExecutor.ExecuteAsync(IEnumerable`1 commandBatches, IRelationalConnection connection, CancellationToken cancellationToken)
   at Microsoft.EntityFrameworkCore.Update.Internal.BatchExecutor.ExecuteAsync(IEnumerable`1 commandBatches, IRelationalConnection connection, CancellationToken cancellationToken)
   at Microsoft.EntityFrameworkCore.Storage.RelationalDatabase.SaveChangesAsync(IList`1 entries, CancellationToken cancellationToken)
   at Microsoft.EntityFrameworkCore.ChangeTracking.Internal.StateManager.SaveChangesAsync(IList`1 entriesToSave, CancellationToken cancellationToken)
   at Microsoft.EntityFrameworkCore.ChangeTracking.Internal.StateManager.SaveChangesAsync(StateManager stateManager, Boolean acceptAllChangesOnSuccess, CancellationToken cancellationToken)
   at Npgsql.EntityFrameworkCore.PostgreSQL.Storage.Internal.NpgsqlExecutionStrategy.ExecuteAsync[TState,TResult](TState state, Func`4 operation, Func`4 verifySucceeded, CancellationToken cancellationToken)
   at Microsoft.EntityFrameworkCore.DbContext.SaveChangesAsync(Boolean acceptAllChangesOnSuccess, CancellationToken cancellationToken)
   at FIT.Infrastructure.Persistence.FitDbContext.SaveChangesAsync(CancellationToken cancellationToken) in /Users/lalit.tak/Documents/Workspace/FIT/src/FIT.Infrastructure/Persistence/FitDbContext.cs:line 36
   at FIT.Application.Features.Issues.Commands.SubmitIssue.SubmitIssueCommandHandler.Handle(SubmitIssueCommand request, CancellationToken cancellationToken) in /Users/lalit.tak/Documents/Workspace/FIT/src/FIT.Application/Features/Issues/Commands/SubmitIssue/SubmitIssueCommandHandler.cs:line 32
   at FIT.API.Controllers.IssuesController.Submit(Guid id, CancellationToken ct) in /Users/lalit.tak/Documents/Workspace/FIT/src/FIT.API/Controllers/IssuesController.cs:line 51
   at Microsoft.AspNetCore.Mvc.Infrastructure.ActionMethodExecutor.TaskOfIActionResultExecutor.Execute(ActionContext actionContext, IActionResultTypeMapper mapper, ObjectMethodExecutor executor, Object controller, Object[] arguments)
   at Microsoft.AspNetCore.Mvc.Infrastructure.ControllerActionInvoker.<InvokeActionMethodAsync>g__Awaited|12_0(ControllerActionInvoker invoker, ValueTask`1 actionResultValueTask)
   at Microsoft.AspNetCore.Mvc.Infrastructure.ControllerActionInvoker.<InvokeNextActionFilterAsync>g__Awaited|10_0(ControllerActionInvoker invoker, Task lastTask, State next, Scope scope, Object state, Boolean isCompleted)
   at Microsoft.AspNetCore.Mvc.Infrastructure.ControllerActionInvoker.Rethrow(ActionExecutedContextSealed context)
   at Microsoft.AspNetCore.Mvc.Infrastructure.ControllerActionInvoker.Next(State& next, Scope& scope, Object& state, Boolean& isCompleted)
   at Microsoft.AspNetCore.Mvc.Infrastructure.ControllerActionInvoker.<InvokeInnerFilterAsync>g__Awaited|13_0(ControllerActionInvoker invoker, Task lastTask, State next, Scope scope, Object state, Boolean isCompleted)
   at Microsoft.AspNetCore.Mvc.Infrastructure.ResourceInvoker.<InvokeFilterPipelineAsync>g__Awaited|20_0(ResourceInvoker invoker, Task lastTask, State next, Scope scope, Object state, Boolean isCompleted)
   at Microsoft.AspNetCore.Mvc.Infrastructure.ResourceInvoker.<InvokeAsync>g__Awaited|17_0(ResourceInvoker invoker, Task task, IDisposable scope)
   at Microsoft.AspNetCore.Mvc.Infrastructure.ResourceInvoker.<InvokeAsync>g__Awaited|17_0(ResourceInvoker invoker, Task task, IDisposable scope)
   at Microsoft.AspNetCore.Authorization.AuthorizationMiddleware.Invoke(HttpContext context)
   at Microsoft.AspNetCore.Authentication.AuthenticationMiddleware.Invoke(HttpContext context)
   at Serilog.AspNetCore.RequestLoggingMiddleware.Invoke(HttpContext httpContext)
   at Microsoft.AspNetCore.Diagnostics.ExceptionHandlerMiddlewareImpl.<Invoke>g__Awaited|10_0(ExceptionHandlerMiddlewareImpl middleware, HttpContext context, Task task)
2026-07-29 12:00:00.996 +05:30 [ERR] Unhandled exception
Microsoft.EntityFrameworkCore.DbUpdateConcurrencyException: The database operation was expected to affect 1 row(s), but actually affected 0 row(s); data may have been modified or deleted since entities were loaded. See https://go.microsoft.com/fwlink/?LinkId=527962 for information on understanding and handling optimistic concurrency exceptions.
   at Npgsql.EntityFrameworkCore.PostgreSQL.Update.Internal.NpgsqlModificationCommandBatch.ThrowAggregateUpdateConcurrencyExceptionAsync(RelationalDataReader reader, Int32 commandIndex, Int32 expectedRowsAffected, Int32 rowsAffected, CancellationToken cancellationToken)
   at Npgsql.EntityFrameworkCore.PostgreSQL.Update.Internal.NpgsqlModificationCommandBatch.Consume(RelationalDataReader reader, Boolean async, CancellationToken cancellationToken)
   at Microsoft.EntityFrameworkCore.Update.ReaderModificationCommandBatch.ExecuteAsync(IRelationalConnection connection, CancellationToken cancellationToken)
   at Microsoft.EntityFrameworkCore.Update.ReaderModificationCommandBatch.ExecuteAsync(IRelationalConnection connection, CancellationToken cancellationToken)
   at Microsoft.EntityFrameworkCore.Update.Internal.BatchExecutor.ExecuteAsync(IEnumerable`1 commandBatches, IRelationalConnection connection, CancellationToken cancellationToken)
   at Microsoft.EntityFrameworkCore.Update.Internal.BatchExecutor.ExecuteAsync(IEnumerable`1 commandBatches, IRelationalConnection connection, CancellationToken cancellationToken)
   at Microsoft.EntityFrameworkCore.Update.Internal.BatchExecutor.ExecuteAsync(IEnumerable`1 commandBatches, IRelationalConnection connection, CancellationToken cancellationToken)
   at Microsoft.EntityFrameworkCore.Storage.RelationalDatabase.SaveChangesAsync(IList`1 entries, CancellationToken cancellationToken)
   at Microsoft.EntityFrameworkCore.ChangeTracking.Internal.StateManager.SaveChangesAsync(IList`1 entriesToSave, CancellationToken cancellationToken)
   at Microsoft.EntityFrameworkCore.ChangeTracking.Internal.StateManager.SaveChangesAsync(StateManager stateManager, Boolean acceptAllChangesOnSuccess, CancellationToken cancellationToken)
   at Npgsql.EntityFrameworkCore.PostgreSQL.Storage.Internal.NpgsqlExecutionStrategy.ExecuteAsync[TState,TResult](TState state, Func`4 operation, Func`4 verifySucceeded, CancellationToken cancellationToken)
   at Microsoft.EntityFrameworkCore.DbContext.SaveChangesAsync(Boolean acceptAllChangesOnSuccess, CancellationToken cancellationToken)
   at FIT.Infrastructure.Persistence.FitDbContext.SaveChangesAsync(CancellationToken cancellationToken) in /Users/lalit.tak/Documents/Workspace/FIT/src/FIT.Infrastructure/Persistence/FitDbContext.cs:line 36
   at FIT.Application.Features.Issues.Commands.SubmitIssue.SubmitIssueCommandHandler.Handle(SubmitIssueCommand request, CancellationToken cancellationToken) in /Users/lalit.tak/Documents/Workspace/FIT/src/FIT.Application/Features/Issues/Commands/SubmitIssue/SubmitIssueCommandHandler.cs:line 32
   at FIT.API.Controllers.IssuesController.Submit(Guid id, CancellationToken ct) in /Users/lalit.tak/Documents/Workspace/FIT/src/FIT.API/Controllers/IssuesController.cs:line 51
   at Microsoft.AspNetCore.Mvc.Infrastructure.ActionMethodExecutor.TaskOfIActionResultExecutor.Execute(ActionContext actionContext, IActionResultTypeMapper mapper, ObjectMethodExecutor executor, Object controller, Object[] arguments)
   at Microsoft.AspNetCore.Mvc.Infrastructure.ControllerActionInvoker.<InvokeActionMethodAsync>g__Awaited|12_0(ControllerActionInvoker invoker, ValueTask`1 actionResultValueTask)
   at Microsoft.AspNetCore.Mvc.Infrastructure.ControllerActionInvoker.<InvokeNextActionFilterAsync>g__Awaited|10_0(ControllerActionInvoker invoker, Task lastTask, State next, Scope scope, Object state, Boolean isCompleted)
   at Microsoft.AspNetCore.Mvc.Infrastructure.ControllerActionInvoker.Rethrow(ActionExecutedContextSealed context)
   at Microsoft.AspNetCore.Mvc.Infrastructure.ControllerActionInvoker.Next(State& next, Scope& scope, Object& state, Boolean& isCompleted)
   at Microsoft.AspNetCore.Mvc.Infrastructure.ControllerActionInvoker.<InvokeInnerFilterAsync>g__Awaited|13_0(ControllerActionInvoker invoker, Task lastTask, State next, Scope scope, Object state, Boolean isCompleted)
   at Microsoft.AspNetCore.Mvc.Infrastructure.ResourceInvoker.<InvokeFilterPipelineAsync>g__Awaited|20_0(ResourceInvoker invoker, Task lastTask, State next, Scope scope, Object state, Boolean isCompleted)
   at Microsoft.AspNetCore.Mvc.Infrastructure.ResourceInvoker.<InvokeAsync>g__Awaited|17_0(ResourceInvoker invoker, Task task, IDisposable scope)
   at Microsoft.AspNetCore.Mvc.Infrastructure.ResourceInvoker.<InvokeAsync>g__Awaited|17_0(ResourceInvoker invoker, Task task, IDisposable scope)
   at Microsoft.AspNetCore.Authorization.AuthorizationMiddleware.Invoke(HttpContext context)
   at Microsoft.AspNetCore.Authentication.AuthenticationMiddleware.Invoke(HttpContext context)
   at Serilog.AspNetCore.RequestLoggingMiddleware.Invoke(HttpContext httpContext)
   at Microsoft.AspNetCore.Diagnostics.ExceptionHandlerMiddlewareImpl.<Invoke>g__Awaited|10_0(ExceptionHandlerMiddlewareImpl middleware, HttpContext context, Task task)
2026-07-29 12:04:34.573 +05:30 [INF] Executed DbCommand (27ms) [Parameters=[@__id_0='?' (DbType = Guid)], CommandType='"Text"', CommandTimeout='30']
SELECT s.id, s.actual_behavior, s.approved_at, s.assigned_developer_id, s.category, s.closed_at, s.comm_type, s.created_at, s.customer_id, s.customer_site_address, s.description, s.development_started_at, s.expected_behavior, s.field_observations, s.issue_number, s.jira_key, s.jira_url, s.firmware_version, s.meter_serial, s.meter_type, s.priority, s.reporter_id, s.review_started_at, s.severity, s.status, s.steps_to_reproduce, s.submitted_at, s.summary, s.updated_at, s.validation_started_at, s.id0, s.created_at0, s.department, s.email, s.first_name, s.is_active, s.last_login_at, s.last_name, s.password_hash, s.phone_number, s.role, s.updated_at0, s.id1, s.created_at1, s.department0, s.email0, s.first_name0, s.is_active0, s.last_login_at0, s.last_name0, s.password_hash0, s.phone_number0, s.role0, s.updated_at1, s0.id, s0.comments, s0.created_at, s0.decided_at, s0.decision, s0.field_issue_id, s0.reviewer_id, s0.updated_at, s0.id0, s0.created_at0, s0.department, s0.email, s0.first_name, s0.is_active, s0.last_login_at, s0.last_name, s0.password_hash, s0.phone_number, s0.role, s0.updated_at0, s1.id, s1.author_id, s1.content, s1.created_at, s1.field_issue_id, s1.is_internal, s1.parent_comment_id, s1.updated_at, s1.id0, s1.created_at0, s1.department, s1.email, s1.first_name, s1.is_active, s1.last_login_at, s1.last_name, s1.password_hash, s1.phone_number, s1.role, s1.updated_at0, s2.id, s2.content_type, s2.created_at, s2.description, s2.field_issue_id, s2.file_name, s2.file_size_bytes, s2.original_file_name, s2.storage_path, s2.updated_at, s2.uploaded_by_id, s2.id0, s2.created_at0, s2.department, s2.email, s2.first_name, s2.is_active, s2.last_login_at, s2.last_name, s2.password_hash, s2.phone_number, s2.role, s2.updated_at0, s3.id, s3.author_id, s3.content, s3.created_at, s3.field_issue_id, s3.firmware_version, s3.fix, s3.is_resolution_note, s3.root_cause, s3.updated_at, s3.id0, s3.created_at0, s3.department, s3.email, s3.first_name, s3.is_active, s3.last_login_at, s3.last_name, s3.password_hash, s3.phone_number, s3.role, s3.updated_at0, s4.id, s4.created_at, s4.field_issue_id, s4.firmware_version_tested, s4.notes, s4.result, s4.test_environment, s4.updated_at, s4.validated_at, s4.validator_id, s4.id0, s4.created_at0, s4.department, s4.email, s4.first_name, s4.is_active, s4.last_login_at, s4.last_name, s4.password_hash, s4.phone_number, s4.role, s4.updated_at0, a1.id, a1.action, a1.created_at, a1.description, a1.field_issue_id, a1.metadata, a1.performed_by_id, a1.status_at_time, a1.updated_at
FROM (
    SELECT f.id, f.actual_behavior, f.approved_at, f.assigned_developer_id, f.category, f.closed_at, f.comm_type, f.created_at, f.customer_id, f.customer_site_address, f.description, f.development_started_at, f.expected_behavior, f.field_observations, f.issue_number, f.jira_key, f.jira_url, f.firmware_version, f.meter_serial, f.meter_type, f.priority, f.reporter_id, f.review_started_at, f.severity, f.status, f.steps_to_reproduce, f.submitted_at, f.summary, f.updated_at, f.validation_started_at, u.id AS id0, u.created_at AS created_at0, u.department, u.email, u.first_name, u.is_active, u.last_login_at, u.last_name, u.password_hash, u.phone_number, u.role, u.updated_at AS updated_at0, u0.id AS id1, u0.created_at AS created_at1, u0.department AS department0, u0.email AS email0, u0.first_name AS first_name0, u0.is_active AS is_active0, u0.last_login_at AS last_login_at0, u0.last_name AS last_name0, u0.password_hash AS password_hash0, u0.phone_number AS phone_number0, u0.role AS role0, u0.updated_at AS updated_at1
    FROM field_issues AS f
    INNER JOIN users AS u ON f.reporter_id = u.id
    LEFT JOIN users AS u0 ON f.assigned_developer_id = u0.id
    WHERE f.id = @__id_0
    LIMIT 1
) AS s
LEFT JOIN (
    SELECT a.id, a.comments, a.created_at, a.decided_at, a.decision, a.field_issue_id, a.reviewer_id, a.updated_at, u1.id AS id0, u1.created_at AS created_at0, u1.department, u1.email, u1.first_name, u1.is_active, u1.last_login_at, u1.last_name, u1.password_hash, u1.phone_number, u1.role, u1.updated_at AS updated_at0
    FROM approvals AS a
    INNER JOIN users AS u1 ON a.reviewer_id = u1.id
) AS s0 ON s.id = s0.field_issue_id
LEFT JOIN (
    SELECT c.id, c.author_id, c.content, c.created_at, c.field_issue_id, c.is_internal, c.parent_comment_id, c.updated_at, u2.id AS id0, u2.created_at AS created_at0, u2.department, u2.email, u2.first_name, u2.is_active, u2.last_login_at, u2.last_name, u2.password_hash, u2.phone_number, u2.role, u2.updated_at AS updated_at0
    FROM comments AS c
    INNER JOIN users AS u2 ON c.author_id = u2.id
) AS s1 ON s.id = s1.field_issue_id
LEFT JOIN (
    SELECT a0.id, a0.content_type, a0.created_at, a0.description, a0.field_issue_id, a0.file_name, a0.file_size_bytes, a0.original_file_name, a0.storage_path, a0.updated_at, a0.uploaded_by_id, u3.id AS id0, u3.created_at AS created_at0, u3.department, u3.email, u3.first_name, u3.is_active, u3.last_login_at, u3.last_name, u3.password_hash, u3.phone_number, u3.role, u3.updated_at AS updated_at0
    FROM attachments AS a0
    INNER JOIN users AS u3 ON a0.uploaded_by_id = u3.id
) AS s2 ON s.id = s2.field_issue_id
LEFT JOIN (
    SELECT d.id, d.author_id, d.content, d.created_at, d.field_issue_id, d.firmware_version, d.fix, d.is_resolution_note, d.root_cause, d.updated_at, u4.id AS id0, u4.created_at AS created_at0, u4.department, u4.email, u4.first_name, u4.is_active, u4.last_login_at, u4.last_name, u4.password_hash, u4.phone_number, u4.role, u4.updated_at AS updated_at0
    FROM developer_notes AS d
    INNER JOIN users AS u4 ON d.author_id = u4.id
) AS s3 ON s.id = s3.field_issue_id
LEFT JOIN (
    SELECT v.id, v.created_at, v.field_issue_id, v.firmware_version_tested, v.notes, v.result, v.test_environment, v.updated_at, v.validated_at, v.validator_id, u5.id AS id0, u5.created_at AS created_at0, u5.department, u5.email, u5.first_name, u5.is_active, u5.last_login_at, u5.last_name, u5.password_hash, u5.phone_number, u5.role, u5.updated_at AS updated_at0
    FROM validations AS v
    INNER JOIN users AS u5 ON v.validator_id = u5.id
) AS s4 ON s.id = s4.field_issue_id
LEFT JOIN activity_log AS a1 ON s.id = a1.field_issue_id
ORDER BY s.id, s.id0, s.id1, s0.id, s0.id0, s1.id, s1.id0, s2.id, s2.id0, s3.id, s3.id0, s4.id, s4.id0
2026-07-29 12:04:34.632 +05:30 [INF] HTTP GET /api/issues/c86c0d22-56b3-4f59-bda2-11c0bd0605d1 responded 200 in 172.6884 ms
2026-07-29 12:08:08.385 +05:30 [INF] Executed DbCommand (85ms) [Parameters=[], CommandType='"Text"', CommandTimeout='30']
SELECT count(*)::int
FROM field_issues AS f
2026-07-29 12:08:08.422 +05:30 [INF] Executed DbCommand (13ms) [Parameters=[@__p_1='?' (DbType = Int32), @__p_0='?' (DbType = Int32)], CommandType='"Text"', CommandTimeout='30']
SELECT f0.id, f0.actual_behavior, f0.approved_at, f0.assigned_developer_id, f0.category, f0.closed_at, f0.comm_type, f0.created_at, f0.customer_id, f0.customer_site_address, f0.description, f0.development_started_at, f0.expected_behavior, f0.field_observations, f0.issue_number, f0.jira_key, f0.jira_url, f0.firmware_version, f0.meter_serial, f0.meter_type, f0.priority, f0.reporter_id, f0.review_started_at, f0.severity, f0.status, f0.steps_to_reproduce, f0.submitted_at, f0.summary, f0.updated_at, f0.validation_started_at, u.id, u.created_at, u.department, u.email, u.first_name, u.is_active, u.last_login_at, u.last_name, u.password_hash, u.phone_number, u.role, u.updated_at, u0.id, u0.created_at, u0.department, u0.email, u0.first_name, u0.is_active, u0.last_login_at, u0.last_name, u0.password_hash, u0.phone_number, u0.role, u0.updated_at
FROM (
    SELECT f.id, f.actual_behavior, f.approved_at, f.assigned_developer_id, f.category, f.closed_at, f.comm_type, f.created_at, f.customer_id, f.customer_site_address, f.description, f.development_started_at, f.expected_behavior, f.field_observations, f.issue_number, f.jira_key, f.jira_url, f.firmware_version, f.meter_serial, f.meter_type, f.priority, f.reporter_id, f.review_started_at, f.severity, f.status, f.steps_to_reproduce, f.submitted_at, f.summary, f.updated_at, f.validation_started_at
    FROM field_issues AS f
    ORDER BY f.created_at DESC
    LIMIT @__p_1 OFFSET @__p_0
) AS f0
INNER JOIN users AS u ON f0.reporter_id = u.id
LEFT JOIN users AS u0 ON f0.assigned_developer_id = u0.id
ORDER BY f0.created_at DESC
2026-07-29 12:08:08.433 +05:30 [INF] HTTP GET /api/dashboard responded 200 in 244.6433 ms
2026-07-29 12:08:16.994 +05:30 [INF] Executed DbCommand (26ms) [Parameters=[@__id_0='?' (DbType = Guid)], CommandType='"Text"', CommandTimeout='30']
SELECT s.id, s.actual_behavior, s.approved_at, s.assigned_developer_id, s.category, s.closed_at, s.comm_type, s.created_at, s.customer_id, s.customer_site_address, s.description, s.development_started_at, s.expected_behavior, s.field_observations, s.issue_number, s.jira_key, s.jira_url, s.firmware_version, s.meter_serial, s.meter_type, s.priority, s.reporter_id, s.review_started_at, s.severity, s.status, s.steps_to_reproduce, s.submitted_at, s.summary, s.updated_at, s.validation_started_at, s.id0, s.created_at0, s.department, s.email, s.first_name, s.is_active, s.last_login_at, s.last_name, s.password_hash, s.phone_number, s.role, s.updated_at0, s.id1, s.created_at1, s.department0, s.email0, s.first_name0, s.is_active0, s.last_login_at0, s.last_name0, s.password_hash0, s.phone_number0, s.role0, s.updated_at1, s0.id, s0.comments, s0.created_at, s0.decided_at, s0.decision, s0.field_issue_id, s0.reviewer_id, s0.updated_at, s0.id0, s0.created_at0, s0.department, s0.email, s0.first_name, s0.is_active, s0.last_login_at, s0.last_name, s0.password_hash, s0.phone_number, s0.role, s0.updated_at0, s1.id, s1.author_id, s1.content, s1.created_at, s1.field_issue_id, s1.is_internal, s1.parent_comment_id, s1.updated_at, s1.id0, s1.created_at0, s1.department, s1.email, s1.first_name, s1.is_active, s1.last_login_at, s1.last_name, s1.password_hash, s1.phone_number, s1.role, s1.updated_at0, s2.id, s2.content_type, s2.created_at, s2.description, s2.field_issue_id, s2.file_name, s2.file_size_bytes, s2.original_file_name, s2.storage_path, s2.updated_at, s2.uploaded_by_id, s2.id0, s2.created_at0, s2.department, s2.email, s2.first_name, s2.is_active, s2.last_login_at, s2.last_name, s2.password_hash, s2.phone_number, s2.role, s2.updated_at0, s3.id, s3.author_id, s3.content, s3.created_at, s3.field_issue_id, s3.firmware_version, s3.fix, s3.is_resolution_note, s3.root_cause, s3.updated_at, s3.id0, s3.created_at0, s3.department, s3.email, s3.first_name, s3.is_active, s3.last_login_at, s3.last_name, s3.password_hash, s3.phone_number, s3.role, s3.updated_at0, s4.id, s4.created_at, s4.field_issue_id, s4.firmware_version_tested, s4.notes, s4.result, s4.test_environment, s4.updated_at, s4.validated_at, s4.validator_id, s4.id0, s4.created_at0, s4.department, s4.email, s4.first_name, s4.is_active, s4.last_login_at, s4.last_name, s4.password_hash, s4.phone_number, s4.role, s4.updated_at0, a1.id, a1.action, a1.created_at, a1.description, a1.field_issue_id, a1.metadata, a1.performed_by_id, a1.status_at_time, a1.updated_at
FROM (
    SELECT f.id, f.actual_behavior, f.approved_at, f.assigned_developer_id, f.category, f.closed_at, f.comm_type, f.created_at, f.customer_id, f.customer_site_address, f.description, f.development_started_at, f.expected_behavior, f.field_observations, f.issue_number, f.jira_key, f.jira_url, f.firmware_version, f.meter_serial, f.meter_type, f.priority, f.reporter_id, f.review_started_at, f.severity, f.status, f.steps_to_reproduce, f.submitted_at, f.summary, f.updated_at, f.validation_started_at, u.id AS id0, u.created_at AS created_at0, u.department, u.email, u.first_name, u.is_active, u.last_login_at, u.last_name, u.password_hash, u.phone_number, u.role, u.updated_at AS updated_at0, u0.id AS id1, u0.created_at AS created_at1, u0.department AS department0, u0.email AS email0, u0.first_name AS first_name0, u0.is_active AS is_active0, u0.last_login_at AS last_login_at0, u0.last_name AS last_name0, u0.password_hash AS password_hash0, u0.phone_number AS phone_number0, u0.role AS role0, u0.updated_at AS updated_at1
    FROM field_issues AS f
    INNER JOIN users AS u ON f.reporter_id = u.id
    LEFT JOIN users AS u0 ON f.assigned_developer_id = u0.id
    WHERE f.id = @__id_0
    LIMIT 1
) AS s
LEFT JOIN (
    SELECT a.id, a.comments, a.created_at, a.decided_at, a.decision, a.field_issue_id, a.reviewer_id, a.updated_at, u1.id AS id0, u1.created_at AS created_at0, u1.department, u1.email, u1.first_name, u1.is_active, u1.last_login_at, u1.last_name, u1.password_hash, u1.phone_number, u1.role, u1.updated_at AS updated_at0
    FROM approvals AS a
    INNER JOIN users AS u1 ON a.reviewer_id = u1.id
) AS s0 ON s.id = s0.field_issue_id
LEFT JOIN (
    SELECT c.id, c.author_id, c.content, c.created_at, c.field_issue_id, c.is_internal, c.parent_comment_id, c.updated_at, u2.id AS id0, u2.created_at AS created_at0, u2.department, u2.email, u2.first_name, u2.is_active, u2.last_login_at, u2.last_name, u2.password_hash, u2.phone_number, u2.role, u2.updated_at AS updated_at0
    FROM comments AS c
    INNER JOIN users AS u2 ON c.author_id = u2.id
) AS s1 ON s.id = s1.field_issue_id
LEFT JOIN (
    SELECT a0.id, a0.content_type, a0.created_at, a0.description, a0.field_issue_id, a0.file_name, a0.file_size_bytes, a0.original_file_name, a0.storage_path, a0.updated_at, a0.uploaded_by_id, u3.id AS id0, u3.created_at AS created_at0, u3.department, u3.email, u3.first_name, u3.is_active, u3.last_login_at, u3.last_name, u3.password_hash, u3.phone_number, u3.role, u3.updated_at AS updated_at0
    FROM attachments AS a0
    INNER JOIN users AS u3 ON a0.uploaded_by_id = u3.id
) AS s2 ON s.id = s2.field_issue_id
LEFT JOIN (
    SELECT d.id, d.author_id, d.content, d.created_at, d.field_issue_id, d.firmware_version, d.fix, d.is_resolution_note, d.root_cause, d.updated_at, u4.id AS id0, u4.created_at AS created_at0, u4.department, u4.email, u4.first_name, u4.is_active, u4.last_login_at, u4.last_name, u4.password_hash, u4.phone_number, u4.role, u4.updated_at AS updated_at0
    FROM developer_notes AS d
    INNER JOIN users AS u4 ON d.author_id = u4.id
) AS s3 ON s.id = s3.field_issue_id
LEFT JOIN (
    SELECT v.id, v.created_at, v.field_issue_id, v.firmware_version_tested, v.notes, v.result, v.test_environment, v.updated_at, v.validated_at, v.validator_id, u5.id AS id0, u5.created_at AS created_at0, u5.department, u5.email, u5.first_name, u5.is_active, u5.last_login_at, u5.last_name, u5.password_hash, u5.phone_number, u5.role, u5.updated_at AS updated_at0
    FROM validations AS v
    INNER JOIN users AS u5 ON v.validator_id = u5.id
) AS s4 ON s.id = s4.field_issue_id
LEFT JOIN activity_log AS a1 ON s.id = a1.field_issue_id
ORDER BY s.id, s.id0, s.id1, s0.id, s0.id0, s1.id, s1.id0, s2.id, s2.id0, s3.id, s3.id0, s4.id, s4.id0
2026-07-29 12:08:16.999 +05:30 [INF] HTTP GET /api/issues/483e8a9e-8b44-4da8-a16a-5ca967f82d01 responded 200 in 34.2609 ms
2026-07-29 12:09:02.180 +05:30 [INF] Application is shutting down...
2026-07-29 12:09:05.258 +05:30 [WRN] The WebRootPath was not found: /Users/lalit.tak/Documents/Workspace/FIT/src/FIT.API/wwwroot. Static files may be unavailable.
2026-07-29 12:09:05.372 +05:30 [INF] Now listening on: http://localhost:5000
2026-07-29 12:09:05.373 +05:30 [INF] Application started. Press Ctrl+C to shut down.
2026-07-29 12:09:05.373 +05:30 [INF] Hosting environment: Production
2026-07-29 12:09:05.373 +05:30 [INF] Content root path: /Users/lalit.tak/Documents/Workspace/FIT/src/FIT.API
2026-07-29 12:09:09.167 +05:30 [INF] Executed DbCommand (37ms) [Parameters=[@__email_0='?'], CommandType='"Text"', CommandTimeout='30']
SELECT u.id, u.created_at, u.department, u.email, u.first_name, u.is_active, u.last_login_at, u.last_name, u.password_hash, u.phone_number, u.role, u.updated_at
FROM users AS u
WHERE u.email = @__email_0
LIMIT 1
2026-07-29 12:09:09.873 +05:30 [INF] HTTP POST /api/auth/login responded 200 in 1597.4981 ms
2026-07-29 12:09:10.223 +05:30 [INF] Executed DbCommand (87ms) [Parameters=[@p0='?' (DbType = Guid), @p1='?', @p2='?' (DbType = DateTime), @p3='?' (DbType = Guid), @p4='?', @p5='?' (DbType = DateTime), @p6='?', @p7='?' (DbType = DateTime), @p8='?' (DbType = Guid), @p9='?', @p10='?', @p11='?' (DbType = DateTime), @p12='?', @p13='?', @p14='?', @p15='?', @p16='?', @p17='?', @p18='?', @p19='?', @p20='?', @p21='?' (DbType = Guid), @p22='?' (DbType = DateTime), @p23='?', @p24='?', @p25='?', @p26='?' (DbType = DateTime), @p27='?', @p28='?' (DbType = DateTime), @p29='?' (DbType = DateTime)], CommandType='"Text"', CommandTimeout='30']
INSERT INTO field_issues (id, actual_behavior, approved_at, assigned_developer_id, category, closed_at, comm_type, created_at, customer_id, customer_site_address, description, development_started_at, expected_behavior, field_observations, issue_number, jira_key, jira_url, firmware_version, meter_serial, meter_type, priority, reporter_id, review_started_at, severity, status, steps_to_reproduce, submitted_at, summary, updated_at, validation_started_at)
VALUES (@p0, @p1, @p2, @p3, @p4, @p5, @p6, @p7, @p8, @p9, @p10, @p11, @p12, @p13, @p14, @p15, @p16, @p17, @p18, @p19, @p20, @p21, @p22, @p23, @p24, @p25, @p26, @p27, @p28, @p29);
2026-07-29 12:09:10.309 +05:30 [WRN] Compiling a query which loads related collections for more than one collection navigation, either via 'Include' or through projection, but no 'QuerySplittingBehavior' has been configured. By default, Entity Framework will use 'QuerySplittingBehavior.SingleQuery', which can potentially result in slow query performance. See https://go.microsoft.com/fwlink/?linkid=2134277 for more information. To identify the query that's triggering this warning call 'ConfigureWarnings(w => w.Throw(RelationalEventId.MultipleCollectionIncludeWarning))'.
2026-07-29 12:09:10.413 +05:30 [INF] Executed DbCommand (51ms) [Parameters=[@__id_0='?' (DbType = Guid)], CommandType='"Text"', CommandTimeout='30']
SELECT s.id, s.actual_behavior, s.approved_at, s.assigned_developer_id, s.category, s.closed_at, s.comm_type, s.created_at, s.customer_id, s.customer_site_address, s.description, s.development_started_at, s.expected_behavior, s.field_observations, s.issue_number, s.jira_key, s.jira_url, s.firmware_version, s.meter_serial, s.meter_type, s.priority, s.reporter_id, s.review_started_at, s.severity, s.status, s.steps_to_reproduce, s.submitted_at, s.summary, s.updated_at, s.validation_started_at, s.id0, s.created_at0, s.department, s.email, s.first_name, s.is_active, s.last_login_at, s.last_name, s.password_hash, s.phone_number, s.role, s.updated_at0, s.id1, s.created_at1, s.department0, s.email0, s.first_name0, s.is_active0, s.last_login_at0, s.last_name0, s.password_hash0, s.phone_number0, s.role0, s.updated_at1, s0.id, s0.comments, s0.created_at, s0.decided_at, s0.decision, s0.field_issue_id, s0.reviewer_id, s0.updated_at, s0.id0, s0.created_at0, s0.department, s0.email, s0.first_name, s0.is_active, s0.last_login_at, s0.last_name, s0.password_hash, s0.phone_number, s0.role, s0.updated_at0, s1.id, s1.author_id, s1.content, s1.created_at, s1.field_issue_id, s1.is_internal, s1.parent_comment_id, s1.updated_at, s1.id0, s1.created_at0, s1.department, s1.email, s1.first_name, s1.is_active, s1.last_login_at, s1.last_name, s1.password_hash, s1.phone_number, s1.role, s1.updated_at0, s2.id, s2.content_type, s2.created_at, s2.description, s2.field_issue_id, s2.file_name, s2.file_size_bytes, s2.original_file_name, s2.storage_path, s2.updated_at, s2.uploaded_by_id, s2.id0, s2.created_at0, s2.department, s2.email, s2.first_name, s2.is_active, s2.last_login_at, s2.last_name, s2.password_hash, s2.phone_number, s2.role, s2.updated_at0, s3.id, s3.author_id, s3.content, s3.created_at, s3.field_issue_id, s3.firmware_version, s3.fix, s3.is_resolution_note, s3.root_cause, s3.updated_at, s3.id0, s3.created_at0, s3.department, s3.email, s3.first_name, s3.is_active, s3.last_login_at, s3.last_name, s3.password_hash, s3.phone_number, s3.role, s3.updated_at0, s4.id, s4.created_at, s4.field_issue_id, s4.firmware_version_tested, s4.notes, s4.result, s4.test_environment, s4.updated_at, s4.validated_at, s4.validator_id, s4.id0, s4.created_at0, s4.department, s4.email, s4.first_name, s4.is_active, s4.last_login_at, s4.last_name, s4.password_hash, s4.phone_number, s4.role, s4.updated_at0, a1.id, a1.action, a1.created_at, a1.description, a1.field_issue_id, a1.metadata, a1.performed_by_id, a1.status_at_time, a1.updated_at
FROM (
    SELECT f.id, f.actual_behavior, f.approved_at, f.assigned_developer_id, f.category, f.closed_at, f.comm_type, f.created_at, f.customer_id, f.customer_site_address, f.description, f.development_started_at, f.expected_behavior, f.field_observations, f.issue_number, f.jira_key, f.jira_url, f.firmware_version, f.meter_serial, f.meter_type, f.priority, f.reporter_id, f.review_started_at, f.severity, f.status, f.steps_to_reproduce, f.submitted_at, f.summary, f.updated_at, f.validation_started_at, u.id AS id0, u.created_at AS created_at0, u.department, u.email, u.first_name, u.is_active, u.last_login_at, u.last_name, u.password_hash, u.phone_number, u.role, u.updated_at AS updated_at0, u0.id AS id1, u0.created_at AS created_at1, u0.department AS department0, u0.email AS email0, u0.first_name AS first_name0, u0.is_active AS is_active0, u0.last_login_at AS last_login_at0, u0.last_name AS last_name0, u0.password_hash AS password_hash0, u0.phone_number AS phone_number0, u0.role AS role0, u0.updated_at AS updated_at1
    FROM field_issues AS f
    INNER JOIN users AS u ON f.reporter_id = u.id
    LEFT JOIN users AS u0 ON f.assigned_developer_id = u0.id
    WHERE f.id = @__id_0
    LIMIT 1
) AS s
LEFT JOIN (
    SELECT a.id, a.comments, a.created_at, a.decided_at, a.decision, a.field_issue_id, a.reviewer_id, a.updated_at, u1.id AS id0, u1.created_at AS created_at0, u1.department, u1.email, u1.first_name, u1.is_active, u1.last_login_at, u1.last_name, u1.password_hash, u1.phone_number, u1.role, u1.updated_at AS updated_at0
    FROM approvals AS a
    INNER JOIN users AS u1 ON a.reviewer_id = u1.id
) AS s0 ON s.id = s0.field_issue_id
LEFT JOIN (
    SELECT c.id, c.author_id, c.content, c.created_at, c.field_issue_id, c.is_internal, c.parent_comment_id, c.updated_at, u2.id AS id0, u2.created_at AS created_at0, u2.department, u2.email, u2.first_name, u2.is_active, u2.last_login_at, u2.last_name, u2.password_hash, u2.phone_number, u2.role, u2.updated_at AS updated_at0
    FROM comments AS c
    INNER JOIN users AS u2 ON c.author_id = u2.id
) AS s1 ON s.id = s1.field_issue_id
LEFT JOIN (
    SELECT a0.id, a0.content_type, a0.created_at, a0.description, a0.field_issue_id, a0.file_name, a0.file_size_bytes, a0.original_file_name, a0.storage_path, a0.updated_at, a0.uploaded_by_id, u3.id AS id0, u3.created_at AS created_at0, u3.department, u3.email, u3.first_name, u3.is_active, u3.last_login_at, u3.last_name, u3.password_hash, u3.phone_number, u3.role, u3.updated_at AS updated_at0
    FROM attachments AS a0
    INNER JOIN users AS u3 ON a0.uploaded_by_id = u3.id
) AS s2 ON s.id = s2.field_issue_id
LEFT JOIN (
    SELECT d.id, d.author_id, d.content, d.created_at, d.field_issue_id, d.firmware_version, d.fix, d.is_resolution_note, d.root_cause, d.updated_at, u4.id AS id0, u4.created_at AS created_at0, u4.department, u4.email, u4.first_name, u4.is_active, u4.last_login_at, u4.last_name, u4.password_hash, u4.phone_number, u4.role, u4.updated_at AS updated_at0
    FROM developer_notes AS d
    INNER JOIN users AS u4 ON d.author_id = u4.id
) AS s3 ON s.id = s3.field_issue_id
LEFT JOIN (
    SELECT v.id, v.created_at, v.field_issue_id, v.firmware_version_tested, v.notes, v.result, v.test_environment, v.updated_at, v.validated_at, v.validator_id, u5.id AS id0, u5.created_at AS created_at0, u5.department, u5.email, u5.first_name, u5.is_active, u5.last_login_at, u5.last_name, u5.password_hash, u5.phone_number, u5.role, u5.updated_at AS updated_at0
    FROM validations AS v
    INNER JOIN users AS u5 ON v.validator_id = u5.id
) AS s4 ON s.id = s4.field_issue_id
LEFT JOIN activity_log AS a1 ON s.id = a1.field_issue_id
ORDER BY s.id, s.id0, s.id1, s0.id, s0.id0, s1.id, s1.id0, s2.id, s2.id0, s3.id, s3.id0, s4.id, s4.id0
2026-07-29 12:09:10.477 +05:30 [INF] HTTP POST /api/issues responded 201 in 572.9380 ms
2026-07-29 12:09:10.537 +05:30 [INF] Executed DbCommand (16ms) [Parameters=[@__id_0='?' (DbType = Guid)], CommandType='"Text"', CommandTimeout='30']
SELECT s.id, s.actual_behavior, s.approved_at, s.assigned_developer_id, s.category, s.closed_at, s.comm_type, s.created_at, s.customer_id, s.customer_site_address, s.description, s.development_started_at, s.expected_behavior, s.field_observations, s.issue_number, s.jira_key, s.jira_url, s.firmware_version, s.meter_serial, s.meter_type, s.priority, s.reporter_id, s.review_started_at, s.severity, s.status, s.steps_to_reproduce, s.submitted_at, s.summary, s.updated_at, s.validation_started_at, s.id0, s.created_at0, s.department, s.email, s.first_name, s.is_active, s.last_login_at, s.last_name, s.password_hash, s.phone_number, s.role, s.updated_at0, s.id1, s.created_at1, s.department0, s.email0, s.first_name0, s.is_active0, s.last_login_at0, s.last_name0, s.password_hash0, s.phone_number0, s.role0, s.updated_at1, s0.id, s0.comments, s0.created_at, s0.decided_at, s0.decision, s0.field_issue_id, s0.reviewer_id, s0.updated_at, s0.id0, s0.created_at0, s0.department, s0.email, s0.first_name, s0.is_active, s0.last_login_at, s0.last_name, s0.password_hash, s0.phone_number, s0.role, s0.updated_at0, s1.id, s1.author_id, s1.content, s1.created_at, s1.field_issue_id, s1.is_internal, s1.parent_comment_id, s1.updated_at, s1.id0, s1.created_at0, s1.department, s1.email, s1.first_name, s1.is_active, s1.last_login_at, s1.last_name, s1.password_hash, s1.phone_number, s1.role, s1.updated_at0, s2.id, s2.content_type, s2.created_at, s2.description, s2.field_issue_id, s2.file_name, s2.file_size_bytes, s2.original_file_name, s2.storage_path, s2.updated_at, s2.uploaded_by_id, s2.id0, s2.created_at0, s2.department, s2.email, s2.first_name, s2.is_active, s2.last_login_at, s2.last_name, s2.password_hash, s2.phone_number, s2.role, s2.updated_at0, s3.id, s3.author_id, s3.content, s3.created_at, s3.field_issue_id, s3.firmware_version, s3.fix, s3.is_resolution_note, s3.root_cause, s3.updated_at, s3.id0, s3.created_at0, s3.department, s3.email, s3.first_name, s3.is_active, s3.last_login_at, s3.last_name, s3.password_hash, s3.phone_number, s3.role, s3.updated_at0, s4.id, s4.created_at, s4.field_issue_id, s4.firmware_version_tested, s4.notes, s4.result, s4.test_environment, s4.updated_at, s4.validated_at, s4.validator_id, s4.id0, s4.created_at0, s4.department, s4.email, s4.first_name, s4.is_active, s4.last_login_at, s4.last_name, s4.password_hash, s4.phone_number, s4.role, s4.updated_at0, a1.id, a1.action, a1.created_at, a1.description, a1.field_issue_id, a1.metadata, a1.performed_by_id, a1.status_at_time, a1.updated_at
FROM (
    SELECT f.id, f.actual_behavior, f.approved_at, f.assigned_developer_id, f.category, f.closed_at, f.comm_type, f.created_at, f.customer_id, f.customer_site_address, f.description, f.development_started_at, f.expected_behavior, f.field_observations, f.issue_number, f.jira_key, f.jira_url, f.firmware_version, f.meter_serial, f.meter_type, f.priority, f.reporter_id, f.review_started_at, f.severity, f.status, f.steps_to_reproduce, f.submitted_at, f.summary, f.updated_at, f.validation_started_at, u.id AS id0, u.created_at AS created_at0, u.department, u.email, u.first_name, u.is_active, u.last_login_at, u.last_name, u.password_hash, u.phone_number, u.role, u.updated_at AS updated_at0, u0.id AS id1, u0.created_at AS created_at1, u0.department AS department0, u0.email AS email0, u0.first_name AS first_name0, u0.is_active AS is_active0, u0.last_login_at AS last_login_at0, u0.last_name AS last_name0, u0.password_hash AS password_hash0, u0.phone_number AS phone_number0, u0.role AS role0, u0.updated_at AS updated_at1
    FROM field_issues AS f
    INNER JOIN users AS u ON f.reporter_id = u.id
    LEFT JOIN users AS u0 ON f.assigned_developer_id = u0.id
    WHERE f.id = @__id_0
    LIMIT 1
) AS s
LEFT JOIN (
    SELECT a.id, a.comments, a.created_at, a.decided_at, a.decision, a.field_issue_id, a.reviewer_id, a.updated_at, u1.id AS id0, u1.created_at AS created_at0, u1.department, u1.email, u1.first_name, u1.is_active, u1.last_login_at, u1.last_name, u1.password_hash, u1.phone_number, u1.role, u1.updated_at AS updated_at0
    FROM approvals AS a
    INNER JOIN users AS u1 ON a.reviewer_id = u1.id
) AS s0 ON s.id = s0.field_issue_id
LEFT JOIN (
    SELECT c.id, c.author_id, c.content, c.created_at, c.field_issue_id, c.is_internal, c.parent_comment_id, c.updated_at, u2.id AS id0, u2.created_at AS created_at0, u2.department, u2.email, u2.first_name, u2.is_active, u2.last_login_at, u2.last_name, u2.password_hash, u2.phone_number, u2.role, u2.updated_at AS updated_at0
    FROM comments AS c
    INNER JOIN users AS u2 ON c.author_id = u2.id
) AS s1 ON s.id = s1.field_issue_id
LEFT JOIN (
    SELECT a0.id, a0.content_type, a0.created_at, a0.description, a0.field_issue_id, a0.file_name, a0.file_size_bytes, a0.original_file_name, a0.storage_path, a0.updated_at, a0.uploaded_by_id, u3.id AS id0, u3.created_at AS created_at0, u3.department, u3.email, u3.first_name, u3.is_active, u3.last_login_at, u3.last_name, u3.password_hash, u3.phone_number, u3.role, u3.updated_at AS updated_at0
    FROM attachments AS a0
    INNER JOIN users AS u3 ON a0.uploaded_by_id = u3.id
) AS s2 ON s.id = s2.field_issue_id
LEFT JOIN (
    SELECT d.id, d.author_id, d.content, d.created_at, d.field_issue_id, d.firmware_version, d.fix, d.is_resolution_note, d.root_cause, d.updated_at, u4.id AS id0, u4.created_at AS created_at0, u4.department, u4.email, u4.first_name, u4.is_active, u4.last_login_at, u4.last_name, u4.password_hash, u4.phone_number, u4.role, u4.updated_at AS updated_at0
    FROM developer_notes AS d
    INNER JOIN users AS u4 ON d.author_id = u4.id
) AS s3 ON s.id = s3.field_issue_id
LEFT JOIN (
    SELECT v.id, v.created_at, v.field_issue_id, v.firmware_version_tested, v.notes, v.result, v.test_environment, v.updated_at, v.validated_at, v.validator_id, u5.id AS id0, u5.created_at AS created_at0, u5.department, u5.email, u5.first_name, u5.is_active, u5.last_login_at, u5.last_name, u5.password_hash, u5.phone_number, u5.role, u5.updated_at AS updated_at0
    FROM validations AS v
    INNER JOIN users AS u5 ON v.validator_id = u5.id
) AS s4 ON s.id = s4.field_issue_id
LEFT JOIN activity_log AS a1 ON s.id = a1.field_issue_id
ORDER BY s.id, s.id0, s.id1, s0.id, s0.id0, s1.id, s1.id0, s2.id, s2.id0, s3.id, s3.id0, s4.id, s4.id0
2026-07-29 12:09:10.575 +05:30 [INF] Executed DbCommand (5ms) [Parameters=[@p8='?' (DbType = Guid), @p0='?', @p1='?' (DbType = DateTime), @p2='?', @p3='?' (DbType = Guid), @p4='?' (DbType = Object), @p5='?' (DbType = Guid), @p6='?', @p7='?' (DbType = DateTime), @p12='?' (DbType = Guid), @p9='?', @p10='?' (DbType = DateTime), @p11='?' (DbType = DateTime)], CommandType='"Text"', CommandTimeout='30']
UPDATE activity_log SET action = @p0, created_at = @p1, description = @p2, field_issue_id = @p3, metadata = @p4, performed_by_id = @p5, status_at_time = @p6, updated_at = @p7
WHERE id = @p8;
UPDATE field_issues SET status = @p9, submitted_at = @p10, updated_at = @p11
WHERE id = @p12;
2026-07-29 12:09:10.584 +05:30 [ERR] HTTP POST /api/issues/b1a7dfd4-89c4-4b98-9640-33a6091ae8e9/submit responded 500 in 77.7003 ms
Microsoft.EntityFrameworkCore.DbUpdateConcurrencyException: The database operation was expected to affect 1 row(s), but actually affected 0 row(s); data may have been modified or deleted since entities were loaded. See https://go.microsoft.com/fwlink/?LinkId=527962 for information on understanding and handling optimistic concurrency exceptions.
   at Npgsql.EntityFrameworkCore.PostgreSQL.Update.Internal.NpgsqlModificationCommandBatch.ThrowAggregateUpdateConcurrencyExceptionAsync(RelationalDataReader reader, Int32 commandIndex, Int32 expectedRowsAffected, Int32 rowsAffected, CancellationToken cancellationToken)
   at Npgsql.EntityFrameworkCore.PostgreSQL.Update.Internal.NpgsqlModificationCommandBatch.Consume(RelationalDataReader reader, Boolean async, CancellationToken cancellationToken)
   at Microsoft.EntityFrameworkCore.Update.ReaderModificationCommandBatch.ExecuteAsync(IRelationalConnection connection, CancellationToken cancellationToken)
   at Microsoft.EntityFrameworkCore.Update.ReaderModificationCommandBatch.ExecuteAsync(IRelationalConnection connection, CancellationToken cancellationToken)
   at Microsoft.EntityFrameworkCore.Update.Internal.BatchExecutor.ExecuteAsync(IEnumerable`1 commandBatches, IRelationalConnection connection, CancellationToken cancellationToken)
   at Microsoft.EntityFrameworkCore.Update.Internal.BatchExecutor.ExecuteAsync(IEnumerable`1 commandBatches, IRelationalConnection connection, CancellationToken cancellationToken)
   at Microsoft.EntityFrameworkCore.Update.Internal.BatchExecutor.ExecuteAsync(IEnumerable`1 commandBatches, IRelationalConnection connection, CancellationToken cancellationToken)
   at Microsoft.EntityFrameworkCore.Storage.RelationalDatabase.SaveChangesAsync(IList`1 entries, CancellationToken cancellationToken)
   at Microsoft.EntityFrameworkCore.ChangeTracking.Internal.StateManager.SaveChangesAsync(IList`1 entriesToSave, CancellationToken cancellationToken)
   at Microsoft.EntityFrameworkCore.ChangeTracking.Internal.StateManager.SaveChangesAsync(StateManager stateManager, Boolean acceptAllChangesOnSuccess, CancellationToken cancellationToken)
   at Npgsql.EntityFrameworkCore.PostgreSQL.Storage.Internal.NpgsqlExecutionStrategy.ExecuteAsync[TState,TResult](TState state, Func`4 operation, Func`4 verifySucceeded, CancellationToken cancellationToken)
   at Microsoft.EntityFrameworkCore.DbContext.SaveChangesAsync(Boolean acceptAllChangesOnSuccess, CancellationToken cancellationToken)
   at FIT.Application.Features.Issues.Commands.SubmitIssue.SubmitIssueCommandHandler.Handle(SubmitIssueCommand request, CancellationToken cancellationToken) in /Users/lalit.tak/Documents/Workspace/FIT/src/FIT.Application/Features/Issues/Commands/SubmitIssue/SubmitIssueCommandHandler.cs:line 32
   at FIT.API.Controllers.IssuesController.Submit(Guid id, CancellationToken ct) in /Users/lalit.tak/Documents/Workspace/FIT/src/FIT.API/Controllers/IssuesController.cs:line 51
   at Microsoft.AspNetCore.Mvc.Infrastructure.ActionMethodExecutor.TaskOfIActionResultExecutor.Execute(ActionContext actionContext, IActionResultTypeMapper mapper, ObjectMethodExecutor executor, Object controller, Object[] arguments)
   at Microsoft.AspNetCore.Mvc.Infrastructure.ControllerActionInvoker.<InvokeActionMethodAsync>g__Awaited|12_0(ControllerActionInvoker invoker, ValueTask`1 actionResultValueTask)
   at Microsoft.AspNetCore.Mvc.Infrastructure.ControllerActionInvoker.<InvokeNextActionFilterAsync>g__Awaited|10_0(ControllerActionInvoker invoker, Task lastTask, State next, Scope scope, Object state, Boolean isCompleted)
   at Microsoft.AspNetCore.Mvc.Infrastructure.ControllerActionInvoker.Rethrow(ActionExecutedContextSealed context)
   at Microsoft.AspNetCore.Mvc.Infrastructure.ControllerActionInvoker.Next(State& next, Scope& scope, Object& state, Boolean& isCompleted)
   at Microsoft.AspNetCore.Mvc.Infrastructure.ControllerActionInvoker.<InvokeInnerFilterAsync>g__Awaited|13_0(ControllerActionInvoker invoker, Task lastTask, State next, Scope scope, Object state, Boolean isCompleted)
   at Microsoft.AspNetCore.Mvc.Infrastructure.ResourceInvoker.<InvokeFilterPipelineAsync>g__Awaited|20_0(ResourceInvoker invoker, Task lastTask, State next, Scope scope, Object state, Boolean isCompleted)
   at Microsoft.AspNetCore.Mvc.Infrastructure.ResourceInvoker.<InvokeAsync>g__Awaited|17_0(ResourceInvoker invoker, Task task, IDisposable scope)
   at Microsoft.AspNetCore.Mvc.Infrastructure.ResourceInvoker.<InvokeAsync>g__Awaited|17_0(ResourceInvoker invoker, Task task, IDisposable scope)
   at Microsoft.AspNetCore.Authorization.AuthorizationMiddleware.Invoke(HttpContext context)
   at Microsoft.AspNetCore.Authentication.AuthenticationMiddleware.Invoke(HttpContext context)
   at Serilog.AspNetCore.RequestLoggingMiddleware.Invoke(HttpContext httpContext)
2026-07-29 12:09:10.596 +05:30 [ERR] An unhandled exception has occurred while executing the request.
Microsoft.EntityFrameworkCore.DbUpdateConcurrencyException: The database operation was expected to affect 1 row(s), but actually affected 0 row(s); data may have been modified or deleted since entities were loaded. See https://go.microsoft.com/fwlink/?LinkId=527962 for information on understanding and handling optimistic concurrency exceptions.
   at Npgsql.EntityFrameworkCore.PostgreSQL.Update.Internal.NpgsqlModificationCommandBatch.ThrowAggregateUpdateConcurrencyExceptionAsync(RelationalDataReader reader, Int32 commandIndex, Int32 expectedRowsAffected, Int32 rowsAffected, CancellationToken cancellationToken)
   at Npgsql.EntityFrameworkCore.PostgreSQL.Update.Internal.NpgsqlModificationCommandBatch.Consume(RelationalDataReader reader, Boolean async, CancellationToken cancellationToken)
   at Microsoft.EntityFrameworkCore.Update.ReaderModificationCommandBatch.ExecuteAsync(IRelationalConnection connection, CancellationToken cancellationToken)
   at Microsoft.EntityFrameworkCore.Update.ReaderModificationCommandBatch.ExecuteAsync(IRelationalConnection connection, CancellationToken cancellationToken)
   at Microsoft.EntityFrameworkCore.Update.Internal.BatchExecutor.ExecuteAsync(IEnumerable`1 commandBatches, IRelationalConnection connection, CancellationToken cancellationToken)
   at Microsoft.EntityFrameworkCore.Update.Internal.BatchExecutor.ExecuteAsync(IEnumerable`1 commandBatches, IRelationalConnection connection, CancellationToken cancellationToken)
   at Microsoft.EntityFrameworkCore.Update.Internal.BatchExecutor.ExecuteAsync(IEnumerable`1 commandBatches, IRelationalConnection connection, CancellationToken cancellationToken)
   at Microsoft.EntityFrameworkCore.Storage.RelationalDatabase.SaveChangesAsync(IList`1 entries, CancellationToken cancellationToken)
   at Microsoft.EntityFrameworkCore.ChangeTracking.Internal.StateManager.SaveChangesAsync(IList`1 entriesToSave, CancellationToken cancellationToken)
   at Microsoft.EntityFrameworkCore.ChangeTracking.Internal.StateManager.SaveChangesAsync(StateManager stateManager, Boolean acceptAllChangesOnSuccess, CancellationToken cancellationToken)
   at Npgsql.EntityFrameworkCore.PostgreSQL.Storage.Internal.NpgsqlExecutionStrategy.ExecuteAsync[TState,TResult](TState state, Func`4 operation, Func`4 verifySucceeded, CancellationToken cancellationToken)
   at Microsoft.EntityFrameworkCore.DbContext.SaveChangesAsync(Boolean acceptAllChangesOnSuccess, CancellationToken cancellationToken)
   at FIT.Application.Features.Issues.Commands.SubmitIssue.SubmitIssueCommandHandler.Handle(SubmitIssueCommand request, CancellationToken cancellationToken) in /Users/lalit.tak/Documents/Workspace/FIT/src/FIT.Application/Features/Issues/Commands/SubmitIssue/SubmitIssueCommandHandler.cs:line 32
   at FIT.API.Controllers.IssuesController.Submit(Guid id, CancellationToken ct) in /Users/lalit.tak/Documents/Workspace/FIT/src/FIT.API/Controllers/IssuesController.cs:line 51
   at Microsoft.AspNetCore.Mvc.Infrastructure.ActionMethodExecutor.TaskOfIActionResultExecutor.Execute(ActionContext actionContext, IActionResultTypeMapper mapper, ObjectMethodExecutor executor, Object controller, Object[] arguments)
   at Microsoft.AspNetCore.Mvc.Infrastructure.ControllerActionInvoker.<InvokeActionMethodAsync>g__Awaited|12_0(ControllerActionInvoker invoker, ValueTask`1 actionResultValueTask)
   at Microsoft.AspNetCore.Mvc.Infrastructure.ControllerActionInvoker.<InvokeNextActionFilterAsync>g__Awaited|10_0(ControllerActionInvoker invoker, Task lastTask, State next, Scope scope, Object state, Boolean isCompleted)
   at Microsoft.AspNetCore.Mvc.Infrastructure.ControllerActionInvoker.Rethrow(ActionExecutedContextSealed context)
   at Microsoft.AspNetCore.Mvc.Infrastructure.ControllerActionInvoker.Next(State& next, Scope& scope, Object& state, Boolean& isCompleted)
   at Microsoft.AspNetCore.Mvc.Infrastructure.ControllerActionInvoker.<InvokeInnerFilterAsync>g__Awaited|13_0(ControllerActionInvoker invoker, Task lastTask, State next, Scope scope, Object state, Boolean isCompleted)
   at Microsoft.AspNetCore.Mvc.Infrastructure.ResourceInvoker.<InvokeFilterPipelineAsync>g__Awaited|20_0(ResourceInvoker invoker, Task lastTask, State next, Scope scope, Object state, Boolean isCompleted)
   at Microsoft.AspNetCore.Mvc.Infrastructure.ResourceInvoker.<InvokeAsync>g__Awaited|17_0(ResourceInvoker invoker, Task task, IDisposable scope)
   at Microsoft.AspNetCore.Mvc.Infrastructure.ResourceInvoker.<InvokeAsync>g__Awaited|17_0(ResourceInvoker invoker, Task task, IDisposable scope)
   at Microsoft.AspNetCore.Authorization.AuthorizationMiddleware.Invoke(HttpContext context)
   at Microsoft.AspNetCore.Authentication.AuthenticationMiddleware.Invoke(HttpContext context)
   at Serilog.AspNetCore.RequestLoggingMiddleware.Invoke(HttpContext httpContext)
   at Microsoft.AspNetCore.Diagnostics.ExceptionHandlerMiddlewareImpl.<Invoke>g__Awaited|10_0(ExceptionHandlerMiddlewareImpl middleware, HttpContext context, Task task)
2026-07-29 12:09:10.598 +05:30 [ERR] Unhandled exception
Microsoft.EntityFrameworkCore.DbUpdateConcurrencyException: The database operation was expected to affect 1 row(s), but actually affected 0 row(s); data may have been modified or deleted since entities were loaded. See https://go.microsoft.com/fwlink/?LinkId=527962 for information on understanding and handling optimistic concurrency exceptions.
   at Npgsql.EntityFrameworkCore.PostgreSQL.Update.Internal.NpgsqlModificationCommandBatch.ThrowAggregateUpdateConcurrencyExceptionAsync(RelationalDataReader reader, Int32 commandIndex, Int32 expectedRowsAffected, Int32 rowsAffected, CancellationToken cancellationToken)
   at Npgsql.EntityFrameworkCore.PostgreSQL.Update.Internal.NpgsqlModificationCommandBatch.Consume(RelationalDataReader reader, Boolean async, CancellationToken cancellationToken)
   at Microsoft.EntityFrameworkCore.Update.ReaderModificationCommandBatch.ExecuteAsync(IRelationalConnection connection, CancellationToken cancellationToken)
   at Microsoft.EntityFrameworkCore.Update.ReaderModificationCommandBatch.ExecuteAsync(IRelationalConnection connection, CancellationToken cancellationToken)
   at Microsoft.EntityFrameworkCore.Update.Internal.BatchExecutor.ExecuteAsync(IEnumerable`1 commandBatches, IRelationalConnection connection, CancellationToken cancellationToken)
   at Microsoft.EntityFrameworkCore.Update.Internal.BatchExecutor.ExecuteAsync(IEnumerable`1 commandBatches, IRelationalConnection connection, CancellationToken cancellationToken)
   at Microsoft.EntityFrameworkCore.Update.Internal.BatchExecutor.ExecuteAsync(IEnumerable`1 commandBatches, IRelationalConnection connection, CancellationToken cancellationToken)
   at Microsoft.EntityFrameworkCore.Storage.RelationalDatabase.SaveChangesAsync(IList`1 entries, CancellationToken cancellationToken)
   at Microsoft.EntityFrameworkCore.ChangeTracking.Internal.StateManager.SaveChangesAsync(IList`1 entriesToSave, CancellationToken cancellationToken)
   at Microsoft.EntityFrameworkCore.ChangeTracking.Internal.StateManager.SaveChangesAsync(StateManager stateManager, Boolean acceptAllChangesOnSuccess, CancellationToken cancellationToken)
   at Npgsql.EntityFrameworkCore.PostgreSQL.Storage.Internal.NpgsqlExecutionStrategy.ExecuteAsync[TState,TResult](TState state, Func`4 operation, Func`4 verifySucceeded, CancellationToken cancellationToken)
   at Microsoft.EntityFrameworkCore.DbContext.SaveChangesAsync(Boolean acceptAllChangesOnSuccess, CancellationToken cancellationToken)
   at FIT.Application.Features.Issues.Commands.SubmitIssue.SubmitIssueCommandHandler.Handle(SubmitIssueCommand request, CancellationToken cancellationToken) in /Users/lalit.tak/Documents/Workspace/FIT/src/FIT.Application/Features/Issues/Commands/SubmitIssue/SubmitIssueCommandHandler.cs:line 32
   at FIT.API.Controllers.IssuesController.Submit(Guid id, CancellationToken ct) in /Users/lalit.tak/Documents/Workspace/FIT/src/FIT.API/Controllers/IssuesController.cs:line 51
   at Microsoft.AspNetCore.Mvc.Infrastructure.ActionMethodExecutor.TaskOfIActionResultExecutor.Execute(ActionContext actionContext, IActionResultTypeMapper mapper, ObjectMethodExecutor executor, Object controller, Object[] arguments)
   at Microsoft.AspNetCore.Mvc.Infrastructure.ControllerActionInvoker.<InvokeActionMethodAsync>g__Awaited|12_0(ControllerActionInvoker invoker, ValueTask`1 actionResultValueTask)
   at Microsoft.AspNetCore.Mvc.Infrastructure.ControllerActionInvoker.<InvokeNextActionFilterAsync>g__Awaited|10_0(ControllerActionInvoker invoker, Task lastTask, State next, Scope scope, Object state, Boolean isCompleted)
   at Microsoft.AspNetCore.Mvc.Infrastructure.ControllerActionInvoker.Rethrow(ActionExecutedContextSealed context)
   at Microsoft.AspNetCore.Mvc.Infrastructure.ControllerActionInvoker.Next(State& next, Scope& scope, Object& state, Boolean& isCompleted)
   at Microsoft.AspNetCore.Mvc.Infrastructure.ControllerActionInvoker.<InvokeInnerFilterAsync>g__Awaited|13_0(ControllerActionInvoker invoker, Task lastTask, State next, Scope scope, Object state, Boolean isCompleted)
   at Microsoft.AspNetCore.Mvc.Infrastructure.ResourceInvoker.<InvokeFilterPipelineAsync>g__Awaited|20_0(ResourceInvoker invoker, Task lastTask, State next, Scope scope, Object state, Boolean isCompleted)
   at Microsoft.AspNetCore.Mvc.Infrastructure.ResourceInvoker.<InvokeAsync>g__Awaited|17_0(ResourceInvoker invoker, Task task, IDisposable scope)
   at Microsoft.AspNetCore.Mvc.Infrastructure.ResourceInvoker.<InvokeAsync>g__Awaited|17_0(ResourceInvoker invoker, Task task, IDisposable scope)
   at Microsoft.AspNetCore.Authorization.AuthorizationMiddleware.Invoke(HttpContext context)
   at Microsoft.AspNetCore.Authentication.AuthenticationMiddleware.Invoke(HttpContext context)
   at Serilog.AspNetCore.RequestLoggingMiddleware.Invoke(HttpContext httpContext)
   at Microsoft.AspNetCore.Diagnostics.ExceptionHandlerMiddlewareImpl.<Invoke>g__Awaited|10_0(ExceptionHandlerMiddlewareImpl middleware, HttpContext context, Task task)
2026-07-29 12:09:10.647 +05:30 [INF] Executed DbCommand (6ms) [Parameters=[@__id_0='?' (DbType = Guid)], CommandType='"Text"', CommandTimeout='30']
SELECT s.id, s.actual_behavior, s.approved_at, s.assigned_developer_id, s.category, s.closed_at, s.comm_type, s.created_at, s.customer_id, s.customer_site_address, s.description, s.development_started_at, s.expected_behavior, s.field_observations, s.issue_number, s.jira_key, s.jira_url, s.firmware_version, s.meter_serial, s.meter_type, s.priority, s.reporter_id, s.review_started_at, s.severity, s.status, s.steps_to_reproduce, s.submitted_at, s.summary, s.updated_at, s.validation_started_at, s.id0, s.created_at0, s.department, s.email, s.first_name, s.is_active, s.last_login_at, s.last_name, s.password_hash, s.phone_number, s.role, s.updated_at0, s.id1, s.created_at1, s.department0, s.email0, s.first_name0, s.is_active0, s.last_login_at0, s.last_name0, s.password_hash0, s.phone_number0, s.role0, s.updated_at1, s0.id, s0.comments, s0.created_at, s0.decided_at, s0.decision, s0.field_issue_id, s0.reviewer_id, s0.updated_at, s0.id0, s0.created_at0, s0.department, s0.email, s0.first_name, s0.is_active, s0.last_login_at, s0.last_name, s0.password_hash, s0.phone_number, s0.role, s0.updated_at0, s1.id, s1.author_id, s1.content, s1.created_at, s1.field_issue_id, s1.is_internal, s1.parent_comment_id, s1.updated_at, s1.id0, s1.created_at0, s1.department, s1.email, s1.first_name, s1.is_active, s1.last_login_at, s1.last_name, s1.password_hash, s1.phone_number, s1.role, s1.updated_at0, s2.id, s2.content_type, s2.created_at, s2.description, s2.field_issue_id, s2.file_name, s2.file_size_bytes, s2.original_file_name, s2.storage_path, s2.updated_at, s2.uploaded_by_id, s2.id0, s2.created_at0, s2.department, s2.email, s2.first_name, s2.is_active, s2.last_login_at, s2.last_name, s2.password_hash, s2.phone_number, s2.role, s2.updated_at0, s3.id, s3.author_id, s3.content, s3.created_at, s3.field_issue_id, s3.firmware_version, s3.fix, s3.is_resolution_note, s3.root_cause, s3.updated_at, s3.id0, s3.created_at0, s3.department, s3.email, s3.first_name, s3.is_active, s3.last_login_at, s3.last_name, s3.password_hash, s3.phone_number, s3.role, s3.updated_at0, s4.id, s4.created_at, s4.field_issue_id, s4.firmware_version_tested, s4.notes, s4.result, s4.test_environment, s4.updated_at, s4.validated_at, s4.validator_id, s4.id0, s4.created_at0, s4.department, s4.email, s4.first_name, s4.is_active, s4.last_login_at, s4.last_name, s4.password_hash, s4.phone_number, s4.role, s4.updated_at0, a1.id, a1.action, a1.created_at, a1.description, a1.field_issue_id, a1.metadata, a1.performed_by_id, a1.status_at_time, a1.updated_at
FROM (
    SELECT f.id, f.actual_behavior, f.approved_at, f.assigned_developer_id, f.category, f.closed_at, f.comm_type, f.created_at, f.customer_id, f.customer_site_address, f.description, f.development_started_at, f.expected_behavior, f.field_observations, f.issue_number, f.jira_key, f.jira_url, f.firmware_version, f.meter_serial, f.meter_type, f.priority, f.reporter_id, f.review_started_at, f.severity, f.status, f.steps_to_reproduce, f.submitted_at, f.summary, f.updated_at, f.validation_started_at, u.id AS id0, u.created_at AS created_at0, u.department, u.email, u.first_name, u.is_active, u.last_login_at, u.last_name, u.password_hash, u.phone_number, u.role, u.updated_at AS updated_at0, u0.id AS id1, u0.created_at AS created_at1, u0.department AS department0, u0.email AS email0, u0.first_name AS first_name0, u0.is_active AS is_active0, u0.last_login_at AS last_login_at0, u0.last_name AS last_name0, u0.password_hash AS password_hash0, u0.phone_number AS phone_number0, u0.role AS role0, u0.updated_at AS updated_at1
    FROM field_issues AS f
    INNER JOIN users AS u ON f.reporter_id = u.id
    LEFT JOIN users AS u0 ON f.assigned_developer_id = u0.id
    WHERE f.id = @__id_0
    LIMIT 1
) AS s
LEFT JOIN (
    SELECT a.id, a.comments, a.created_at, a.decided_at, a.decision, a.field_issue_id, a.reviewer_id, a.updated_at, u1.id AS id0, u1.created_at AS created_at0, u1.department, u1.email, u1.first_name, u1.is_active, u1.last_login_at, u1.last_name, u1.password_hash, u1.phone_number, u1.role, u1.updated_at AS updated_at0
    FROM approvals AS a
    INNER JOIN users AS u1 ON a.reviewer_id = u1.id
) AS s0 ON s.id = s0.field_issue_id
LEFT JOIN (
    SELECT c.id, c.author_id, c.content, c.created_at, c.field_issue_id, c.is_internal, c.parent_comment_id, c.updated_at, u2.id AS id0, u2.created_at AS created_at0, u2.department, u2.email, u2.first_name, u2.is_active, u2.last_login_at, u2.last_name, u2.password_hash, u2.phone_number, u2.role, u2.updated_at AS updated_at0
    FROM comments AS c
    INNER JOIN users AS u2 ON c.author_id = u2.id
) AS s1 ON s.id = s1.field_issue_id
LEFT JOIN (
    SELECT a0.id, a0.content_type, a0.created_at, a0.description, a0.field_issue_id, a0.file_name, a0.file_size_bytes, a0.original_file_name, a0.storage_path, a0.updated_at, a0.uploaded_by_id, u3.id AS id0, u3.created_at AS created_at0, u3.department, u3.email, u3.first_name, u3.is_active, u3.last_login_at, u3.last_name, u3.password_hash, u3.phone_number, u3.role, u3.updated_at AS updated_at0
    FROM attachments AS a0
    INNER JOIN users AS u3 ON a0.uploaded_by_id = u3.id
) AS s2 ON s.id = s2.field_issue_id
LEFT JOIN (
    SELECT d.id, d.author_id, d.content, d.created_at, d.field_issue_id, d.firmware_version, d.fix, d.is_resolution_note, d.root_cause, d.updated_at, u4.id AS id0, u4.created_at AS created_at0, u4.department, u4.email, u4.first_name, u4.is_active, u4.last_login_at, u4.last_name, u4.password_hash, u4.phone_number, u4.role, u4.updated_at AS updated_at0
    FROM developer_notes AS d
    INNER JOIN users AS u4 ON d.author_id = u4.id
) AS s3 ON s.id = s3.field_issue_id
LEFT JOIN (
    SELECT v.id, v.created_at, v.field_issue_id, v.firmware_version_tested, v.notes, v.result, v.test_environment, v.updated_at, v.validated_at, v.validator_id, u5.id AS id0, u5.created_at AS created_at0, u5.department, u5.email, u5.first_name, u5.is_active, u5.last_login_at, u5.last_name, u5.password_hash, u5.phone_number, u5.role, u5.updated_at AS updated_at0
    FROM validations AS v
    INNER JOIN users AS u5 ON v.validator_id = u5.id
) AS s4 ON s.id = s4.field_issue_id
LEFT JOIN activity_log AS a1 ON s.id = a1.field_issue_id
ORDER BY s.id, s.id0, s.id1, s0.id, s0.id0, s1.id, s1.id0, s2.id, s2.id0, s3.id, s3.id0, s4.id, s4.id0
2026-07-29 12:09:10.649 +05:30 [ERR] HTTP POST /api/issues/b1a7dfd4-89c4-4b98-9640-33a6091ae8e9/approve responded 500 in 19.4429 ms
System.InvalidOperationException: Cannot approve issue in status Draft.
   at FIT.Domain.Entities.FieldIssue.Approve(Guid reviewerId, String comments) in /Users/lalit.tak/Documents/Workspace/FIT/src/FIT.Domain/Entities/FieldIssue.cs:line 147
   at FIT.Application.Features.Issues.Commands.ApproveIssue.ApproveIssueCommandHandler.Handle(ApproveIssueCommand request, CancellationToken cancellationToken) in /Users/lalit.tak/Documents/Workspace/FIT/src/FIT.Application/Features/Issues/Commands/ApproveIssue/ApproveIssueCommandHandler.cs:line 31
   at FIT.API.Controllers.IssuesController.Approve(Guid id, ApproveRequest req, CancellationToken ct) in /Users/lalit.tak/Documents/Workspace/FIT/src/FIT.API/Controllers/IssuesController.cs:line 59
   at Microsoft.AspNetCore.Mvc.Infrastructure.ActionMethodExecutor.TaskOfIActionResultExecutor.Execute(ActionContext actionContext, IActionResultTypeMapper mapper, ObjectMethodExecutor executor, Object controller, Object[] arguments)
   at Microsoft.AspNetCore.Mvc.Infrastructure.ControllerActionInvoker.<InvokeActionMethodAsync>g__Awaited|12_0(ControllerActionInvoker invoker, ValueTask`1 actionResultValueTask)
   at Microsoft.AspNetCore.Mvc.Infrastructure.ControllerActionInvoker.<InvokeNextActionFilterAsync>g__Awaited|10_0(ControllerActionInvoker invoker, Task lastTask, State next, Scope scope, Object state, Boolean isCompleted)
   at Microsoft.AspNetCore.Mvc.Infrastructure.ControllerActionInvoker.Rethrow(ActionExecutedContextSealed context)
   at Microsoft.AspNetCore.Mvc.Infrastructure.ControllerActionInvoker.Next(State& next, Scope& scope, Object& state, Boolean& isCompleted)
   at Microsoft.AspNetCore.Mvc.Infrastructure.ControllerActionInvoker.<InvokeInnerFilterAsync>g__Awaited|13_0(ControllerActionInvoker invoker, Task lastTask, State next, Scope scope, Object state, Boolean isCompleted)
   at Microsoft.AspNetCore.Mvc.Infrastructure.ResourceInvoker.<InvokeFilterPipelineAsync>g__Awaited|20_0(ResourceInvoker invoker, Task lastTask, State next, Scope scope, Object state, Boolean isCompleted)
   at Microsoft.AspNetCore.Mvc.Infrastructure.ResourceInvoker.<InvokeAsync>g__Awaited|17_0(ResourceInvoker invoker, Task task, IDisposable scope)
   at Microsoft.AspNetCore.Mvc.Infrastructure.ResourceInvoker.<InvokeAsync>g__Awaited|17_0(ResourceInvoker invoker, Task task, IDisposable scope)
   at Microsoft.AspNetCore.Authorization.AuthorizationMiddleware.Invoke(HttpContext context)
   at Microsoft.AspNetCore.Authentication.AuthenticationMiddleware.Invoke(HttpContext context)
   at Serilog.AspNetCore.RequestLoggingMiddleware.Invoke(HttpContext httpContext)
2026-07-29 12:09:10.652 +05:30 [ERR] An unhandled exception has occurred while executing the request.
System.InvalidOperationException: Cannot approve issue in status Draft.
   at FIT.Domain.Entities.FieldIssue.Approve(Guid reviewerId, String comments) in /Users/lalit.tak/Documents/Workspace/FIT/src/FIT.Domain/Entities/FieldIssue.cs:line 147
   at FIT.Application.Features.Issues.Commands.ApproveIssue.ApproveIssueCommandHandler.Handle(ApproveIssueCommand request, CancellationToken cancellationToken) in /Users/lalit.tak/Documents/Workspace/FIT/src/FIT.Application/Features/Issues/Commands/ApproveIssue/ApproveIssueCommandHandler.cs:line 31
   at FIT.API.Controllers.IssuesController.Approve(Guid id, ApproveRequest req, CancellationToken ct) in /Users/lalit.tak/Documents/Workspace/FIT/src/FIT.API/Controllers/IssuesController.cs:line 59
   at Microsoft.AspNetCore.Mvc.Infrastructure.ActionMethodExecutor.TaskOfIActionResultExecutor.Execute(ActionContext actionContext, IActionResultTypeMapper mapper, ObjectMethodExecutor executor, Object controller, Object[] arguments)
   at Microsoft.AspNetCore.Mvc.Infrastructure.ControllerActionInvoker.<InvokeActionMethodAsync>g__Awaited|12_0(ControllerActionInvoker invoker, ValueTask`1 actionResultValueTask)
   at Microsoft.AspNetCore.Mvc.Infrastructure.ControllerActionInvoker.<InvokeNextActionFilterAsync>g__Awaited|10_0(ControllerActionInvoker invoker, Task lastTask, State next, Scope scope, Object state, Boolean isCompleted)
   at Microsoft.AspNetCore.Mvc.Infrastructure.ControllerActionInvoker.Rethrow(ActionExecutedContextSealed context)
   at Microsoft.AspNetCore.Mvc.Infrastructure.ControllerActionInvoker.Next(State& next, Scope& scope, Object& state, Boolean& isCompleted)
   at Microsoft.AspNetCore.Mvc.Infrastructure.ControllerActionInvoker.<InvokeInnerFilterAsync>g__Awaited|13_0(ControllerActionInvoker invoker, Task lastTask, State next, Scope scope, Object state, Boolean isCompleted)
   at Microsoft.AspNetCore.Mvc.Infrastructure.ResourceInvoker.<InvokeFilterPipelineAsync>g__Awaited|20_0(ResourceInvoker invoker, Task lastTask, State next, Scope scope, Object state, Boolean isCompleted)
   at Microsoft.AspNetCore.Mvc.Infrastructure.ResourceInvoker.<InvokeAsync>g__Awaited|17_0(ResourceInvoker invoker, Task task, IDisposable scope)
   at Microsoft.AspNetCore.Mvc.Infrastructure.ResourceInvoker.<InvokeAsync>g__Awaited|17_0(ResourceInvoker invoker, Task task, IDisposable scope)
   at Microsoft.AspNetCore.Authorization.AuthorizationMiddleware.Invoke(HttpContext context)
   at Microsoft.AspNetCore.Authentication.AuthenticationMiddleware.Invoke(HttpContext context)
   at Serilog.AspNetCore.RequestLoggingMiddleware.Invoke(HttpContext httpContext)
   at Microsoft.AspNetCore.Diagnostics.ExceptionHandlerMiddlewareImpl.<Invoke>g__Awaited|10_0(ExceptionHandlerMiddlewareImpl middleware, HttpContext context, Task task)
2026-07-29 12:09:10.653 +05:30 [ERR] Unhandled exception
System.InvalidOperationException: Cannot approve issue in status Draft.
   at FIT.Domain.Entities.FieldIssue.Approve(Guid reviewerId, String comments) in /Users/lalit.tak/Documents/Workspace/FIT/src/FIT.Domain/Entities/FieldIssue.cs:line 147
   at FIT.Application.Features.Issues.Commands.ApproveIssue.ApproveIssueCommandHandler.Handle(ApproveIssueCommand request, CancellationToken cancellationToken) in /Users/lalit.tak/Documents/Workspace/FIT/src/FIT.Application/Features/Issues/Commands/ApproveIssue/ApproveIssueCommandHandler.cs:line 31
   at FIT.API.Controllers.IssuesController.Approve(Guid id, ApproveRequest req, CancellationToken ct) in /Users/lalit.tak/Documents/Workspace/FIT/src/FIT.API/Controllers/IssuesController.cs:line 59
   at Microsoft.AspNetCore.Mvc.Infrastructure.ActionMethodExecutor.TaskOfIActionResultExecutor.Execute(ActionContext actionContext, IActionResultTypeMapper mapper, ObjectMethodExecutor executor, Object controller, Object[] arguments)
   at Microsoft.AspNetCore.Mvc.Infrastructure.ControllerActionInvoker.<InvokeActionMethodAsync>g__Awaited|12_0(ControllerActionInvoker invoker, ValueTask`1 actionResultValueTask)
   at Microsoft.AspNetCore.Mvc.Infrastructure.ControllerActionInvoker.<InvokeNextActionFilterAsync>g__Awaited|10_0(ControllerActionInvoker invoker, Task lastTask, State next, Scope scope, Object state, Boolean isCompleted)
   at Microsoft.AspNetCore.Mvc.Infrastructure.ControllerActionInvoker.Rethrow(ActionExecutedContextSealed context)
   at Microsoft.AspNetCore.Mvc.Infrastructure.ControllerActionInvoker.Next(State& next, Scope& scope, Object& state, Boolean& isCompleted)
   at Microsoft.AspNetCore.Mvc.Infrastructure.ControllerActionInvoker.<InvokeInnerFilterAsync>g__Awaited|13_0(ControllerActionInvoker invoker, Task lastTask, State next, Scope scope, Object state, Boolean isCompleted)
   at Microsoft.AspNetCore.Mvc.Infrastructure.ResourceInvoker.<InvokeFilterPipelineAsync>g__Awaited|20_0(ResourceInvoker invoker, Task lastTask, State next, Scope scope, Object state, Boolean isCompleted)
   at Microsoft.AspNetCore.Mvc.Infrastructure.ResourceInvoker.<InvokeAsync>g__Awaited|17_0(ResourceInvoker invoker, Task task, IDisposable scope)
   at Microsoft.AspNetCore.Mvc.Infrastructure.ResourceInvoker.<InvokeAsync>g__Awaited|17_0(ResourceInvoker invoker, Task task, IDisposable scope)
   at Microsoft.AspNetCore.Authorization.AuthorizationMiddleware.Invoke(HttpContext context)
   at Microsoft.AspNetCore.Authentication.AuthenticationMiddleware.Invoke(HttpContext context)
   at Serilog.AspNetCore.RequestLoggingMiddleware.Invoke(HttpContext httpContext)
   at Microsoft.AspNetCore.Diagnostics.ExceptionHandlerMiddlewareImpl.<Invoke>g__Awaited|10_0(ExceptionHandlerMiddlewareImpl middleware, HttpContext context, Task task)
2026-07-29 12:13:43.765 +05:30 [INF] Application is shutting down...
2026-07-29 12:13:46.036 +05:30 [WRN] The WebRootPath was not found: /Users/lalit.tak/Documents/Workspace/FIT/src/FIT.API/wwwroot. Static files may be unavailable.
2026-07-29 12:13:46.144 +05:30 [INF] Now listening on: http://localhost:5000
2026-07-29 12:13:46.145 +05:30 [INF] Application started. Press Ctrl+C to shut down.
2026-07-29 12:13:46.145 +05:30 [INF] Hosting environment: Production
2026-07-29 12:13:46.145 +05:30 [INF] Content root path: /Users/lalit.tak/Documents/Workspace/FIT/src/FIT.API
2026-07-29 12:13:50.769 +05:30 [INF] Executed DbCommand (34ms) [Parameters=[@__email_0='?'], CommandType='"Text"', CommandTimeout='30']
SELECT u.id, u.created_at, u.department, u.email, u.first_name, u.is_active, u.last_login_at, u.last_name, u.password_hash, u.phone_number, u.role, u.updated_at
FROM users AS u
WHERE u.email = @__email_0
LIMIT 1
2026-07-29 12:13:51.460 +05:30 [INF] HTTP POST /api/auth/login responded 200 in 1598.8720 ms
2026-07-29 12:13:51.793 +05:30 [INF] Executed DbCommand (72ms) [Parameters=[@p0='?' (DbType = Guid), @p1='?', @p2='?' (DbType = DateTime), @p3='?' (DbType = Guid), @p4='?', @p5='?' (DbType = DateTime), @p6='?', @p7='?' (DbType = DateTime), @p8='?' (DbType = Guid), @p9='?', @p10='?', @p11='?' (DbType = DateTime), @p12='?', @p13='?', @p14='?', @p15='?', @p16='?', @p17='?', @p18='?', @p19='?', @p20='?', @p21='?' (DbType = Guid), @p22='?' (DbType = DateTime), @p23='?', @p24='?', @p25='?', @p26='?' (DbType = DateTime), @p27='?', @p28='?' (DbType = DateTime), @p29='?' (DbType = DateTime)], CommandType='"Text"', CommandTimeout='30']
INSERT INTO field_issues (id, actual_behavior, approved_at, assigned_developer_id, category, closed_at, comm_type, created_at, customer_id, customer_site_address, description, development_started_at, expected_behavior, field_observations, issue_number, jira_key, jira_url, firmware_version, meter_serial, meter_type, priority, reporter_id, review_started_at, severity, status, steps_to_reproduce, submitted_at, summary, updated_at, validation_started_at)
VALUES (@p0, @p1, @p2, @p3, @p4, @p5, @p6, @p7, @p8, @p9, @p10, @p11, @p12, @p13, @p14, @p15, @p16, @p17, @p18, @p19, @p20, @p21, @p22, @p23, @p24, @p25, @p26, @p27, @p28, @p29);
2026-07-29 12:13:51.895 +05:30 [WRN] Compiling a query which loads related collections for more than one collection navigation, either via 'Include' or through projection, but no 'QuerySplittingBehavior' has been configured. By default, Entity Framework will use 'QuerySplittingBehavior.SingleQuery', which can potentially result in slow query performance. See https://go.microsoft.com/fwlink/?linkid=2134277 for more information. To identify the query that's triggering this warning call 'ConfigureWarnings(w => w.Throw(RelationalEventId.MultipleCollectionIncludeWarning))'.
2026-07-29 12:13:52.000 +05:30 [INF] Executed DbCommand (45ms) [Parameters=[@__id_0='?' (DbType = Guid)], CommandType='"Text"', CommandTimeout='30']
SELECT s.id, s.actual_behavior, s.approved_at, s.assigned_developer_id, s.category, s.closed_at, s.comm_type, s.created_at, s.customer_id, s.customer_site_address, s.description, s.development_started_at, s.expected_behavior, s.field_observations, s.issue_number, s.jira_key, s.jira_url, s.firmware_version, s.meter_serial, s.meter_type, s.priority, s.reporter_id, s.review_started_at, s.severity, s.status, s.steps_to_reproduce, s.submitted_at, s.summary, s.updated_at, s.validation_started_at, s.id0, s.created_at0, s.department, s.email, s.first_name, s.is_active, s.last_login_at, s.last_name, s.password_hash, s.phone_number, s.role, s.updated_at0, s.id1, s.created_at1, s.department0, s.email0, s.first_name0, s.is_active0, s.last_login_at0, s.last_name0, s.password_hash0, s.phone_number0, s.role0, s.updated_at1, s0.id, s0.comments, s0.created_at, s0.decided_at, s0.decision, s0.field_issue_id, s0.reviewer_id, s0.updated_at, s0.id0, s0.created_at0, s0.department, s0.email, s0.first_name, s0.is_active, s0.last_login_at, s0.last_name, s0.password_hash, s0.phone_number, s0.role, s0.updated_at0, s1.id, s1.author_id, s1.content, s1.created_at, s1.field_issue_id, s1.is_internal, s1.parent_comment_id, s1.updated_at, s1.id0, s1.created_at0, s1.department, s1.email, s1.first_name, s1.is_active, s1.last_login_at, s1.last_name, s1.password_hash, s1.phone_number, s1.role, s1.updated_at0, s2.id, s2.content_type, s2.created_at, s2.description, s2.field_issue_id, s2.file_name, s2.file_size_bytes, s2.original_file_name, s2.storage_path, s2.updated_at, s2.uploaded_by_id, s2.id0, s2.created_at0, s2.department, s2.email, s2.first_name, s2.is_active, s2.last_login_at, s2.last_name, s2.password_hash, s2.phone_number, s2.role, s2.updated_at0, s3.id, s3.author_id, s3.content, s3.created_at, s3.field_issue_id, s3.firmware_version, s3.fix, s3.is_resolution_note, s3.root_cause, s3.updated_at, s3.id0, s3.created_at0, s3.department, s3.email, s3.first_name, s3.is_active, s3.last_login_at, s3.last_name, s3.password_hash, s3.phone_number, s3.role, s3.updated_at0, s4.id, s4.created_at, s4.field_issue_id, s4.firmware_version_tested, s4.notes, s4.result, s4.test_environment, s4.updated_at, s4.validated_at, s4.validator_id, s4.id0, s4.created_at0, s4.department, s4.email, s4.first_name, s4.is_active, s4.last_login_at, s4.last_name, s4.password_hash, s4.phone_number, s4.role, s4.updated_at0, a1.id, a1.action, a1.created_at, a1.description, a1.field_issue_id, a1.metadata, a1.performed_by_id, a1.status_at_time, a1.updated_at
FROM (
    SELECT f.id, f.actual_behavior, f.approved_at, f.assigned_developer_id, f.category, f.closed_at, f.comm_type, f.created_at, f.customer_id, f.customer_site_address, f.description, f.development_started_at, f.expected_behavior, f.field_observations, f.issue_number, f.jira_key, f.jira_url, f.firmware_version, f.meter_serial, f.meter_type, f.priority, f.reporter_id, f.review_started_at, f.severity, f.status, f.steps_to_reproduce, f.submitted_at, f.summary, f.updated_at, f.validation_started_at, u.id AS id0, u.created_at AS created_at0, u.department, u.email, u.first_name, u.is_active, u.last_login_at, u.last_name, u.password_hash, u.phone_number, u.role, u.updated_at AS updated_at0, u0.id AS id1, u0.created_at AS created_at1, u0.department AS department0, u0.email AS email0, u0.first_name AS first_name0, u0.is_active AS is_active0, u0.last_login_at AS last_login_at0, u0.last_name AS last_name0, u0.password_hash AS password_hash0, u0.phone_number AS phone_number0, u0.role AS role0, u0.updated_at AS updated_at1
    FROM field_issues AS f
    INNER JOIN users AS u ON f.reporter_id = u.id
    LEFT JOIN users AS u0 ON f.assigned_developer_id = u0.id
    WHERE f.id = @__id_0
    LIMIT 1
) AS s
LEFT JOIN (
    SELECT a.id, a.comments, a.created_at, a.decided_at, a.decision, a.field_issue_id, a.reviewer_id, a.updated_at, u1.id AS id0, u1.created_at AS created_at0, u1.department, u1.email, u1.first_name, u1.is_active, u1.last_login_at, u1.last_name, u1.password_hash, u1.phone_number, u1.role, u1.updated_at AS updated_at0
    FROM approvals AS a
    INNER JOIN users AS u1 ON a.reviewer_id = u1.id
) AS s0 ON s.id = s0.field_issue_id
LEFT JOIN (
    SELECT c.id, c.author_id, c.content, c.created_at, c.field_issue_id, c.is_internal, c.parent_comment_id, c.updated_at, u2.id AS id0, u2.created_at AS created_at0, u2.department, u2.email, u2.first_name, u2.is_active, u2.last_login_at, u2.last_name, u2.password_hash, u2.phone_number, u2.role, u2.updated_at AS updated_at0
    FROM comments AS c
    INNER JOIN users AS u2 ON c.author_id = u2.id
) AS s1 ON s.id = s1.field_issue_id
LEFT JOIN (
    SELECT a0.id, a0.content_type, a0.created_at, a0.description, a0.field_issue_id, a0.file_name, a0.file_size_bytes, a0.original_file_name, a0.storage_path, a0.updated_at, a0.uploaded_by_id, u3.id AS id0, u3.created_at AS created_at0, u3.department, u3.email, u3.first_name, u3.is_active, u3.last_login_at, u3.last_name, u3.password_hash, u3.phone_number, u3.role, u3.updated_at AS updated_at0
    FROM attachments AS a0
    INNER JOIN users AS u3 ON a0.uploaded_by_id = u3.id
) AS s2 ON s.id = s2.field_issue_id
LEFT JOIN (
    SELECT d.id, d.author_id, d.content, d.created_at, d.field_issue_id, d.firmware_version, d.fix, d.is_resolution_note, d.root_cause, d.updated_at, u4.id AS id0, u4.created_at AS created_at0, u4.department, u4.email, u4.first_name, u4.is_active, u4.last_login_at, u4.last_name, u4.password_hash, u4.phone_number, u4.role, u4.updated_at AS updated_at0
    FROM developer_notes AS d
    INNER JOIN users AS u4 ON d.author_id = u4.id
) AS s3 ON s.id = s3.field_issue_id
LEFT JOIN (
    SELECT v.id, v.created_at, v.field_issue_id, v.firmware_version_tested, v.notes, v.result, v.test_environment, v.updated_at, v.validated_at, v.validator_id, u5.id AS id0, u5.created_at AS created_at0, u5.department, u5.email, u5.first_name, u5.is_active, u5.last_login_at, u5.last_name, u5.password_hash, u5.phone_number, u5.role, u5.updated_at AS updated_at0
    FROM validations AS v
    INNER JOIN users AS u5 ON v.validator_id = u5.id
) AS s4 ON s.id = s4.field_issue_id
LEFT JOIN activity_log AS a1 ON s.id = a1.field_issue_id
ORDER BY s.id, s.id0, s.id1, s0.id, s0.id0, s1.id, s1.id0, s2.id, s2.id0, s3.id, s3.id0, s4.id, s4.id0
2026-07-29 12:13:52.079 +05:30 [INF] HTTP POST /api/issues responded 201 in 586.8459 ms
2026-07-29 12:13:52.145 +05:30 [INF] Executed DbCommand (12ms) [Parameters=[@__id_0='?' (DbType = Guid)], CommandType='"Text"', CommandTimeout='30']
SELECT s.id, s.actual_behavior, s.approved_at, s.assigned_developer_id, s.category, s.closed_at, s.comm_type, s.created_at, s.customer_id, s.customer_site_address, s.description, s.development_started_at, s.expected_behavior, s.field_observations, s.issue_number, s.jira_key, s.jira_url, s.firmware_version, s.meter_serial, s.meter_type, s.priority, s.reporter_id, s.review_started_at, s.severity, s.status, s.steps_to_reproduce, s.submitted_at, s.summary, s.updated_at, s.validation_started_at, s.id0, s.created_at0, s.department, s.email, s.first_name, s.is_active, s.last_login_at, s.last_name, s.password_hash, s.phone_number, s.role, s.updated_at0, s.id1, s.created_at1, s.department0, s.email0, s.first_name0, s.is_active0, s.last_login_at0, s.last_name0, s.password_hash0, s.phone_number0, s.role0, s.updated_at1, s0.id, s0.comments, s0.created_at, s0.decided_at, s0.decision, s0.field_issue_id, s0.reviewer_id, s0.updated_at, s0.id0, s0.created_at0, s0.department, s0.email, s0.first_name, s0.is_active, s0.last_login_at, s0.last_name, s0.password_hash, s0.phone_number, s0.role, s0.updated_at0, s1.id, s1.author_id, s1.content, s1.created_at, s1.field_issue_id, s1.is_internal, s1.parent_comment_id, s1.updated_at, s1.id0, s1.created_at0, s1.department, s1.email, s1.first_name, s1.is_active, s1.last_login_at, s1.last_name, s1.password_hash, s1.phone_number, s1.role, s1.updated_at0, s2.id, s2.content_type, s2.created_at, s2.description, s2.field_issue_id, s2.file_name, s2.file_size_bytes, s2.original_file_name, s2.storage_path, s2.updated_at, s2.uploaded_by_id, s2.id0, s2.created_at0, s2.department, s2.email, s2.first_name, s2.is_active, s2.last_login_at, s2.last_name, s2.password_hash, s2.phone_number, s2.role, s2.updated_at0, s3.id, s3.author_id, s3.content, s3.created_at, s3.field_issue_id, s3.firmware_version, s3.fix, s3.is_resolution_note, s3.root_cause, s3.updated_at, s3.id0, s3.created_at0, s3.department, s3.email, s3.first_name, s3.is_active, s3.last_login_at, s3.last_name, s3.password_hash, s3.phone_number, s3.role, s3.updated_at0, s4.id, s4.created_at, s4.field_issue_id, s4.firmware_version_tested, s4.notes, s4.result, s4.test_environment, s4.updated_at, s4.validated_at, s4.validator_id, s4.id0, s4.created_at0, s4.department, s4.email, s4.first_name, s4.is_active, s4.last_login_at, s4.last_name, s4.password_hash, s4.phone_number, s4.role, s4.updated_at0, a1.id, a1.action, a1.created_at, a1.description, a1.field_issue_id, a1.metadata, a1.performed_by_id, a1.status_at_time, a1.updated_at
FROM (
    SELECT f.id, f.actual_behavior, f.approved_at, f.assigned_developer_id, f.category, f.closed_at, f.comm_type, f.created_at, f.customer_id, f.customer_site_address, f.description, f.development_started_at, f.expected_behavior, f.field_observations, f.issue_number, f.jira_key, f.jira_url, f.firmware_version, f.meter_serial, f.meter_type, f.priority, f.reporter_id, f.review_started_at, f.severity, f.status, f.steps_to_reproduce, f.submitted_at, f.summary, f.updated_at, f.validation_started_at, u.id AS id0, u.created_at AS created_at0, u.department, u.email, u.first_name, u.is_active, u.last_login_at, u.last_name, u.password_hash, u.phone_number, u.role, u.updated_at AS updated_at0, u0.id AS id1, u0.created_at AS created_at1, u0.department AS department0, u0.email AS email0, u0.first_name AS first_name0, u0.is_active AS is_active0, u0.last_login_at AS last_login_at0, u0.last_name AS last_name0, u0.password_hash AS password_hash0, u0.phone_number AS phone_number0, u0.role AS role0, u0.updated_at AS updated_at1
    FROM field_issues AS f
    INNER JOIN users AS u ON f.reporter_id = u.id
    LEFT JOIN users AS u0 ON f.assigned_developer_id = u0.id
    WHERE f.id = @__id_0
    LIMIT 1
) AS s
LEFT JOIN (
    SELECT a.id, a.comments, a.created_at, a.decided_at, a.decision, a.field_issue_id, a.reviewer_id, a.updated_at, u1.id AS id0, u1.created_at AS created_at0, u1.department, u1.email, u1.first_name, u1.is_active, u1.last_login_at, u1.last_name, u1.password_hash, u1.phone_number, u1.role, u1.updated_at AS updated_at0
    FROM approvals AS a
    INNER JOIN users AS u1 ON a.reviewer_id = u1.id
) AS s0 ON s.id = s0.field_issue_id
LEFT JOIN (
    SELECT c.id, c.author_id, c.content, c.created_at, c.field_issue_id, c.is_internal, c.parent_comment_id, c.updated_at, u2.id AS id0, u2.created_at AS created_at0, u2.department, u2.email, u2.first_name, u2.is_active, u2.last_login_at, u2.last_name, u2.password_hash, u2.phone_number, u2.role, u2.updated_at AS updated_at0
    FROM comments AS c
    INNER JOIN users AS u2 ON c.author_id = u2.id
) AS s1 ON s.id = s1.field_issue_id
LEFT JOIN (
    SELECT a0.id, a0.content_type, a0.created_at, a0.description, a0.field_issue_id, a0.file_name, a0.file_size_bytes, a0.original_file_name, a0.storage_path, a0.updated_at, a0.uploaded_by_id, u3.id AS id0, u3.created_at AS created_at0, u3.department, u3.email, u3.first_name, u3.is_active, u3.last_login_at, u3.last_name, u3.password_hash, u3.phone_number, u3.role, u3.updated_at AS updated_at0
    FROM attachments AS a0
    INNER JOIN users AS u3 ON a0.uploaded_by_id = u3.id
) AS s2 ON s.id = s2.field_issue_id
LEFT JOIN (
    SELECT d.id, d.author_id, d.content, d.created_at, d.field_issue_id, d.firmware_version, d.fix, d.is_resolution_note, d.root_cause, d.updated_at, u4.id AS id0, u4.created_at AS created_at0, u4.department, u4.email, u4.first_name, u4.is_active, u4.last_login_at, u4.last_name, u4.password_hash, u4.phone_number, u4.role, u4.updated_at AS updated_at0
    FROM developer_notes AS d
    INNER JOIN users AS u4 ON d.author_id = u4.id
) AS s3 ON s.id = s3.field_issue_id
LEFT JOIN (
    SELECT v.id, v.created_at, v.field_issue_id, v.firmware_version_tested, v.notes, v.result, v.test_environment, v.updated_at, v.validated_at, v.validator_id, u5.id AS id0, u5.created_at AS created_at0, u5.department, u5.email, u5.first_name, u5.is_active, u5.last_login_at, u5.last_name, u5.password_hash, u5.phone_number, u5.role, u5.updated_at AS updated_at0
    FROM validations AS v
    INNER JOIN users AS u5 ON v.validator_id = u5.id
) AS s4 ON s.id = s4.field_issue_id
LEFT JOIN activity_log AS a1 ON s.id = a1.field_issue_id
ORDER BY s.id, s.id0, s.id1, s0.id, s0.id0, s1.id, s1.id0, s2.id, s2.id0, s3.id, s3.id0, s4.id, s4.id0
2026-07-29 12:13:52.193 +05:30 [INF] Executed DbCommand (6ms) [Parameters=[@p0='?' (DbType = Guid), @p1='?', @p2='?' (DbType = DateTime), @p3='?', @p4='?' (DbType = Guid), @p5='?' (DbType = Object), @p6='?' (DbType = Guid), @p7='?', @p8='?' (DbType = DateTime), @p12='?' (DbType = Guid), @p9='?', @p10='?' (DbType = DateTime), @p11='?' (DbType = DateTime)], CommandType='"Text"', CommandTimeout='30']
INSERT INTO activity_log (id, action, created_at, description, field_issue_id, metadata, performed_by_id, status_at_time, updated_at)
VALUES (@p0, @p1, @p2, @p3, @p4, @p5, @p6, @p7, @p8);
UPDATE field_issues SET status = @p9, submitted_at = @p10, updated_at = @p11
WHERE id = @p12;
2026-07-29 12:13:52.213 +05:30 [INF] Executed DbCommand (2ms) [Parameters=[@__role_0='?'], CommandType='"Text"', CommandTimeout='30']
SELECT u.id, u.created_at, u.department, u.email, u.first_name, u.is_active, u.last_login_at, u.last_name, u.password_hash, u.phone_number, u.role, u.updated_at
FROM users AS u
WHERE u.role = @__role_0 AND u.is_active
ORDER BY u.first_name
2026-07-29 12:13:54.947 +05:30 [WRN] Failed to send email to mohit@polarisgrids.com
MailKit.ServiceNotAuthenticatedException: 5.7.0 Authentication Required. For more information, go to
5.7.0  https://support.google.com/accounts/troubleshooter/2402620. 5a478bee46e88-31504b12cdasm7046509eec.1 - gsmtp
   at MailKit.Net.Smtp.SmtpClient.SendAsync(FormatOptions options, MimeMessage message, MailboxAddress sender, IList`1 recipients, CancellationToken cancellationToken, ITransferProgress progress)
   at MailKit.Net.Smtp.SmtpClient.SendAsync(FormatOptions options, MimeMessage message, MailboxAddress sender, IList`1 recipients, CancellationToken cancellationToken, ITransferProgress progress)
   at FIT.Infrastructure.Services.EmailService.SendAsync(String to, String subject, String body, Boolean isHtml, CancellationToken cancellationToken) in /Users/lalit.tak/Documents/Workspace/FIT/src/FIT.Infrastructure/Services/EmailService.cs:line 37
2026-07-29 12:13:54.960 +05:30 [INF] HTTP POST /api/issues/2918e1d0-5230-4ec3-8c4a-5671a44003b5/submit responded 204 in 2844.3024 ms
2026-07-29 12:13:55.146 +05:30 [INF] Executed DbCommand (6ms) [Parameters=[@__id_0='?' (DbType = Guid)], CommandType='"Text"', CommandTimeout='30']
SELECT s.id, s.actual_behavior, s.approved_at, s.assigned_developer_id, s.category, s.closed_at, s.comm_type, s.created_at, s.customer_id, s.customer_site_address, s.description, s.development_started_at, s.expected_behavior, s.field_observations, s.issue_number, s.jira_key, s.jira_url, s.firmware_version, s.meter_serial, s.meter_type, s.priority, s.reporter_id, s.review_started_at, s.severity, s.status, s.steps_to_reproduce, s.submitted_at, s.summary, s.updated_at, s.validation_started_at, s.id0, s.created_at0, s.department, s.email, s.first_name, s.is_active, s.last_login_at, s.last_name, s.password_hash, s.phone_number, s.role, s.updated_at0, s.id1, s.created_at1, s.department0, s.email0, s.first_name0, s.is_active0, s.last_login_at0, s.last_name0, s.password_hash0, s.phone_number0, s.role0, s.updated_at1, s0.id, s0.comments, s0.created_at, s0.decided_at, s0.decision, s0.field_issue_id, s0.reviewer_id, s0.updated_at, s0.id0, s0.created_at0, s0.department, s0.email, s0.first_name, s0.is_active, s0.last_login_at, s0.last_name, s0.password_hash, s0.phone_number, s0.role, s0.updated_at0, s1.id, s1.author_id, s1.content, s1.created_at, s1.field_issue_id, s1.is_internal, s1.parent_comment_id, s1.updated_at, s1.id0, s1.created_at0, s1.department, s1.email, s1.first_name, s1.is_active, s1.last_login_at, s1.last_name, s1.password_hash, s1.phone_number, s1.role, s1.updated_at0, s2.id, s2.content_type, s2.created_at, s2.description, s2.field_issue_id, s2.file_name, s2.file_size_bytes, s2.original_file_name, s2.storage_path, s2.updated_at, s2.uploaded_by_id, s2.id0, s2.created_at0, s2.department, s2.email, s2.first_name, s2.is_active, s2.last_login_at, s2.last_name, s2.password_hash, s2.phone_number, s2.role, s2.updated_at0, s3.id, s3.author_id, s3.content, s3.created_at, s3.field_issue_id, s3.firmware_version, s3.fix, s3.is_resolution_note, s3.root_cause, s3.updated_at, s3.id0, s3.created_at0, s3.department, s3.email, s3.first_name, s3.is_active, s3.last_login_at, s3.last_name, s3.password_hash, s3.phone_number, s3.role, s3.updated_at0, s4.id, s4.created_at, s4.field_issue_id, s4.firmware_version_tested, s4.notes, s4.result, s4.test_environment, s4.updated_at, s4.validated_at, s4.validator_id, s4.id0, s4.created_at0, s4.department, s4.email, s4.first_name, s4.is_active, s4.last_login_at, s4.last_name, s4.password_hash, s4.phone_number, s4.role, s4.updated_at0, a1.id, a1.action, a1.created_at, a1.description, a1.field_issue_id, a1.metadata, a1.performed_by_id, a1.status_at_time, a1.updated_at
FROM (
    SELECT f.id, f.actual_behavior, f.approved_at, f.assigned_developer_id, f.category, f.closed_at, f.comm_type, f.created_at, f.customer_id, f.customer_site_address, f.description, f.development_started_at, f.expected_behavior, f.field_observations, f.issue_number, f.jira_key, f.jira_url, f.firmware_version, f.meter_serial, f.meter_type, f.priority, f.reporter_id, f.review_started_at, f.severity, f.status, f.steps_to_reproduce, f.submitted_at, f.summary, f.updated_at, f.validation_started_at, u.id AS id0, u.created_at AS created_at0, u.department, u.email, u.first_name, u.is_active, u.last_login_at, u.last_name, u.password_hash, u.phone_number, u.role, u.updated_at AS updated_at0, u0.id AS id1, u0.created_at AS created_at1, u0.department AS department0, u0.email AS email0, u0.first_name AS first_name0, u0.is_active AS is_active0, u0.last_login_at AS last_login_at0, u0.last_name AS last_name0, u0.password_hash AS password_hash0, u0.phone_number AS phone_number0, u0.role AS role0, u0.updated_at AS updated_at1
    FROM field_issues AS f
    INNER JOIN users AS u ON f.reporter_id = u.id
    LEFT JOIN users AS u0 ON f.assigned_developer_id = u0.id
    WHERE f.id = @__id_0
    LIMIT 1
) AS s
LEFT JOIN (
    SELECT a.id, a.comments, a.created_at, a.decided_at, a.decision, a.field_issue_id, a.reviewer_id, a.updated_at, u1.id AS id0, u1.created_at AS created_at0, u1.department, u1.email, u1.first_name, u1.is_active, u1.last_login_at, u1.last_name, u1.password_hash, u1.phone_number, u1.role, u1.updated_at AS updated_at0
    FROM approvals AS a
    INNER JOIN users AS u1 ON a.reviewer_id = u1.id
) AS s0 ON s.id = s0.field_issue_id
LEFT JOIN (
    SELECT c.id, c.author_id, c.content, c.created_at, c.field_issue_id, c.is_internal, c.parent_comment_id, c.updated_at, u2.id AS id0, u2.created_at AS created_at0, u2.department, u2.email, u2.first_name, u2.is_active, u2.last_login_at, u2.last_name, u2.password_hash, u2.phone_number, u2.role, u2.updated_at AS updated_at0
    FROM comments AS c
    INNER JOIN users AS u2 ON c.author_id = u2.id
) AS s1 ON s.id = s1.field_issue_id
LEFT JOIN (
    SELECT a0.id, a0.content_type, a0.created_at, a0.description, a0.field_issue_id, a0.file_name, a0.file_size_bytes, a0.original_file_name, a0.storage_path, a0.updated_at, a0.uploaded_by_id, u3.id AS id0, u3.created_at AS created_at0, u3.department, u3.email, u3.first_name, u3.is_active, u3.last_login_at, u3.last_name, u3.password_hash, u3.phone_number, u3.role, u3.updated_at AS updated_at0
    FROM attachments AS a0
    INNER JOIN users AS u3 ON a0.uploaded_by_id = u3.id
) AS s2 ON s.id = s2.field_issue_id
LEFT JOIN (
    SELECT d.id, d.author_id, d.content, d.created_at, d.field_issue_id, d.firmware_version, d.fix, d.is_resolution_note, d.root_cause, d.updated_at, u4.id AS id0, u4.created_at AS created_at0, u4.department, u4.email, u4.first_name, u4.is_active, u4.last_login_at, u4.last_name, u4.password_hash, u4.phone_number, u4.role, u4.updated_at AS updated_at0
    FROM developer_notes AS d
    INNER JOIN users AS u4 ON d.author_id = u4.id
) AS s3 ON s.id = s3.field_issue_id
LEFT JOIN (
    SELECT v.id, v.created_at, v.field_issue_id, v.firmware_version_tested, v.notes, v.result, v.test_environment, v.updated_at, v.validated_at, v.validator_id, u5.id AS id0, u5.created_at AS created_at0, u5.department, u5.email, u5.first_name, u5.is_active, u5.last_login_at, u5.last_name, u5.password_hash, u5.phone_number, u5.role, u5.updated_at AS updated_at0
    FROM validations AS v
    INNER JOIN users AS u5 ON v.validator_id = u5.id
) AS s4 ON s.id = s4.field_issue_id
LEFT JOIN activity_log AS a1 ON s.id = a1.field_issue_id
ORDER BY s.id, s.id0, s.id1, s0.id, s0.id0, s1.id, s1.id0, s2.id, s2.id0, s3.id, s3.id0, s4.id, s4.id0
2026-07-29 12:13:55.158 +05:30 [INF] Start processing HTTP request POST https://grampower.atlassian.net/rest/api/3/issue
2026-07-29 12:13:55.159 +05:30 [INF] Sending HTTP request POST https://grampower.atlassian.net/rest/api/3/issue
2026-07-29 12:13:56.439 +05:30 [INF] Received HTTP response headers after 1277.7863ms - 201
2026-07-29 12:13:56.442 +05:30 [INF] End processing HTTP request after 1284.9456ms - 201
2026-07-29 12:13:56.465 +05:30 [INF] Executed DbCommand (3ms) [Parameters=[@p8='?' (DbType = Guid), @p0='?', @p1='?' (DbType = DateTime), @p2='?', @p3='?' (DbType = Guid), @p4='?' (DbType = Object), @p5='?' (DbType = Guid), @p6='?', @p7='?' (DbType = DateTime), @p16='?' (DbType = Guid), @p9='?', @p10='?' (DbType = DateTime), @p11='?' (DbType = DateTime), @p12='?', @p13='?' (DbType = Guid), @p14='?' (DbType = Guid), @p15='?' (DbType = DateTime), @p22='?' (DbType = Guid), @p17='?' (DbType = DateTime), @p18='?', @p19='?', @p20='?', @p21='?' (DbType = DateTime)], CommandType='"Text"', CommandTimeout='30']
UPDATE activity_log SET action = @p0, created_at = @p1, description = @p2, field_issue_id = @p3, metadata = @p4, performed_by_id = @p5, status_at_time = @p6, updated_at = @p7
WHERE id = @p8;
UPDATE approvals SET comments = @p9, created_at = @p10, decided_at = @p11, decision = @p12, field_issue_id = @p13, reviewer_id = @p14, updated_at = @p15
WHERE id = @p16;
UPDATE field_issues SET approved_at = @p17, jira_key = @p18, jira_url = @p19, status = @p20, updated_at = @p21
WHERE id = @p22;
2026-07-29 12:13:56.471 +05:30 [ERR] HTTP POST /api/issues/2918e1d0-5230-4ec3-8c4a-5671a44003b5/approve responded 500 in 1341.2747 ms
Microsoft.EntityFrameworkCore.DbUpdateConcurrencyException: The database operation was expected to affect 1 row(s), but actually affected 0 row(s); data may have been modified or deleted since entities were loaded. See https://go.microsoft.com/fwlink/?LinkId=527962 for information on understanding and handling optimistic concurrency exceptions.
   at Npgsql.EntityFrameworkCore.PostgreSQL.Update.Internal.NpgsqlModificationCommandBatch.ThrowAggregateUpdateConcurrencyExceptionAsync(RelationalDataReader reader, Int32 commandIndex, Int32 expectedRowsAffected, Int32 rowsAffected, CancellationToken cancellationToken)
   at Npgsql.EntityFrameworkCore.PostgreSQL.Update.Internal.NpgsqlModificationCommandBatch.Consume(RelationalDataReader reader, Boolean async, CancellationToken cancellationToken)
   at Microsoft.EntityFrameworkCore.Update.ReaderModificationCommandBatch.ExecuteAsync(IRelationalConnection connection, CancellationToken cancellationToken)
   at Microsoft.EntityFrameworkCore.Update.ReaderModificationCommandBatch.ExecuteAsync(IRelationalConnection connection, CancellationToken cancellationToken)
   at Microsoft.EntityFrameworkCore.Update.Internal.BatchExecutor.ExecuteAsync(IEnumerable`1 commandBatches, IRelationalConnection connection, CancellationToken cancellationToken)
   at Microsoft.EntityFrameworkCore.Update.Internal.BatchExecutor.ExecuteAsync(IEnumerable`1 commandBatches, IRelationalConnection connection, CancellationToken cancellationToken)
   at Microsoft.EntityFrameworkCore.Update.Internal.BatchExecutor.ExecuteAsync(IEnumerable`1 commandBatches, IRelationalConnection connection, CancellationToken cancellationToken)
   at Microsoft.EntityFrameworkCore.Storage.RelationalDatabase.SaveChangesAsync(IList`1 entries, CancellationToken cancellationToken)
   at Microsoft.EntityFrameworkCore.ChangeTracking.Internal.StateManager.SaveChangesAsync(IList`1 entriesToSave, CancellationToken cancellationToken)
   at Microsoft.EntityFrameworkCore.ChangeTracking.Internal.StateManager.SaveChangesAsync(StateManager stateManager, Boolean acceptAllChangesOnSuccess, CancellationToken cancellationToken)
   at Npgsql.EntityFrameworkCore.PostgreSQL.Storage.Internal.NpgsqlExecutionStrategy.ExecuteAsync[TState,TResult](TState state, Func`4 operation, Func`4 verifySucceeded, CancellationToken cancellationToken)
   at Microsoft.EntityFrameworkCore.DbContext.SaveChangesAsync(Boolean acceptAllChangesOnSuccess, CancellationToken cancellationToken)
   at FIT.Application.Features.Issues.Commands.ApproveIssue.ApproveIssueCommandHandler.Handle(ApproveIssueCommand request, CancellationToken cancellationToken) in /Users/lalit.tak/Documents/Workspace/FIT/src/FIT.Application/Features/Issues/Commands/ApproveIssue/ApproveIssueCommandHandler.cs:line 41
   at FIT.API.Controllers.IssuesController.Approve(Guid id, ApproveRequest req, CancellationToken ct) in /Users/lalit.tak/Documents/Workspace/FIT/src/FIT.API/Controllers/IssuesController.cs:line 59
   at Microsoft.AspNetCore.Mvc.Infrastructure.ActionMethodExecutor.TaskOfIActionResultExecutor.Execute(ActionContext actionContext, IActionResultTypeMapper mapper, ObjectMethodExecutor executor, Object controller, Object[] arguments)
   at Microsoft.AspNetCore.Mvc.Infrastructure.ControllerActionInvoker.<InvokeActionMethodAsync>g__Awaited|12_0(ControllerActionInvoker invoker, ValueTask`1 actionResultValueTask)
   at Microsoft.AspNetCore.Mvc.Infrastructure.ControllerActionInvoker.<InvokeNextActionFilterAsync>g__Awaited|10_0(ControllerActionInvoker invoker, Task lastTask, State next, Scope scope, Object state, Boolean isCompleted)
   at Microsoft.AspNetCore.Mvc.Infrastructure.ControllerActionInvoker.Rethrow(ActionExecutedContextSealed context)
   at Microsoft.AspNetCore.Mvc.Infrastructure.ControllerActionInvoker.Next(State& next, Scope& scope, Object& state, Boolean& isCompleted)
   at Microsoft.AspNetCore.Mvc.Infrastructure.ControllerActionInvoker.<InvokeInnerFilterAsync>g__Awaited|13_0(ControllerActionInvoker invoker, Task lastTask, State next, Scope scope, Object state, Boolean isCompleted)
   at Microsoft.AspNetCore.Mvc.Infrastructure.ResourceInvoker.<InvokeFilterPipelineAsync>g__Awaited|20_0(ResourceInvoker invoker, Task lastTask, State next, Scope scope, Object state, Boolean isCompleted)
   at Microsoft.AspNetCore.Mvc.Infrastructure.ResourceInvoker.<InvokeAsync>g__Awaited|17_0(ResourceInvoker invoker, Task task, IDisposable scope)
   at Microsoft.AspNetCore.Mvc.Infrastructure.ResourceInvoker.<InvokeAsync>g__Awaited|17_0(ResourceInvoker invoker, Task task, IDisposable scope)
   at Microsoft.AspNetCore.Authorization.AuthorizationMiddleware.Invoke(HttpContext context)
   at Microsoft.AspNetCore.Authentication.AuthenticationMiddleware.Invoke(HttpContext context)
   at Serilog.AspNetCore.RequestLoggingMiddleware.Invoke(HttpContext httpContext)
2026-07-29 12:13:56.478 +05:30 [ERR] An unhandled exception has occurred while executing the request.
Microsoft.EntityFrameworkCore.DbUpdateConcurrencyException: The database operation was expected to affect 1 row(s), but actually affected 0 row(s); data may have been modified or deleted since entities were loaded. See https://go.microsoft.com/fwlink/?LinkId=527962 for information on understanding and handling optimistic concurrency exceptions.
   at Npgsql.EntityFrameworkCore.PostgreSQL.Update.Internal.NpgsqlModificationCommandBatch.ThrowAggregateUpdateConcurrencyExceptionAsync(RelationalDataReader reader, Int32 commandIndex, Int32 expectedRowsAffected, Int32 rowsAffected, CancellationToken cancellationToken)
   at Npgsql.EntityFrameworkCore.PostgreSQL.Update.Internal.NpgsqlModificationCommandBatch.Consume(RelationalDataReader reader, Boolean async, CancellationToken cancellationToken)
   at Microsoft.EntityFrameworkCore.Update.ReaderModificationCommandBatch.ExecuteAsync(IRelationalConnection connection, CancellationToken cancellationToken)
   at Microsoft.EntityFrameworkCore.Update.ReaderModificationCommandBatch.ExecuteAsync(IRelationalConnection connection, CancellationToken cancellationToken)
   at Microsoft.EntityFrameworkCore.Update.Internal.BatchExecutor.ExecuteAsync(IEnumerable`1 commandBatches, IRelationalConnection connection, CancellationToken cancellationToken)
   at Microsoft.EntityFrameworkCore.Update.Internal.BatchExecutor.ExecuteAsync(IEnumerable`1 commandBatches, IRelationalConnection connection, CancellationToken cancellationToken)
   at Microsoft.EntityFrameworkCore.Update.Internal.BatchExecutor.ExecuteAsync(IEnumerable`1 commandBatches, IRelationalConnection connection, CancellationToken cancellationToken)
   at Microsoft.EntityFrameworkCore.Storage.RelationalDatabase.SaveChangesAsync(IList`1 entries, CancellationToken cancellationToken)
   at Microsoft.EntityFrameworkCore.ChangeTracking.Internal.StateManager.SaveChangesAsync(IList`1 entriesToSave, CancellationToken cancellationToken)
   at Microsoft.EntityFrameworkCore.ChangeTracking.Internal.StateManager.SaveChangesAsync(StateManager stateManager, Boolean acceptAllChangesOnSuccess, CancellationToken cancellationToken)
   at Npgsql.EntityFrameworkCore.PostgreSQL.Storage.Internal.NpgsqlExecutionStrategy.ExecuteAsync[TState,TResult](TState state, Func`4 operation, Func`4 verifySucceeded, CancellationToken cancellationToken)
   at Microsoft.EntityFrameworkCore.DbContext.SaveChangesAsync(Boolean acceptAllChangesOnSuccess, CancellationToken cancellationToken)
   at FIT.Application.Features.Issues.Commands.ApproveIssue.ApproveIssueCommandHandler.Handle(ApproveIssueCommand request, CancellationToken cancellationToken) in /Users/lalit.tak/Documents/Workspace/FIT/src/FIT.Application/Features/Issues/Commands/ApproveIssue/ApproveIssueCommandHandler.cs:line 41
   at FIT.API.Controllers.IssuesController.Approve(Guid id, ApproveRequest req, CancellationToken ct) in /Users/lalit.tak/Documents/Workspace/FIT/src/FIT.API/Controllers/IssuesController.cs:line 59
   at Microsoft.AspNetCore.Mvc.Infrastructure.ActionMethodExecutor.TaskOfIActionResultExecutor.Execute(ActionContext actionContext, IActionResultTypeMapper mapper, ObjectMethodExecutor executor, Object controller, Object[] arguments)
   at Microsoft.AspNetCore.Mvc.Infrastructure.ControllerActionInvoker.<InvokeActionMethodAsync>g__Awaited|12_0(ControllerActionInvoker invoker, ValueTask`1 actionResultValueTask)
   at Microsoft.AspNetCore.Mvc.Infrastructure.ControllerActionInvoker.<InvokeNextActionFilterAsync>g__Awaited|10_0(ControllerActionInvoker invoker, Task lastTask, State next, Scope scope, Object state, Boolean isCompleted)
   at Microsoft.AspNetCore.Mvc.Infrastructure.ControllerActionInvoker.Rethrow(ActionExecutedContextSealed context)
   at Microsoft.AspNetCore.Mvc.Infrastructure.ControllerActionInvoker.Next(State& next, Scope& scope, Object& state, Boolean& isCompleted)
   at Microsoft.AspNetCore.Mvc.Infrastructure.ControllerActionInvoker.<InvokeInnerFilterAsync>g__Awaited|13_0(ControllerActionInvoker invoker, Task lastTask, State next, Scope scope, Object state, Boolean isCompleted)
   at Microsoft.AspNetCore.Mvc.Infrastructure.ResourceInvoker.<InvokeFilterPipelineAsync>g__Awaited|20_0(ResourceInvoker invoker, Task lastTask, State next, Scope scope, Object state, Boolean isCompleted)
   at Microsoft.AspNetCore.Mvc.Infrastructure.ResourceInvoker.<InvokeAsync>g__Awaited|17_0(ResourceInvoker invoker, Task task, IDisposable scope)
   at Microsoft.AspNetCore.Mvc.Infrastructure.ResourceInvoker.<InvokeAsync>g__Awaited|17_0(ResourceInvoker invoker, Task task, IDisposable scope)
   at Microsoft.AspNetCore.Authorization.AuthorizationMiddleware.Invoke(HttpContext context)
   at Microsoft.AspNetCore.Authentication.AuthenticationMiddleware.Invoke(HttpContext context)
   at Serilog.AspNetCore.RequestLoggingMiddleware.Invoke(HttpContext httpContext)
   at Microsoft.AspNetCore.Diagnostics.ExceptionHandlerMiddlewareImpl.<Invoke>g__Awaited|10_0(ExceptionHandlerMiddlewareImpl middleware, HttpContext context, Task task)
2026-07-29 12:13:56.480 +05:30 [ERR] Unhandled exception
Microsoft.EntityFrameworkCore.DbUpdateConcurrencyException: The database operation was expected to affect 1 row(s), but actually affected 0 row(s); data may have been modified or deleted since entities were loaded. See https://go.microsoft.com/fwlink/?LinkId=527962 for information on understanding and handling optimistic concurrency exceptions.
   at Npgsql.EntityFrameworkCore.PostgreSQL.Update.Internal.NpgsqlModificationCommandBatch.ThrowAggregateUpdateConcurrencyExceptionAsync(RelationalDataReader reader, Int32 commandIndex, Int32 expectedRowsAffected, Int32 rowsAffected, CancellationToken cancellationToken)
   at Npgsql.EntityFrameworkCore.PostgreSQL.Update.Internal.NpgsqlModificationCommandBatch.Consume(RelationalDataReader reader, Boolean async, CancellationToken cancellationToken)
   at Microsoft.EntityFrameworkCore.Update.ReaderModificationCommandBatch.ExecuteAsync(IRelationalConnection connection, CancellationToken cancellationToken)
   at Microsoft.EntityFrameworkCore.Update.ReaderModificationCommandBatch.ExecuteAsync(IRelationalConnection connection, CancellationToken cancellationToken)
   at Microsoft.EntityFrameworkCore.Update.Internal.BatchExecutor.ExecuteAsync(IEnumerable`1 commandBatches, IRelationalConnection connection, CancellationToken cancellationToken)
   at Microsoft.EntityFrameworkCore.Update.Internal.BatchExecutor.ExecuteAsync(IEnumerable`1 commandBatches, IRelationalConnection connection, CancellationToken cancellationToken)
   at Microsoft.EntityFrameworkCore.Update.Internal.BatchExecutor.ExecuteAsync(IEnumerable`1 commandBatches, IRelationalConnection connection, CancellationToken cancellationToken)
   at Microsoft.EntityFrameworkCore.Storage.RelationalDatabase.SaveChangesAsync(IList`1 entries, CancellationToken cancellationToken)
   at Microsoft.EntityFrameworkCore.ChangeTracking.Internal.StateManager.SaveChangesAsync(IList`1 entriesToSave, CancellationToken cancellationToken)
   at Microsoft.EntityFrameworkCore.ChangeTracking.Internal.StateManager.SaveChangesAsync(StateManager stateManager, Boolean acceptAllChangesOnSuccess, CancellationToken cancellationToken)
   at Npgsql.EntityFrameworkCore.PostgreSQL.Storage.Internal.NpgsqlExecutionStrategy.ExecuteAsync[TState,TResult](TState state, Func`4 operation, Func`4 verifySucceeded, CancellationToken cancellationToken)
   at Microsoft.EntityFrameworkCore.DbContext.SaveChangesAsync(Boolean acceptAllChangesOnSuccess, CancellationToken cancellationToken)
   at FIT.Application.Features.Issues.Commands.ApproveIssue.ApproveIssueCommandHandler.Handle(ApproveIssueCommand request, CancellationToken cancellationToken) in /Users/lalit.tak/Documents/Workspace/FIT/src/FIT.Application/Features/Issues/Commands/ApproveIssue/ApproveIssueCommandHandler.cs:line 41
   at FIT.API.Controllers.IssuesController.Approve(Guid id, ApproveRequest req, CancellationToken ct) in /Users/lalit.tak/Documents/Workspace/FIT/src/FIT.API/Controllers/IssuesController.cs:line 59
   at Microsoft.AspNetCore.Mvc.Infrastructure.ActionMethodExecutor.TaskOfIActionResultExecutor.Execute(ActionContext actionContext, IActionResultTypeMapper mapper, ObjectMethodExecutor executor, Object controller, Object[] arguments)
   at Microsoft.AspNetCore.Mvc.Infrastructure.ControllerActionInvoker.<InvokeActionMethodAsync>g__Awaited|12_0(ControllerActionInvoker invoker, ValueTask`1 actionResultValueTask)
   at Microsoft.AspNetCore.Mvc.Infrastructure.ControllerActionInvoker.<InvokeNextActionFilterAsync>g__Awaited|10_0(ControllerActionInvoker invoker, Task lastTask, State next, Scope scope, Object state, Boolean isCompleted)
   at Microsoft.AspNetCore.Mvc.Infrastructure.ControllerActionInvoker.Rethrow(ActionExecutedContextSealed context)
   at Microsoft.AspNetCore.Mvc.Infrastructure.ControllerActionInvoker.Next(State& next, Scope& scope, Object& state, Boolean& isCompleted)
   at Microsoft.AspNetCore.Mvc.Infrastructure.ControllerActionInvoker.<InvokeInnerFilterAsync>g__Awaited|13_0(ControllerActionInvoker invoker, Task lastTask, State next, Scope scope, Object state, Boolean isCompleted)
   at Microsoft.AspNetCore.Mvc.Infrastructure.ResourceInvoker.<InvokeFilterPipelineAsync>g__Awaited|20_0(ResourceInvoker invoker, Task lastTask, State next, Scope scope, Object state, Boolean isCompleted)
   at Microsoft.AspNetCore.Mvc.Infrastructure.ResourceInvoker.<InvokeAsync>g__Awaited|17_0(ResourceInvoker invoker, Task task, IDisposable scope)
   at Microsoft.AspNetCore.Mvc.Infrastructure.ResourceInvoker.<InvokeAsync>g__Awaited|17_0(ResourceInvoker invoker, Task task, IDisposable scope)
   at Microsoft.AspNetCore.Authorization.AuthorizationMiddleware.Invoke(HttpContext context)
   at Microsoft.AspNetCore.Authentication.AuthenticationMiddleware.Invoke(HttpContext context)
   at Serilog.AspNetCore.RequestLoggingMiddleware.Invoke(HttpContext httpContext)
   at Microsoft.AspNetCore.Diagnostics.ExceptionHandlerMiddlewareImpl.<Invoke>g__Awaited|10_0(ExceptionHandlerMiddlewareImpl middleware, HttpContext context, Task task)
2026-07-29 12:14:36.732 +05:30 [INF] Executed DbCommand (1ms) [Parameters=[@__email_0='?'], CommandType='"Text"', CommandTimeout='30']
SELECT u.id, u.created_at, u.department, u.email, u.first_name, u.is_active, u.last_login_at, u.last_name, u.password_hash, u.phone_number, u.role, u.updated_at
FROM users AS u
WHERE u.email = @__email_0
LIMIT 1
2026-07-29 12:14:37.129 +05:30 [INF] HTTP POST /api/auth/login responded 200 in 399.7491 ms
2026-07-29 12:14:37.172 +05:30 [INF] Executed DbCommand (7ms) [Parameters=[@__id_0='?' (DbType = Guid)], CommandType='"Text"', CommandTimeout='30']
SELECT s.id, s.actual_behavior, s.approved_at, s.assigned_developer_id, s.category, s.closed_at, s.comm_type, s.created_at, s.customer_id, s.customer_site_address, s.description, s.development_started_at, s.expected_behavior, s.field_observations, s.issue_number, s.jira_key, s.jira_url, s.firmware_version, s.meter_serial, s.meter_type, s.priority, s.reporter_id, s.review_started_at, s.severity, s.status, s.steps_to_reproduce, s.submitted_at, s.summary, s.updated_at, s.validation_started_at, s.id0, s.created_at0, s.department, s.email, s.first_name, s.is_active, s.last_login_at, s.last_name, s.password_hash, s.phone_number, s.role, s.updated_at0, s.id1, s.created_at1, s.department0, s.email0, s.first_name0, s.is_active0, s.last_login_at0, s.last_name0, s.password_hash0, s.phone_number0, s.role0, s.updated_at1, s0.id, s0.comments, s0.created_at, s0.decided_at, s0.decision, s0.field_issue_id, s0.reviewer_id, s0.updated_at, s0.id0, s0.created_at0, s0.department, s0.email, s0.first_name, s0.is_active, s0.last_login_at, s0.last_name, s0.password_hash, s0.phone_number, s0.role, s0.updated_at0, s1.id, s1.author_id, s1.content, s1.created_at, s1.field_issue_id, s1.is_internal, s1.parent_comment_id, s1.updated_at, s1.id0, s1.created_at0, s1.department, s1.email, s1.first_name, s1.is_active, s1.last_login_at, s1.last_name, s1.password_hash, s1.phone_number, s1.role, s1.updated_at0, s2.id, s2.content_type, s2.created_at, s2.description, s2.field_issue_id, s2.file_name, s2.file_size_bytes, s2.original_file_name, s2.storage_path, s2.updated_at, s2.uploaded_by_id, s2.id0, s2.created_at0, s2.department, s2.email, s2.first_name, s2.is_active, s2.last_login_at, s2.last_name, s2.password_hash, s2.phone_number, s2.role, s2.updated_at0, s3.id, s3.author_id, s3.content, s3.created_at, s3.field_issue_id, s3.firmware_version, s3.fix, s3.is_resolution_note, s3.root_cause, s3.updated_at, s3.id0, s3.created_at0, s3.department, s3.email, s3.first_name, s3.is_active, s3.last_login_at, s3.last_name, s3.password_hash, s3.phone_number, s3.role, s3.updated_at0, s4.id, s4.created_at, s4.field_issue_id, s4.firmware_version_tested, s4.notes, s4.result, s4.test_environment, s4.updated_at, s4.validated_at, s4.validator_id, s4.id0, s4.created_at0, s4.department, s4.email, s4.first_name, s4.is_active, s4.last_login_at, s4.last_name, s4.password_hash, s4.phone_number, s4.role, s4.updated_at0, a1.id, a1.action, a1.created_at, a1.description, a1.field_issue_id, a1.metadata, a1.performed_by_id, a1.status_at_time, a1.updated_at
FROM (
    SELECT f.id, f.actual_behavior, f.approved_at, f.assigned_developer_id, f.category, f.closed_at, f.comm_type, f.created_at, f.customer_id, f.customer_site_address, f.description, f.development_started_at, f.expected_behavior, f.field_observations, f.issue_number, f.jira_key, f.jira_url, f.firmware_version, f.meter_serial, f.meter_type, f.priority, f.reporter_id, f.review_started_at, f.severity, f.status, f.steps_to_reproduce, f.submitted_at, f.summary, f.updated_at, f.validation_started_at, u.id AS id0, u.created_at AS created_at0, u.department, u.email, u.first_name, u.is_active, u.last_login_at, u.last_name, u.password_hash, u.phone_number, u.role, u.updated_at AS updated_at0, u0.id AS id1, u0.created_at AS created_at1, u0.department AS department0, u0.email AS email0, u0.first_name AS first_name0, u0.is_active AS is_active0, u0.last_login_at AS last_login_at0, u0.last_name AS last_name0, u0.password_hash AS password_hash0, u0.phone_number AS phone_number0, u0.role AS role0, u0.updated_at AS updated_at1
    FROM field_issues AS f
    INNER JOIN users AS u ON f.reporter_id = u.id
    LEFT JOIN users AS u0 ON f.assigned_developer_id = u0.id
    WHERE f.id = @__id_0
    LIMIT 1
) AS s
LEFT JOIN (
    SELECT a.id, a.comments, a.created_at, a.decided_at, a.decision, a.field_issue_id, a.reviewer_id, a.updated_at, u1.id AS id0, u1.created_at AS created_at0, u1.department, u1.email, u1.first_name, u1.is_active, u1.last_login_at, u1.last_name, u1.password_hash, u1.phone_number, u1.role, u1.updated_at AS updated_at0
    FROM approvals AS a
    INNER JOIN users AS u1 ON a.reviewer_id = u1.id
) AS s0 ON s.id = s0.field_issue_id
LEFT JOIN (
    SELECT c.id, c.author_id, c.content, c.created_at, c.field_issue_id, c.is_internal, c.parent_comment_id, c.updated_at, u2.id AS id0, u2.created_at AS created_at0, u2.department, u2.email, u2.first_name, u2.is_active, u2.last_login_at, u2.last_name, u2.password_hash, u2.phone_number, u2.role, u2.updated_at AS updated_at0
    FROM comments AS c
    INNER JOIN users AS u2 ON c.author_id = u2.id
) AS s1 ON s.id = s1.field_issue_id
LEFT JOIN (
    SELECT a0.id, a0.content_type, a0.created_at, a0.description, a0.field_issue_id, a0.file_name, a0.file_size_bytes, a0.original_file_name, a0.storage_path, a0.updated_at, a0.uploaded_by_id, u3.id AS id0, u3.created_at AS created_at0, u3.department, u3.email, u3.first_name, u3.is_active, u3.last_login_at, u3.last_name, u3.password_hash, u3.phone_number, u3.role, u3.updated_at AS updated_at0
    FROM attachments AS a0
    INNER JOIN users AS u3 ON a0.uploaded_by_id = u3.id
) AS s2 ON s.id = s2.field_issue_id
LEFT JOIN (
    SELECT d.id, d.author_id, d.content, d.created_at, d.field_issue_id, d.firmware_version, d.fix, d.is_resolution_note, d.root_cause, d.updated_at, u4.id AS id0, u4.created_at AS created_at0, u4.department, u4.email, u4.first_name, u4.is_active, u4.last_login_at, u4.last_name, u4.password_hash, u4.phone_number, u4.role, u4.updated_at AS updated_at0
    FROM developer_notes AS d
    INNER JOIN users AS u4 ON d.author_id = u4.id
) AS s3 ON s.id = s3.field_issue_id
LEFT JOIN (
    SELECT v.id, v.created_at, v.field_issue_id, v.firmware_version_tested, v.notes, v.result, v.test_environment, v.updated_at, v.validated_at, v.validator_id, u5.id AS id0, u5.created_at AS created_at0, u5.department, u5.email, u5.first_name, u5.is_active, u5.last_login_at, u5.last_name, u5.password_hash, u5.phone_number, u5.role, u5.updated_at AS updated_at0
    FROM validations AS v
    INNER JOIN users AS u5 ON v.validator_id = u5.id
) AS s4 ON s.id = s4.field_issue_id
LEFT JOIN activity_log AS a1 ON s.id = a1.field_issue_id
ORDER BY s.id, s.id0, s.id1, s0.id, s0.id0, s1.id, s1.id0, s2.id, s2.id0, s3.id, s3.id0, s4.id, s4.id0
2026-07-29 12:14:37.174 +05:30 [INF] Start processing HTTP request POST https://grampower.atlassian.net/rest/api/3/issue
2026-07-29 12:14:37.174 +05:30 [INF] Sending HTTP request POST https://grampower.atlassian.net/rest/api/3/issue
2026-07-29 12:14:38.045 +05:30 [INF] Received HTTP response headers after 871.2479ms - 201
2026-07-29 12:14:38.046 +05:30 [INF] End processing HTTP request after 872.013ms - 201
2026-07-29 12:14:38.053 +05:30 [INF] Executed DbCommand (3ms) [Parameters=[@p8='?' (DbType = Guid), @p0='?', @p1='?' (DbType = DateTime), @p2='?', @p3='?' (DbType = Guid), @p4='?' (DbType = Object), @p5='?' (DbType = Guid), @p6='?', @p7='?' (DbType = DateTime), @p16='?' (DbType = Guid), @p9='?', @p10='?' (DbType = DateTime), @p11='?' (DbType = DateTime), @p12='?', @p13='?' (DbType = Guid), @p14='?' (DbType = Guid), @p15='?' (DbType = DateTime), @p22='?' (DbType = Guid), @p17='?' (DbType = DateTime), @p18='?', @p19='?', @p20='?', @p21='?' (DbType = DateTime)], CommandType='"Text"', CommandTimeout='30']
UPDATE activity_log SET action = @p0, created_at = @p1, description = @p2, field_issue_id = @p3, metadata = @p4, performed_by_id = @p5, status_at_time = @p6, updated_at = @p7
WHERE id = @p8;
UPDATE approvals SET comments = @p9, created_at = @p10, decided_at = @p11, decision = @p12, field_issue_id = @p13, reviewer_id = @p14, updated_at = @p15
WHERE id = @p16;
UPDATE field_issues SET approved_at = @p17, jira_key = @p18, jira_url = @p19, status = @p20, updated_at = @p21
WHERE id = @p22;
2026-07-29 12:14:38.055 +05:30 [ERR] HTTP POST /api/issues/2918e1d0-5230-4ec3-8c4a-5671a44003b5/approve responded 500 in 893.0415 ms
Microsoft.EntityFrameworkCore.DbUpdateConcurrencyException: The database operation was expected to affect 1 row(s), but actually affected 0 row(s); data may have been modified or deleted since entities were loaded. See https://go.microsoft.com/fwlink/?LinkId=527962 for information on understanding and handling optimistic concurrency exceptions.
   at Npgsql.EntityFrameworkCore.PostgreSQL.Update.Internal.NpgsqlModificationCommandBatch.ThrowAggregateUpdateConcurrencyExceptionAsync(RelationalDataReader reader, Int32 commandIndex, Int32 expectedRowsAffected, Int32 rowsAffected, CancellationToken cancellationToken)
   at Npgsql.EntityFrameworkCore.PostgreSQL.Update.Internal.NpgsqlModificationCommandBatch.Consume(RelationalDataReader reader, Boolean async, CancellationToken cancellationToken)
   at Microsoft.EntityFrameworkCore.Update.ReaderModificationCommandBatch.ExecuteAsync(IRelationalConnection connection, CancellationToken cancellationToken)
   at Microsoft.EntityFrameworkCore.Update.ReaderModificationCommandBatch.ExecuteAsync(IRelationalConnection connection, CancellationToken cancellationToken)
   at Microsoft.EntityFrameworkCore.Update.Internal.BatchExecutor.ExecuteAsync(IEnumerable`1 commandBatches, IRelationalConnection connection, CancellationToken cancellationToken)
   at Microsoft.EntityFrameworkCore.Update.Internal.BatchExecutor.ExecuteAsync(IEnumerable`1 commandBatches, IRelationalConnection connection, CancellationToken cancellationToken)
   at Microsoft.EntityFrameworkCore.Update.Internal.BatchExecutor.ExecuteAsync(IEnumerable`1 commandBatches, IRelationalConnection connection, CancellationToken cancellationToken)
   at Microsoft.EntityFrameworkCore.Storage.RelationalDatabase.SaveChangesAsync(IList`1 entries, CancellationToken cancellationToken)
   at Microsoft.EntityFrameworkCore.ChangeTracking.Internal.StateManager.SaveChangesAsync(IList`1 entriesToSave, CancellationToken cancellationToken)
   at Microsoft.EntityFrameworkCore.ChangeTracking.Internal.StateManager.SaveChangesAsync(StateManager stateManager, Boolean acceptAllChangesOnSuccess, CancellationToken cancellationToken)
   at Npgsql.EntityFrameworkCore.PostgreSQL.Storage.Internal.NpgsqlExecutionStrategy.ExecuteAsync[TState,TResult](TState state, Func`4 operation, Func`4 verifySucceeded, CancellationToken cancellationToken)
   at Microsoft.EntityFrameworkCore.DbContext.SaveChangesAsync(Boolean acceptAllChangesOnSuccess, CancellationToken cancellationToken)
   at FIT.Application.Features.Issues.Commands.ApproveIssue.ApproveIssueCommandHandler.Handle(ApproveIssueCommand request, CancellationToken cancellationToken) in /Users/lalit.tak/Documents/Workspace/FIT/src/FIT.Application/Features/Issues/Commands/ApproveIssue/ApproveIssueCommandHandler.cs:line 41
   at FIT.API.Controllers.IssuesController.Approve(Guid id, ApproveRequest req, CancellationToken ct) in /Users/lalit.tak/Documents/Workspace/FIT/src/FIT.API/Controllers/IssuesController.cs:line 59
   at Microsoft.AspNetCore.Mvc.Infrastructure.ActionMethodExecutor.TaskOfIActionResultExecutor.Execute(ActionContext actionContext, IActionResultTypeMapper mapper, ObjectMethodExecutor executor, Object controller, Object[] arguments)
   at Microsoft.AspNetCore.Mvc.Infrastructure.ControllerActionInvoker.<InvokeActionMethodAsync>g__Awaited|12_0(ControllerActionInvoker invoker, ValueTask`1 actionResultValueTask)
   at Microsoft.AspNetCore.Mvc.Infrastructure.ControllerActionInvoker.<InvokeNextActionFilterAsync>g__Awaited|10_0(ControllerActionInvoker invoker, Task lastTask, State next, Scope scope, Object state, Boolean isCompleted)
   at Microsoft.AspNetCore.Mvc.Infrastructure.ControllerActionInvoker.Rethrow(ActionExecutedContextSealed context)
   at Microsoft.AspNetCore.Mvc.Infrastructure.ControllerActionInvoker.Next(State& next, Scope& scope, Object& state, Boolean& isCompleted)
   at Microsoft.AspNetCore.Mvc.Infrastructure.ControllerActionInvoker.<InvokeInnerFilterAsync>g__Awaited|13_0(ControllerActionInvoker invoker, Task lastTask, State next, Scope scope, Object state, Boolean isCompleted)
   at Microsoft.AspNetCore.Mvc.Infrastructure.ResourceInvoker.<InvokeFilterPipelineAsync>g__Awaited|20_0(ResourceInvoker invoker, Task lastTask, State next, Scope scope, Object state, Boolean isCompleted)
   at Microsoft.AspNetCore.Mvc.Infrastructure.ResourceInvoker.<InvokeAsync>g__Awaited|17_0(ResourceInvoker invoker, Task task, IDisposable scope)
   at Microsoft.AspNetCore.Mvc.Infrastructure.ResourceInvoker.<InvokeAsync>g__Awaited|17_0(ResourceInvoker invoker, Task task, IDisposable scope)
   at Microsoft.AspNetCore.Authorization.AuthorizationMiddleware.Invoke(HttpContext context)
   at Microsoft.AspNetCore.Authentication.AuthenticationMiddleware.Invoke(HttpContext context)
   at Serilog.AspNetCore.RequestLoggingMiddleware.Invoke(HttpContext httpContext)
2026-07-29 12:14:38.057 +05:30 [ERR] An unhandled exception has occurred while executing the request.
Microsoft.EntityFrameworkCore.DbUpdateConcurrencyException: The database operation was expected to affect 1 row(s), but actually affected 0 row(s); data may have been modified or deleted since entities were loaded. See https://go.microsoft.com/fwlink/?LinkId=527962 for information on understanding and handling optimistic concurrency exceptions.
   at Npgsql.EntityFrameworkCore.PostgreSQL.Update.Internal.NpgsqlModificationCommandBatch.ThrowAggregateUpdateConcurrencyExceptionAsync(RelationalDataReader reader, Int32 commandIndex, Int32 expectedRowsAffected, Int32 rowsAffected, CancellationToken cancellationToken)
   at Npgsql.EntityFrameworkCore.PostgreSQL.Update.Internal.NpgsqlModificationCommandBatch.Consume(RelationalDataReader reader, Boolean async, CancellationToken cancellationToken)
   at Microsoft.EntityFrameworkCore.Update.ReaderModificationCommandBatch.ExecuteAsync(IRelationalConnection connection, CancellationToken cancellationToken)
   at Microsoft.EntityFrameworkCore.Update.ReaderModificationCommandBatch.ExecuteAsync(IRelationalConnection connection, CancellationToken cancellationToken)
   at Microsoft.EntityFrameworkCore.Update.Internal.BatchExecutor.ExecuteAsync(IEnumerable`1 commandBatches, IRelationalConnection connection, CancellationToken cancellationToken)
   at Microsoft.EntityFrameworkCore.Update.Internal.BatchExecutor.ExecuteAsync(IEnumerable`1 commandBatches, IRelationalConnection connection, CancellationToken cancellationToken)
   at Microsoft.EntityFrameworkCore.Update.Internal.BatchExecutor.ExecuteAsync(IEnumerable`1 commandBatches, IRelationalConnection connection, CancellationToken cancellationToken)
   at Microsoft.EntityFrameworkCore.Storage.RelationalDatabase.SaveChangesAsync(IList`1 entries, CancellationToken cancellationToken)
   at Microsoft.EntityFrameworkCore.ChangeTracking.Internal.StateManager.SaveChangesAsync(IList`1 entriesToSave, CancellationToken cancellationToken)
   at Microsoft.EntityFrameworkCore.ChangeTracking.Internal.StateManager.SaveChangesAsync(StateManager stateManager, Boolean acceptAllChangesOnSuccess, CancellationToken cancellationToken)
   at Npgsql.EntityFrameworkCore.PostgreSQL.Storage.Internal.NpgsqlExecutionStrategy.ExecuteAsync[TState,TResult](TState state, Func`4 operation, Func`4 verifySucceeded, CancellationToken cancellationToken)
   at Microsoft.EntityFrameworkCore.DbContext.SaveChangesAsync(Boolean acceptAllChangesOnSuccess, CancellationToken cancellationToken)
   at FIT.Application.Features.Issues.Commands.ApproveIssue.ApproveIssueCommandHandler.Handle(ApproveIssueCommand request, CancellationToken cancellationToken) in /Users/lalit.tak/Documents/Workspace/FIT/src/FIT.Application/Features/Issues/Commands/ApproveIssue/ApproveIssueCommandHandler.cs:line 41
   at FIT.API.Controllers.IssuesController.Approve(Guid id, ApproveRequest req, CancellationToken ct) in /Users/lalit.tak/Documents/Workspace/FIT/src/FIT.API/Controllers/IssuesController.cs:line 59
   at Microsoft.AspNetCore.Mvc.Infrastructure.ActionMethodExecutor.TaskOfIActionResultExecutor.Execute(ActionContext actionContext, IActionResultTypeMapper mapper, ObjectMethodExecutor executor, Object controller, Object[] arguments)
   at Microsoft.AspNetCore.Mvc.Infrastructure.ControllerActionInvoker.<InvokeActionMethodAsync>g__Awaited|12_0(ControllerActionInvoker invoker, ValueTask`1 actionResultValueTask)
   at Microsoft.AspNetCore.Mvc.Infrastructure.ControllerActionInvoker.<InvokeNextActionFilterAsync>g__Awaited|10_0(ControllerActionInvoker invoker, Task lastTask, State next, Scope scope, Object state, Boolean isCompleted)
   at Microsoft.AspNetCore.Mvc.Infrastructure.ControllerActionInvoker.Rethrow(ActionExecutedContextSealed context)
   at Microsoft.AspNetCore.Mvc.Infrastructure.ControllerActionInvoker.Next(State& next, Scope& scope, Object& state, Boolean& isCompleted)
   at Microsoft.AspNetCore.Mvc.Infrastructure.ControllerActionInvoker.<InvokeInnerFilterAsync>g__Awaited|13_0(ControllerActionInvoker invoker, Task lastTask, State next, Scope scope, Object state, Boolean isCompleted)
   at Microsoft.AspNetCore.Mvc.Infrastructure.ResourceInvoker.<InvokeFilterPipelineAsync>g__Awaited|20_0(ResourceInvoker invoker, Task lastTask, State next, Scope scope, Object state, Boolean isCompleted)
   at Microsoft.AspNetCore.Mvc.Infrastructure.ResourceInvoker.<InvokeAsync>g__Awaited|17_0(ResourceInvoker invoker, Task task, IDisposable scope)
   at Microsoft.AspNetCore.Mvc.Infrastructure.ResourceInvoker.<InvokeAsync>g__Awaited|17_0(ResourceInvoker invoker, Task task, IDisposable scope)
   at Microsoft.AspNetCore.Authorization.AuthorizationMiddleware.Invoke(HttpContext context)
   at Microsoft.AspNetCore.Authentication.AuthenticationMiddleware.Invoke(HttpContext context)
   at Serilog.AspNetCore.RequestLoggingMiddleware.Invoke(HttpContext httpContext)
   at Microsoft.AspNetCore.Diagnostics.ExceptionHandlerMiddlewareImpl.<Invoke>g__Awaited|10_0(ExceptionHandlerMiddlewareImpl middleware, HttpContext context, Task task)
2026-07-29 12:14:38.059 +05:30 [ERR] Unhandled exception
Microsoft.EntityFrameworkCore.DbUpdateConcurrencyException: The database operation was expected to affect 1 row(s), but actually affected 0 row(s); data may have been modified or deleted since entities were loaded. See https://go.microsoft.com/fwlink/?LinkId=527962 for information on understanding and handling optimistic concurrency exceptions.
   at Npgsql.EntityFrameworkCore.PostgreSQL.Update.Internal.NpgsqlModificationCommandBatch.ThrowAggregateUpdateConcurrencyExceptionAsync(RelationalDataReader reader, Int32 commandIndex, Int32 expectedRowsAffected, Int32 rowsAffected, CancellationToken cancellationToken)
   at Npgsql.EntityFrameworkCore.PostgreSQL.Update.Internal.NpgsqlModificationCommandBatch.Consume(RelationalDataReader reader, Boolean async, CancellationToken cancellationToken)
   at Microsoft.EntityFrameworkCore.Update.ReaderModificationCommandBatch.ExecuteAsync(IRelationalConnection connection, CancellationToken cancellationToken)
   at Microsoft.EntityFrameworkCore.Update.ReaderModificationCommandBatch.ExecuteAsync(IRelationalConnection connection, CancellationToken cancellationToken)
   at Microsoft.EntityFrameworkCore.Update.Internal.BatchExecutor.ExecuteAsync(IEnumerable`1 commandBatches, IRelationalConnection connection, CancellationToken cancellationToken)
   at Microsoft.EntityFrameworkCore.Update.Internal.BatchExecutor.ExecuteAsync(IEnumerable`1 commandBatches, IRelationalConnection connection, CancellationToken cancellationToken)
   at Microsoft.EntityFrameworkCore.Update.Internal.BatchExecutor.ExecuteAsync(IEnumerable`1 commandBatches, IRelationalConnection connection, CancellationToken cancellationToken)
   at Microsoft.EntityFrameworkCore.Storage.RelationalDatabase.SaveChangesAsync(IList`1 entries, CancellationToken cancellationToken)
   at Microsoft.EntityFrameworkCore.ChangeTracking.Internal.StateManager.SaveChangesAsync(IList`1 entriesToSave, CancellationToken cancellationToken)
   at Microsoft.EntityFrameworkCore.ChangeTracking.Internal.StateManager.SaveChangesAsync(StateManager stateManager, Boolean acceptAllChangesOnSuccess, CancellationToken cancellationToken)
   at Npgsql.EntityFrameworkCore.PostgreSQL.Storage.Internal.NpgsqlExecutionStrategy.ExecuteAsync[TState,TResult](TState state, Func`4 operation, Func`4 verifySucceeded, CancellationToken cancellationToken)
   at Microsoft.EntityFrameworkCore.DbContext.SaveChangesAsync(Boolean acceptAllChangesOnSuccess, CancellationToken cancellationToken)
   at FIT.Application.Features.Issues.Commands.ApproveIssue.ApproveIssueCommandHandler.Handle(ApproveIssueCommand request, CancellationToken cancellationToken) in /Users/lalit.tak/Documents/Workspace/FIT/src/FIT.Application/Features/Issues/Commands/ApproveIssue/ApproveIssueCommandHandler.cs:line 41
   at FIT.API.Controllers.IssuesController.Approve(Guid id, ApproveRequest req, CancellationToken ct) in /Users/lalit.tak/Documents/Workspace/FIT/src/FIT.API/Controllers/IssuesController.cs:line 59
   at Microsoft.AspNetCore.Mvc.Infrastructure.ActionMethodExecutor.TaskOfIActionResultExecutor.Execute(ActionContext actionContext, IActionResultTypeMapper mapper, ObjectMethodExecutor executor, Object controller, Object[] arguments)
   at Microsoft.AspNetCore.Mvc.Infrastructure.ControllerActionInvoker.<InvokeActionMethodAsync>g__Awaited|12_0(ControllerActionInvoker invoker, ValueTask`1 actionResultValueTask)
   at Microsoft.AspNetCore.Mvc.Infrastructure.ControllerActionInvoker.<InvokeNextActionFilterAsync>g__Awaited|10_0(ControllerActionInvoker invoker, Task lastTask, State next, Scope scope, Object state, Boolean isCompleted)
   at Microsoft.AspNetCore.Mvc.Infrastructure.ControllerActionInvoker.Rethrow(ActionExecutedContextSealed context)
   at Microsoft.AspNetCore.Mvc.Infrastructure.ControllerActionInvoker.Next(State& next, Scope& scope, Object& state, Boolean& isCompleted)
   at Microsoft.AspNetCore.Mvc.Infrastructure.ControllerActionInvoker.<InvokeInnerFilterAsync>g__Awaited|13_0(ControllerActionInvoker invoker, Task lastTask, State next, Scope scope, Object state, Boolean isCompleted)
   at Microsoft.AspNetCore.Mvc.Infrastructure.ResourceInvoker.<InvokeFilterPipelineAsync>g__Awaited|20_0(ResourceInvoker invoker, Task lastTask, State next, Scope scope, Object state, Boolean isCompleted)
   at Microsoft.AspNetCore.Mvc.Infrastructure.ResourceInvoker.<InvokeAsync>g__Awaited|17_0(ResourceInvoker invoker, Task task, IDisposable scope)
   at Microsoft.AspNetCore.Mvc.Infrastructure.ResourceInvoker.<InvokeAsync>g__Awaited|17_0(ResourceInvoker invoker, Task task, IDisposable scope)
   at Microsoft.AspNetCore.Authorization.AuthorizationMiddleware.Invoke(HttpContext context)
   at Microsoft.AspNetCore.Authentication.AuthenticationMiddleware.Invoke(HttpContext context)
   at Serilog.AspNetCore.RequestLoggingMiddleware.Invoke(HttpContext httpContext)
   at Microsoft.AspNetCore.Diagnostics.ExceptionHandlerMiddlewareImpl.<Invoke>g__Awaited|10_0(ExceptionHandlerMiddlewareImpl middleware, HttpContext context, Task task)
2026-07-29 12:17:17.655 +05:30 [INF] Application is shutting down...
2026-07-29 12:17:21.679 +05:30 [WRN] The WebRootPath was not found: /Users/lalit.tak/Documents/Workspace/FIT/src/FIT.API/wwwroot. Static files may be unavailable.
2026-07-29 12:17:21.788 +05:30 [INF] Now listening on: http://localhost:5000
2026-07-29 12:17:21.789 +05:30 [INF] Application started. Press Ctrl+C to shut down.
2026-07-29 12:17:21.789 +05:30 [INF] Hosting environment: Production
2026-07-29 12:17:21.789 +05:30 [INF] Content root path: /Users/lalit.tak/Documents/Workspace/FIT/src/FIT.API
2026-07-29 12:17:24.708 +05:30 [INF] Executed DbCommand (38ms) [Parameters=[@__email_0='?'], CommandType='"Text"', CommandTimeout='30']
SELECT u.id, u.created_at, u.department, u.email, u.first_name, u.is_active, u.last_login_at, u.last_name, u.password_hash, u.phone_number, u.role, u.updated_at
FROM users AS u
WHERE u.email = @__email_0
LIMIT 1
2026-07-29 12:17:25.391 +05:30 [INF] HTTP POST /api/auth/login responded 200 in 1616.0654 ms
2026-07-29 12:17:25.784 +05:30 [INF] Executed DbCommand (132ms) [Parameters=[@p0='?' (DbType = Guid), @p1='?', @p2='?' (DbType = DateTime), @p3='?' (DbType = Guid), @p4='?', @p5='?' (DbType = DateTime), @p6='?', @p7='?' (DbType = DateTime), @p8='?' (DbType = Guid), @p9='?', @p10='?', @p11='?' (DbType = DateTime), @p12='?', @p13='?', @p14='?', @p15='?', @p16='?', @p17='?', @p18='?', @p19='?', @p20='?', @p21='?' (DbType = Guid), @p22='?' (DbType = DateTime), @p23='?', @p24='?', @p25='?', @p26='?' (DbType = DateTime), @p27='?', @p28='?' (DbType = DateTime), @p29='?' (DbType = DateTime)], CommandType='"Text"', CommandTimeout='30']
INSERT INTO field_issues (id, actual_behavior, approved_at, assigned_developer_id, category, closed_at, comm_type, created_at, customer_id, customer_site_address, description, development_started_at, expected_behavior, field_observations, issue_number, jira_key, jira_url, firmware_version, meter_serial, meter_type, priority, reporter_id, review_started_at, severity, status, steps_to_reproduce, submitted_at, summary, updated_at, validation_started_at)
VALUES (@p0, @p1, @p2, @p3, @p4, @p5, @p6, @p7, @p8, @p9, @p10, @p11, @p12, @p13, @p14, @p15, @p16, @p17, @p18, @p19, @p20, @p21, @p22, @p23, @p24, @p25, @p26, @p27, @p28, @p29);
2026-07-29 12:17:25.866 +05:30 [WRN] Compiling a query which loads related collections for more than one collection navigation, either via 'Include' or through projection, but no 'QuerySplittingBehavior' has been configured. By default, Entity Framework will use 'QuerySplittingBehavior.SingleQuery', which can potentially result in slow query performance. See https://go.microsoft.com/fwlink/?linkid=2134277 for more information. To identify the query that's triggering this warning call 'ConfigureWarnings(w => w.Throw(RelationalEventId.MultipleCollectionIncludeWarning))'.
2026-07-29 12:17:25.972 +05:30 [INF] Executed DbCommand (55ms) [Parameters=[@__id_0='?' (DbType = Guid)], CommandType='"Text"', CommandTimeout='30']
SELECT s.id, s.actual_behavior, s.approved_at, s.assigned_developer_id, s.category, s.closed_at, s.comm_type, s.created_at, s.customer_id, s.customer_site_address, s.description, s.development_started_at, s.expected_behavior, s.field_observations, s.issue_number, s.jira_key, s.jira_url, s.firmware_version, s.meter_serial, s.meter_type, s.priority, s.reporter_id, s.review_started_at, s.severity, s.status, s.steps_to_reproduce, s.submitted_at, s.summary, s.updated_at, s.validation_started_at, s.id0, s.created_at0, s.department, s.email, s.first_name, s.is_active, s.last_login_at, s.last_name, s.password_hash, s.phone_number, s.role, s.updated_at0, s.id1, s.created_at1, s.department0, s.email0, s.first_name0, s.is_active0, s.last_login_at0, s.last_name0, s.password_hash0, s.phone_number0, s.role0, s.updated_at1, s0.id, s0.comments, s0.created_at, s0.decided_at, s0.decision, s0.field_issue_id, s0.reviewer_id, s0.updated_at, s0.id0, s0.created_at0, s0.department, s0.email, s0.first_name, s0.is_active, s0.last_login_at, s0.last_name, s0.password_hash, s0.phone_number, s0.role, s0.updated_at0, s1.id, s1.author_id, s1.content, s1.created_at, s1.field_issue_id, s1.is_internal, s1.parent_comment_id, s1.updated_at, s1.id0, s1.created_at0, s1.department, s1.email, s1.first_name, s1.is_active, s1.last_login_at, s1.last_name, s1.password_hash, s1.phone_number, s1.role, s1.updated_at0, s2.id, s2.content_type, s2.created_at, s2.description, s2.field_issue_id, s2.file_name, s2.file_size_bytes, s2.original_file_name, s2.storage_path, s2.updated_at, s2.uploaded_by_id, s2.id0, s2.created_at0, s2.department, s2.email, s2.first_name, s2.is_active, s2.last_login_at, s2.last_name, s2.password_hash, s2.phone_number, s2.role, s2.updated_at0, s3.id, s3.author_id, s3.content, s3.created_at, s3.field_issue_id, s3.firmware_version, s3.fix, s3.is_resolution_note, s3.root_cause, s3.updated_at, s3.id0, s3.created_at0, s3.department, s3.email, s3.first_name, s3.is_active, s3.last_login_at, s3.last_name, s3.password_hash, s3.phone_number, s3.role, s3.updated_at0, s4.id, s4.created_at, s4.field_issue_id, s4.firmware_version_tested, s4.notes, s4.result, s4.test_environment, s4.updated_at, s4.validated_at, s4.validator_id, s4.id0, s4.created_at0, s4.department, s4.email, s4.first_name, s4.is_active, s4.last_login_at, s4.last_name, s4.password_hash, s4.phone_number, s4.role, s4.updated_at0, a1.id, a1.action, a1.created_at, a1.description, a1.field_issue_id, a1.metadata, a1.performed_by_id, a1.status_at_time, a1.updated_at
FROM (
    SELECT f.id, f.actual_behavior, f.approved_at, f.assigned_developer_id, f.category, f.closed_at, f.comm_type, f.created_at, f.customer_id, f.customer_site_address, f.description, f.development_started_at, f.expected_behavior, f.field_observations, f.issue_number, f.jira_key, f.jira_url, f.firmware_version, f.meter_serial, f.meter_type, f.priority, f.reporter_id, f.review_started_at, f.severity, f.status, f.steps_to_reproduce, f.submitted_at, f.summary, f.updated_at, f.validation_started_at, u.id AS id0, u.created_at AS created_at0, u.department, u.email, u.first_name, u.is_active, u.last_login_at, u.last_name, u.password_hash, u.phone_number, u.role, u.updated_at AS updated_at0, u0.id AS id1, u0.created_at AS created_at1, u0.department AS department0, u0.email AS email0, u0.first_name AS first_name0, u0.is_active AS is_active0, u0.last_login_at AS last_login_at0, u0.last_name AS last_name0, u0.password_hash AS password_hash0, u0.phone_number AS phone_number0, u0.role AS role0, u0.updated_at AS updated_at1
    FROM field_issues AS f
    INNER JOIN users AS u ON f.reporter_id = u.id
    LEFT JOIN users AS u0 ON f.assigned_developer_id = u0.id
    WHERE f.id = @__id_0
    LIMIT 1
) AS s
LEFT JOIN (
    SELECT a.id, a.comments, a.created_at, a.decided_at, a.decision, a.field_issue_id, a.reviewer_id, a.updated_at, u1.id AS id0, u1.created_at AS created_at0, u1.department, u1.email, u1.first_name, u1.is_active, u1.last_login_at, u1.last_name, u1.password_hash, u1.phone_number, u1.role, u1.updated_at AS updated_at0
    FROM approvals AS a
    INNER JOIN users AS u1 ON a.reviewer_id = u1.id
) AS s0 ON s.id = s0.field_issue_id
LEFT JOIN (
    SELECT c.id, c.author_id, c.content, c.created_at, c.field_issue_id, c.is_internal, c.parent_comment_id, c.updated_at, u2.id AS id0, u2.created_at AS created_at0, u2.department, u2.email, u2.first_name, u2.is_active, u2.last_login_at, u2.last_name, u2.password_hash, u2.phone_number, u2.role, u2.updated_at AS updated_at0
    FROM comments AS c
    INNER JOIN users AS u2 ON c.author_id = u2.id
) AS s1 ON s.id = s1.field_issue_id
LEFT JOIN (
    SELECT a0.id, a0.content_type, a0.created_at, a0.description, a0.field_issue_id, a0.file_name, a0.file_size_bytes, a0.original_file_name, a0.storage_path, a0.updated_at, a0.uploaded_by_id, u3.id AS id0, u3.created_at AS created_at0, u3.department, u3.email, u3.first_name, u3.is_active, u3.last_login_at, u3.last_name, u3.password_hash, u3.phone_number, u3.role, u3.updated_at AS updated_at0
    FROM attachments AS a0
    INNER JOIN users AS u3 ON a0.uploaded_by_id = u3.id
) AS s2 ON s.id = s2.field_issue_id
LEFT JOIN (
    SELECT d.id, d.author_id, d.content, d.created_at, d.field_issue_id, d.firmware_version, d.fix, d.is_resolution_note, d.root_cause, d.updated_at, u4.id AS id0, u4.created_at AS created_at0, u4.department, u4.email, u4.first_name, u4.is_active, u4.last_login_at, u4.last_name, u4.password_hash, u4.phone_number, u4.role, u4.updated_at AS updated_at0
    FROM developer_notes AS d
    INNER JOIN users AS u4 ON d.author_id = u4.id
) AS s3 ON s.id = s3.field_issue_id
LEFT JOIN (
    SELECT v.id, v.created_at, v.field_issue_id, v.firmware_version_tested, v.notes, v.result, v.test_environment, v.updated_at, v.validated_at, v.validator_id, u5.id AS id0, u5.created_at AS created_at0, u5.department, u5.email, u5.first_name, u5.is_active, u5.last_login_at, u5.last_name, u5.password_hash, u5.phone_number, u5.role, u5.updated_at AS updated_at0
    FROM validations AS v
    INNER JOIN users AS u5 ON v.validator_id = u5.id
) AS s4 ON s.id = s4.field_issue_id
LEFT JOIN activity_log AS a1 ON s.id = a1.field_issue_id
ORDER BY s.id, s.id0, s.id1, s0.id, s0.id0, s1.id, s1.id0, s2.id, s2.id0, s3.id, s3.id0, s4.id, s4.id0
2026-07-29 12:17:26.036 +05:30 [INF] HTTP POST /api/issues responded 201 in 612.8267 ms
2026-07-29 12:17:26.098 +05:30 [INF] Executed DbCommand (15ms) [Parameters=[@__id_0='?' (DbType = Guid)], CommandType='"Text"', CommandTimeout='30']
SELECT s.id, s.actual_behavior, s.approved_at, s.assigned_developer_id, s.category, s.closed_at, s.comm_type, s.created_at, s.customer_id, s.customer_site_address, s.description, s.development_started_at, s.expected_behavior, s.field_observations, s.issue_number, s.jira_key, s.jira_url, s.firmware_version, s.meter_serial, s.meter_type, s.priority, s.reporter_id, s.review_started_at, s.severity, s.status, s.steps_to_reproduce, s.submitted_at, s.summary, s.updated_at, s.validation_started_at, s.id0, s.created_at0, s.department, s.email, s.first_name, s.is_active, s.last_login_at, s.last_name, s.password_hash, s.phone_number, s.role, s.updated_at0, s.id1, s.created_at1, s.department0, s.email0, s.first_name0, s.is_active0, s.last_login_at0, s.last_name0, s.password_hash0, s.phone_number0, s.role0, s.updated_at1, s0.id, s0.comments, s0.created_at, s0.decided_at, s0.decision, s0.field_issue_id, s0.reviewer_id, s0.updated_at, s0.id0, s0.created_at0, s0.department, s0.email, s0.first_name, s0.is_active, s0.last_login_at, s0.last_name, s0.password_hash, s0.phone_number, s0.role, s0.updated_at0, s1.id, s1.author_id, s1.content, s1.created_at, s1.field_issue_id, s1.is_internal, s1.parent_comment_id, s1.updated_at, s1.id0, s1.created_at0, s1.department, s1.email, s1.first_name, s1.is_active, s1.last_login_at, s1.last_name, s1.password_hash, s1.phone_number, s1.role, s1.updated_at0, s2.id, s2.content_type, s2.created_at, s2.description, s2.field_issue_id, s2.file_name, s2.file_size_bytes, s2.original_file_name, s2.storage_path, s2.updated_at, s2.uploaded_by_id, s2.id0, s2.created_at0, s2.department, s2.email, s2.first_name, s2.is_active, s2.last_login_at, s2.last_name, s2.password_hash, s2.phone_number, s2.role, s2.updated_at0, s3.id, s3.author_id, s3.content, s3.created_at, s3.field_issue_id, s3.firmware_version, s3.fix, s3.is_resolution_note, s3.root_cause, s3.updated_at, s3.id0, s3.created_at0, s3.department, s3.email, s3.first_name, s3.is_active, s3.last_login_at, s3.last_name, s3.password_hash, s3.phone_number, s3.role, s3.updated_at0, s4.id, s4.created_at, s4.field_issue_id, s4.firmware_version_tested, s4.notes, s4.result, s4.test_environment, s4.updated_at, s4.validated_at, s4.validator_id, s4.id0, s4.created_at0, s4.department, s4.email, s4.first_name, s4.is_active, s4.last_login_at, s4.last_name, s4.password_hash, s4.phone_number, s4.role, s4.updated_at0, a1.id, a1.action, a1.created_at, a1.description, a1.field_issue_id, a1.metadata, a1.performed_by_id, a1.status_at_time, a1.updated_at
FROM (
    SELECT f.id, f.actual_behavior, f.approved_at, f.assigned_developer_id, f.category, f.closed_at, f.comm_type, f.created_at, f.customer_id, f.customer_site_address, f.description, f.development_started_at, f.expected_behavior, f.field_observations, f.issue_number, f.jira_key, f.jira_url, f.firmware_version, f.meter_serial, f.meter_type, f.priority, f.reporter_id, f.review_started_at, f.severity, f.status, f.steps_to_reproduce, f.submitted_at, f.summary, f.updated_at, f.validation_started_at, u.id AS id0, u.created_at AS created_at0, u.department, u.email, u.first_name, u.is_active, u.last_login_at, u.last_name, u.password_hash, u.phone_number, u.role, u.updated_at AS updated_at0, u0.id AS id1, u0.created_at AS created_at1, u0.department AS department0, u0.email AS email0, u0.first_name AS first_name0, u0.is_active AS is_active0, u0.last_login_at AS last_login_at0, u0.last_name AS last_name0, u0.password_hash AS password_hash0, u0.phone_number AS phone_number0, u0.role AS role0, u0.updated_at AS updated_at1
    FROM field_issues AS f
    INNER JOIN users AS u ON f.reporter_id = u.id
    LEFT JOIN users AS u0 ON f.assigned_developer_id = u0.id
    WHERE f.id = @__id_0
    LIMIT 1
) AS s
LEFT JOIN (
    SELECT a.id, a.comments, a.created_at, a.decided_at, a.decision, a.field_issue_id, a.reviewer_id, a.updated_at, u1.id AS id0, u1.created_at AS created_at0, u1.department, u1.email, u1.first_name, u1.is_active, u1.last_login_at, u1.last_name, u1.password_hash, u1.phone_number, u1.role, u1.updated_at AS updated_at0
    FROM approvals AS a
    INNER JOIN users AS u1 ON a.reviewer_id = u1.id
) AS s0 ON s.id = s0.field_issue_id
LEFT JOIN (
    SELECT c.id, c.author_id, c.content, c.created_at, c.field_issue_id, c.is_internal, c.parent_comment_id, c.updated_at, u2.id AS id0, u2.created_at AS created_at0, u2.department, u2.email, u2.first_name, u2.is_active, u2.last_login_at, u2.last_name, u2.password_hash, u2.phone_number, u2.role, u2.updated_at AS updated_at0
    FROM comments AS c
    INNER JOIN users AS u2 ON c.author_id = u2.id
) AS s1 ON s.id = s1.field_issue_id
LEFT JOIN (
    SELECT a0.id, a0.content_type, a0.created_at, a0.description, a0.field_issue_id, a0.file_name, a0.file_size_bytes, a0.original_file_name, a0.storage_path, a0.updated_at, a0.uploaded_by_id, u3.id AS id0, u3.created_at AS created_at0, u3.department, u3.email, u3.first_name, u3.is_active, u3.last_login_at, u3.last_name, u3.password_hash, u3.phone_number, u3.role, u3.updated_at AS updated_at0
    FROM attachments AS a0
    INNER JOIN users AS u3 ON a0.uploaded_by_id = u3.id
) AS s2 ON s.id = s2.field_issue_id
LEFT JOIN (
    SELECT d.id, d.author_id, d.content, d.created_at, d.field_issue_id, d.firmware_version, d.fix, d.is_resolution_note, d.root_cause, d.updated_at, u4.id AS id0, u4.created_at AS created_at0, u4.department, u4.email, u4.first_name, u4.is_active, u4.last_login_at, u4.last_name, u4.password_hash, u4.phone_number, u4.role, u4.updated_at AS updated_at0
    FROM developer_notes AS d
    INNER JOIN users AS u4 ON d.author_id = u4.id
) AS s3 ON s.id = s3.field_issue_id
LEFT JOIN (
    SELECT v.id, v.created_at, v.field_issue_id, v.firmware_version_tested, v.notes, v.result, v.test_environment, v.updated_at, v.validated_at, v.validator_id, u5.id AS id0, u5.created_at AS created_at0, u5.department, u5.email, u5.first_name, u5.is_active, u5.last_login_at, u5.last_name, u5.password_hash, u5.phone_number, u5.role, u5.updated_at AS updated_at0
    FROM validations AS v
    INNER JOIN users AS u5 ON v.validator_id = u5.id
) AS s4 ON s.id = s4.field_issue_id
LEFT JOIN activity_log AS a1 ON s.id = a1.field_issue_id
ORDER BY s.id, s.id0, s.id1, s0.id, s0.id0, s1.id, s1.id0, s2.id, s2.id0, s3.id, s3.id0, s4.id, s4.id0
2026-07-29 12:17:26.138 +05:30 [INF] Executed DbCommand (6ms) [Parameters=[@p8='?' (DbType = Guid), @p0='?', @p1='?' (DbType = DateTime), @p2='?', @p3='?' (DbType = Guid), @p4='?' (DbType = Object), @p5='?' (DbType = Guid), @p6='?', @p7='?' (DbType = DateTime), @p12='?' (DbType = Guid), @p9='?', @p10='?' (DbType = DateTime), @p11='?' (DbType = DateTime)], CommandType='"Text"', CommandTimeout='30']
UPDATE activity_log SET action = @p0, created_at = @p1, description = @p2, field_issue_id = @p3, metadata = @p4, performed_by_id = @p5, status_at_time = @p6, updated_at = @p7
WHERE id = @p8;
UPDATE field_issues SET status = @p9, submitted_at = @p10, updated_at = @p11
WHERE id = @p12;
2026-07-29 12:17:26.146 +05:30 [ERR] HTTP POST /api/issues/63428303-8c9f-4e13-bc46-ea01b49e506d/submit responded 500 in 78.5771 ms
Microsoft.EntityFrameworkCore.DbUpdateConcurrencyException: The database operation was expected to affect 1 row(s), but actually affected 0 row(s); data may have been modified or deleted since entities were loaded. See https://go.microsoft.com/fwlink/?LinkId=527962 for information on understanding and handling optimistic concurrency exceptions.
   at Npgsql.EntityFrameworkCore.PostgreSQL.Update.Internal.NpgsqlModificationCommandBatch.ThrowAggregateUpdateConcurrencyExceptionAsync(RelationalDataReader reader, Int32 commandIndex, Int32 expectedRowsAffected, Int32 rowsAffected, CancellationToken cancellationToken)
   at Npgsql.EntityFrameworkCore.PostgreSQL.Update.Internal.NpgsqlModificationCommandBatch.Consume(RelationalDataReader reader, Boolean async, CancellationToken cancellationToken)
   at Microsoft.EntityFrameworkCore.Update.ReaderModificationCommandBatch.ExecuteAsync(IRelationalConnection connection, CancellationToken cancellationToken)
   at Microsoft.EntityFrameworkCore.Update.ReaderModificationCommandBatch.ExecuteAsync(IRelationalConnection connection, CancellationToken cancellationToken)
   at Microsoft.EntityFrameworkCore.Update.Internal.BatchExecutor.ExecuteAsync(IEnumerable`1 commandBatches, IRelationalConnection connection, CancellationToken cancellationToken)
   at Microsoft.EntityFrameworkCore.Update.Internal.BatchExecutor.ExecuteAsync(IEnumerable`1 commandBatches, IRelationalConnection connection, CancellationToken cancellationToken)
   at Microsoft.EntityFrameworkCore.Update.Internal.BatchExecutor.ExecuteAsync(IEnumerable`1 commandBatches, IRelationalConnection connection, CancellationToken cancellationToken)
   at Microsoft.EntityFrameworkCore.Storage.RelationalDatabase.SaveChangesAsync(IList`1 entries, CancellationToken cancellationToken)
   at Microsoft.EntityFrameworkCore.ChangeTracking.Internal.StateManager.SaveChangesAsync(IList`1 entriesToSave, CancellationToken cancellationToken)
   at Microsoft.EntityFrameworkCore.ChangeTracking.Internal.StateManager.SaveChangesAsync(StateManager stateManager, Boolean acceptAllChangesOnSuccess, CancellationToken cancellationToken)
   at Npgsql.EntityFrameworkCore.PostgreSQL.Storage.Internal.NpgsqlExecutionStrategy.ExecuteAsync[TState,TResult](TState state, Func`4 operation, Func`4 verifySucceeded, CancellationToken cancellationToken)
   at Microsoft.EntityFrameworkCore.DbContext.SaveChangesAsync(Boolean acceptAllChangesOnSuccess, CancellationToken cancellationToken)
   at FIT.Application.Features.Issues.Commands.SubmitIssue.SubmitIssueCommandHandler.Handle(SubmitIssueCommand request, CancellationToken cancellationToken) in /Users/lalit.tak/Documents/Workspace/FIT/src/FIT.Application/Features/Issues/Commands/SubmitIssue/SubmitIssueCommandHandler.cs:line 32
   at FIT.API.Controllers.IssuesController.Submit(Guid id, CancellationToken ct) in /Users/lalit.tak/Documents/Workspace/FIT/src/FIT.API/Controllers/IssuesController.cs:line 51
   at Microsoft.AspNetCore.Mvc.Infrastructure.ActionMethodExecutor.TaskOfIActionResultExecutor.Execute(ActionContext actionContext, IActionResultTypeMapper mapper, ObjectMethodExecutor executor, Object controller, Object[] arguments)
   at Microsoft.AspNetCore.Mvc.Infrastructure.ControllerActionInvoker.<InvokeActionMethodAsync>g__Awaited|12_0(ControllerActionInvoker invoker, ValueTask`1 actionResultValueTask)
   at Microsoft.AspNetCore.Mvc.Infrastructure.ControllerActionInvoker.<InvokeNextActionFilterAsync>g__Awaited|10_0(ControllerActionInvoker invoker, Task lastTask, State next, Scope scope, Object state, Boolean isCompleted)
   at Microsoft.AspNetCore.Mvc.Infrastructure.ControllerActionInvoker.Rethrow(ActionExecutedContextSealed context)
   at Microsoft.AspNetCore.Mvc.Infrastructure.ControllerActionInvoker.Next(State& next, Scope& scope, Object& state, Boolean& isCompleted)
   at Microsoft.AspNetCore.Mvc.Infrastructure.ControllerActionInvoker.<InvokeInnerFilterAsync>g__Awaited|13_0(ControllerActionInvoker invoker, Task lastTask, State next, Scope scope, Object state, Boolean isCompleted)
   at Microsoft.AspNetCore.Mvc.Infrastructure.ResourceInvoker.<InvokeFilterPipelineAsync>g__Awaited|20_0(ResourceInvoker invoker, Task lastTask, State next, Scope scope, Object state, Boolean isCompleted)
   at Microsoft.AspNetCore.Mvc.Infrastructure.ResourceInvoker.<InvokeAsync>g__Awaited|17_0(ResourceInvoker invoker, Task task, IDisposable scope)
   at Microsoft.AspNetCore.Mvc.Infrastructure.ResourceInvoker.<InvokeAsync>g__Awaited|17_0(ResourceInvoker invoker, Task task, IDisposable scope)
   at Microsoft.AspNetCore.Authorization.AuthorizationMiddleware.Invoke(HttpContext context)
   at Microsoft.AspNetCore.Authentication.AuthenticationMiddleware.Invoke(HttpContext context)
   at Serilog.AspNetCore.RequestLoggingMiddleware.Invoke(HttpContext httpContext)
2026-07-29 12:17:26.161 +05:30 [ERR] An unhandled exception has occurred while executing the request.
Microsoft.EntityFrameworkCore.DbUpdateConcurrencyException: The database operation was expected to affect 1 row(s), but actually affected 0 row(s); data may have been modified or deleted since entities were loaded. See https://go.microsoft.com/fwlink/?LinkId=527962 for information on understanding and handling optimistic concurrency exceptions.
   at Npgsql.EntityFrameworkCore.PostgreSQL.Update.Internal.NpgsqlModificationCommandBatch.ThrowAggregateUpdateConcurrencyExceptionAsync(RelationalDataReader reader, Int32 commandIndex, Int32 expectedRowsAffected, Int32 rowsAffected, CancellationToken cancellationToken)
   at Npgsql.EntityFrameworkCore.PostgreSQL.Update.Internal.NpgsqlModificationCommandBatch.Consume(RelationalDataReader reader, Boolean async, CancellationToken cancellationToken)
   at Microsoft.EntityFrameworkCore.Update.ReaderModificationCommandBatch.ExecuteAsync(IRelationalConnection connection, CancellationToken cancellationToken)
   at Microsoft.EntityFrameworkCore.Update.ReaderModificationCommandBatch.ExecuteAsync(IRelationalConnection connection, CancellationToken cancellationToken)
   at Microsoft.EntityFrameworkCore.Update.Internal.BatchExecutor.ExecuteAsync(IEnumerable`1 commandBatches, IRelationalConnection connection, CancellationToken cancellationToken)
   at Microsoft.EntityFrameworkCore.Update.Internal.BatchExecutor.ExecuteAsync(IEnumerable`1 commandBatches, IRelationalConnection connection, CancellationToken cancellationToken)
   at Microsoft.EntityFrameworkCore.Update.Internal.BatchExecutor.ExecuteAsync(IEnumerable`1 commandBatches, IRelationalConnection connection, CancellationToken cancellationToken)
   at Microsoft.EntityFrameworkCore.Storage.RelationalDatabase.SaveChangesAsync(IList`1 entries, CancellationToken cancellationToken)
   at Microsoft.EntityFrameworkCore.ChangeTracking.Internal.StateManager.SaveChangesAsync(IList`1 entriesToSave, CancellationToken cancellationToken)
   at Microsoft.EntityFrameworkCore.ChangeTracking.Internal.StateManager.SaveChangesAsync(StateManager stateManager, Boolean acceptAllChangesOnSuccess, CancellationToken cancellationToken)
   at Npgsql.EntityFrameworkCore.PostgreSQL.Storage.Internal.NpgsqlExecutionStrategy.ExecuteAsync[TState,TResult](TState state, Func`4 operation, Func`4 verifySucceeded, CancellationToken cancellationToken)
   at Microsoft.EntityFrameworkCore.DbContext.SaveChangesAsync(Boolean acceptAllChangesOnSuccess, CancellationToken cancellationToken)
   at FIT.Application.Features.Issues.Commands.SubmitIssue.SubmitIssueCommandHandler.Handle(SubmitIssueCommand request, CancellationToken cancellationToken) in /Users/lalit.tak/Documents/Workspace/FIT/src/FIT.Application/Features/Issues/Commands/SubmitIssue/SubmitIssueCommandHandler.cs:line 32
   at FIT.API.Controllers.IssuesController.Submit(Guid id, CancellationToken ct) in /Users/lalit.tak/Documents/Workspace/FIT/src/FIT.API/Controllers/IssuesController.cs:line 51
   at Microsoft.AspNetCore.Mvc.Infrastructure.ActionMethodExecutor.TaskOfIActionResultExecutor.Execute(ActionContext actionContext, IActionResultTypeMapper mapper, ObjectMethodExecutor executor, Object controller, Object[] arguments)
   at Microsoft.AspNetCore.Mvc.Infrastructure.ControllerActionInvoker.<InvokeActionMethodAsync>g__Awaited|12_0(ControllerActionInvoker invoker, ValueTask`1 actionResultValueTask)
   at Microsoft.AspNetCore.Mvc.Infrastructure.ControllerActionInvoker.<InvokeNextActionFilterAsync>g__Awaited|10_0(ControllerActionInvoker invoker, Task lastTask, State next, Scope scope, Object state, Boolean isCompleted)
   at Microsoft.AspNetCore.Mvc.Infrastructure.ControllerActionInvoker.Rethrow(ActionExecutedContextSealed context)
   at Microsoft.AspNetCore.Mvc.Infrastructure.ControllerActionInvoker.Next(State& next, Scope& scope, Object& state, Boolean& isCompleted)
   at Microsoft.AspNetCore.Mvc.Infrastructure.ControllerActionInvoker.<InvokeInnerFilterAsync>g__Awaited|13_0(ControllerActionInvoker invoker, Task lastTask, State next, Scope scope, Object state, Boolean isCompleted)
   at Microsoft.AspNetCore.Mvc.Infrastructure.ResourceInvoker.<InvokeFilterPipelineAsync>g__Awaited|20_0(ResourceInvoker invoker, Task lastTask, State next, Scope scope, Object state, Boolean isCompleted)
   at Microsoft.AspNetCore.Mvc.Infrastructure.ResourceInvoker.<InvokeAsync>g__Awaited|17_0(ResourceInvoker invoker, Task task, IDisposable scope)
   at Microsoft.AspNetCore.Mvc.Infrastructure.ResourceInvoker.<InvokeAsync>g__Awaited|17_0(ResourceInvoker invoker, Task task, IDisposable scope)
   at Microsoft.AspNetCore.Authorization.AuthorizationMiddleware.Invoke(HttpContext context)
   at Microsoft.AspNetCore.Authentication.AuthenticationMiddleware.Invoke(HttpContext context)
   at Serilog.AspNetCore.RequestLoggingMiddleware.Invoke(HttpContext httpContext)
   at Microsoft.AspNetCore.Diagnostics.ExceptionHandlerMiddlewareImpl.<Invoke>g__Awaited|10_0(ExceptionHandlerMiddlewareImpl middleware, HttpContext context, Task task)
2026-07-29 12:17:26.163 +05:30 [ERR] Unhandled exception
Microsoft.EntityFrameworkCore.DbUpdateConcurrencyException: The database operation was expected to affect 1 row(s), but actually affected 0 row(s); data may have been modified or deleted since entities were loaded. See https://go.microsoft.com/fwlink/?LinkId=527962 for information on understanding and handling optimistic concurrency exceptions.
   at Npgsql.EntityFrameworkCore.PostgreSQL.Update.Internal.NpgsqlModificationCommandBatch.ThrowAggregateUpdateConcurrencyExceptionAsync(RelationalDataReader reader, Int32 commandIndex, Int32 expectedRowsAffected, Int32 rowsAffected, CancellationToken cancellationToken)
   at Npgsql.EntityFrameworkCore.PostgreSQL.Update.Internal.NpgsqlModificationCommandBatch.Consume(RelationalDataReader reader, Boolean async, CancellationToken cancellationToken)
   at Microsoft.EntityFrameworkCore.Update.ReaderModificationCommandBatch.ExecuteAsync(IRelationalConnection connection, CancellationToken cancellationToken)
   at Microsoft.EntityFrameworkCore.Update.ReaderModificationCommandBatch.ExecuteAsync(IRelationalConnection connection, CancellationToken cancellationToken)
   at Microsoft.EntityFrameworkCore.Update.Internal.BatchExecutor.ExecuteAsync(IEnumerable`1 commandBatches, IRelationalConnection connection, CancellationToken cancellationToken)
   at Microsoft.EntityFrameworkCore.Update.Internal.BatchExecutor.ExecuteAsync(IEnumerable`1 commandBatches, IRelationalConnection connection, CancellationToken cancellationToken)
   at Microsoft.EntityFrameworkCore.Update.Internal.BatchExecutor.ExecuteAsync(IEnumerable`1 commandBatches, IRelationalConnection connection, CancellationToken cancellationToken)
   at Microsoft.EntityFrameworkCore.Storage.RelationalDatabase.SaveChangesAsync(IList`1 entries, CancellationToken cancellationToken)
   at Microsoft.EntityFrameworkCore.ChangeTracking.Internal.StateManager.SaveChangesAsync(IList`1 entriesToSave, CancellationToken cancellationToken)
   at Microsoft.EntityFrameworkCore.ChangeTracking.Internal.StateManager.SaveChangesAsync(StateManager stateManager, Boolean acceptAllChangesOnSuccess, CancellationToken cancellationToken)
   at Npgsql.EntityFrameworkCore.PostgreSQL.Storage.Internal.NpgsqlExecutionStrategy.ExecuteAsync[TState,TResult](TState state, Func`4 operation, Func`4 verifySucceeded, CancellationToken cancellationToken)
   at Microsoft.EntityFrameworkCore.DbContext.SaveChangesAsync(Boolean acceptAllChangesOnSuccess, CancellationToken cancellationToken)
   at FIT.Application.Features.Issues.Commands.SubmitIssue.SubmitIssueCommandHandler.Handle(SubmitIssueCommand request, CancellationToken cancellationToken) in /Users/lalit.tak/Documents/Workspace/FIT/src/FIT.Application/Features/Issues/Commands/SubmitIssue/SubmitIssueCommandHandler.cs:line 32
   at FIT.API.Controllers.IssuesController.Submit(Guid id, CancellationToken ct) in /Users/lalit.tak/Documents/Workspace/FIT/src/FIT.API/Controllers/IssuesController.cs:line 51
   at Microsoft.AspNetCore.Mvc.Infrastructure.ActionMethodExecutor.TaskOfIActionResultExecutor.Execute(ActionContext actionContext, IActionResultTypeMapper mapper, ObjectMethodExecutor executor, Object controller, Object[] arguments)
   at Microsoft.AspNetCore.Mvc.Infrastructure.ControllerActionInvoker.<InvokeActionMethodAsync>g__Awaited|12_0(ControllerActionInvoker invoker, ValueTask`1 actionResultValueTask)
   at Microsoft.AspNetCore.Mvc.Infrastructure.ControllerActionInvoker.<InvokeNextActionFilterAsync>g__Awaited|10_0(ControllerActionInvoker invoker, Task lastTask, State next, Scope scope, Object state, Boolean isCompleted)
   at Microsoft.AspNetCore.Mvc.Infrastructure.ControllerActionInvoker.Rethrow(ActionExecutedContextSealed context)
   at Microsoft.AspNetCore.Mvc.Infrastructure.ControllerActionInvoker.Next(State& next, Scope& scope, Object& state, Boolean& isCompleted)
   at Microsoft.AspNetCore.Mvc.Infrastructure.ControllerActionInvoker.<InvokeInnerFilterAsync>g__Awaited|13_0(ControllerActionInvoker invoker, Task lastTask, State next, Scope scope, Object state, Boolean isCompleted)
   at Microsoft.AspNetCore.Mvc.Infrastructure.ResourceInvoker.<InvokeFilterPipelineAsync>g__Awaited|20_0(ResourceInvoker invoker, Task lastTask, State next, Scope scope, Object state, Boolean isCompleted)
   at Microsoft.AspNetCore.Mvc.Infrastructure.ResourceInvoker.<InvokeAsync>g__Awaited|17_0(ResourceInvoker invoker, Task task, IDisposable scope)
   at Microsoft.AspNetCore.Mvc.Infrastructure.ResourceInvoker.<InvokeAsync>g__Awaited|17_0(ResourceInvoker invoker, Task task, IDisposable scope)
   at Microsoft.AspNetCore.Authorization.AuthorizationMiddleware.Invoke(HttpContext context)
   at Microsoft.AspNetCore.Authentication.AuthenticationMiddleware.Invoke(HttpContext context)
   at Serilog.AspNetCore.RequestLoggingMiddleware.Invoke(HttpContext httpContext)
   at Microsoft.AspNetCore.Diagnostics.ExceptionHandlerMiddlewareImpl.<Invoke>g__Awaited|10_0(ExceptionHandlerMiddlewareImpl middleware, HttpContext context, Task task)
2026-07-29 12:17:26.213 +05:30 [INF] Executed DbCommand (7ms) [Parameters=[@__id_0='?' (DbType = Guid)], CommandType='"Text"', CommandTimeout='30']
SELECT s.id, s.actual_behavior, s.approved_at, s.assigned_developer_id, s.category, s.closed_at, s.comm_type, s.created_at, s.customer_id, s.customer_site_address, s.description, s.development_started_at, s.expected_behavior, s.field_observations, s.issue_number, s.jira_key, s.jira_url, s.firmware_version, s.meter_serial, s.meter_type, s.priority, s.reporter_id, s.review_started_at, s.severity, s.status, s.steps_to_reproduce, s.submitted_at, s.summary, s.updated_at, s.validation_started_at, s.id0, s.created_at0, s.department, s.email, s.first_name, s.is_active, s.last_login_at, s.last_name, s.password_hash, s.phone_number, s.role, s.updated_at0, s.id1, s.created_at1, s.department0, s.email0, s.first_name0, s.is_active0, s.last_login_at0, s.last_name0, s.password_hash0, s.phone_number0, s.role0, s.updated_at1, s0.id, s0.comments, s0.created_at, s0.decided_at, s0.decision, s0.field_issue_id, s0.reviewer_id, s0.updated_at, s0.id0, s0.created_at0, s0.department, s0.email, s0.first_name, s0.is_active, s0.last_login_at, s0.last_name, s0.password_hash, s0.phone_number, s0.role, s0.updated_at0, s1.id, s1.author_id, s1.content, s1.created_at, s1.field_issue_id, s1.is_internal, s1.parent_comment_id, s1.updated_at, s1.id0, s1.created_at0, s1.department, s1.email, s1.first_name, s1.is_active, s1.last_login_at, s1.last_name, s1.password_hash, s1.phone_number, s1.role, s1.updated_at0, s2.id, s2.content_type, s2.created_at, s2.description, s2.field_issue_id, s2.file_name, s2.file_size_bytes, s2.original_file_name, s2.storage_path, s2.updated_at, s2.uploaded_by_id, s2.id0, s2.created_at0, s2.department, s2.email, s2.first_name, s2.is_active, s2.last_login_at, s2.last_name, s2.password_hash, s2.phone_number, s2.role, s2.updated_at0, s3.id, s3.author_id, s3.content, s3.created_at, s3.field_issue_id, s3.firmware_version, s3.fix, s3.is_resolution_note, s3.root_cause, s3.updated_at, s3.id0, s3.created_at0, s3.department, s3.email, s3.first_name, s3.is_active, s3.last_login_at, s3.last_name, s3.password_hash, s3.phone_number, s3.role, s3.updated_at0, s4.id, s4.created_at, s4.field_issue_id, s4.firmware_version_tested, s4.notes, s4.result, s4.test_environment, s4.updated_at, s4.validated_at, s4.validator_id, s4.id0, s4.created_at0, s4.department, s4.email, s4.first_name, s4.is_active, s4.last_login_at, s4.last_name, s4.password_hash, s4.phone_number, s4.role, s4.updated_at0, a1.id, a1.action, a1.created_at, a1.description, a1.field_issue_id, a1.metadata, a1.performed_by_id, a1.status_at_time, a1.updated_at
FROM (
    SELECT f.id, f.actual_behavior, f.approved_at, f.assigned_developer_id, f.category, f.closed_at, f.comm_type, f.created_at, f.customer_id, f.customer_site_address, f.description, f.development_started_at, f.expected_behavior, f.field_observations, f.issue_number, f.jira_key, f.jira_url, f.firmware_version, f.meter_serial, f.meter_type, f.priority, f.reporter_id, f.review_started_at, f.severity, f.status, f.steps_to_reproduce, f.submitted_at, f.summary, f.updated_at, f.validation_started_at, u.id AS id0, u.created_at AS created_at0, u.department, u.email, u.first_name, u.is_active, u.last_login_at, u.last_name, u.password_hash, u.phone_number, u.role, u.updated_at AS updated_at0, u0.id AS id1, u0.created_at AS created_at1, u0.department AS department0, u0.email AS email0, u0.first_name AS first_name0, u0.is_active AS is_active0, u0.last_login_at AS last_login_at0, u0.last_name AS last_name0, u0.password_hash AS password_hash0, u0.phone_number AS phone_number0, u0.role AS role0, u0.updated_at AS updated_at1
    FROM field_issues AS f
    INNER JOIN users AS u ON f.reporter_id = u.id
    LEFT JOIN users AS u0 ON f.assigned_developer_id = u0.id
    WHERE f.id = @__id_0
    LIMIT 1
) AS s
LEFT JOIN (
    SELECT a.id, a.comments, a.created_at, a.decided_at, a.decision, a.field_issue_id, a.reviewer_id, a.updated_at, u1.id AS id0, u1.created_at AS created_at0, u1.department, u1.email, u1.first_name, u1.is_active, u1.last_login_at, u1.last_name, u1.password_hash, u1.phone_number, u1.role, u1.updated_at AS updated_at0
    FROM approvals AS a
    INNER JOIN users AS u1 ON a.reviewer_id = u1.id
) AS s0 ON s.id = s0.field_issue_id
LEFT JOIN (
    SELECT c.id, c.author_id, c.content, c.created_at, c.field_issue_id, c.is_internal, c.parent_comment_id, c.updated_at, u2.id AS id0, u2.created_at AS created_at0, u2.department, u2.email, u2.first_name, u2.is_active, u2.last_login_at, u2.last_name, u2.password_hash, u2.phone_number, u2.role, u2.updated_at AS updated_at0
    FROM comments AS c
    INNER JOIN users AS u2 ON c.author_id = u2.id
) AS s1 ON s.id = s1.field_issue_id
LEFT JOIN (
    SELECT a0.id, a0.content_type, a0.created_at, a0.description, a0.field_issue_id, a0.file_name, a0.file_size_bytes, a0.original_file_name, a0.storage_path, a0.updated_at, a0.uploaded_by_id, u3.id AS id0, u3.created_at AS created_at0, u3.department, u3.email, u3.first_name, u3.is_active, u3.last_login_at, u3.last_name, u3.password_hash, u3.phone_number, u3.role, u3.updated_at AS updated_at0
    FROM attachments AS a0
    INNER JOIN users AS u3 ON a0.uploaded_by_id = u3.id
) AS s2 ON s.id = s2.field_issue_id
LEFT JOIN (
    SELECT d.id, d.author_id, d.content, d.created_at, d.field_issue_id, d.firmware_version, d.fix, d.is_resolution_note, d.root_cause, d.updated_at, u4.id AS id0, u4.created_at AS created_at0, u4.department, u4.email, u4.first_name, u4.is_active, u4.last_login_at, u4.last_name, u4.password_hash, u4.phone_number, u4.role, u4.updated_at AS updated_at0
    FROM developer_notes AS d
    INNER JOIN users AS u4 ON d.author_id = u4.id
) AS s3 ON s.id = s3.field_issue_id
LEFT JOIN (
    SELECT v.id, v.created_at, v.field_issue_id, v.firmware_version_tested, v.notes, v.result, v.test_environment, v.updated_at, v.validated_at, v.validator_id, u5.id AS id0, u5.created_at AS created_at0, u5.department, u5.email, u5.first_name, u5.is_active, u5.last_login_at, u5.last_name, u5.password_hash, u5.phone_number, u5.role, u5.updated_at AS updated_at0
    FROM validations AS v
    INNER JOIN users AS u5 ON v.validator_id = u5.id
) AS s4 ON s.id = s4.field_issue_id
LEFT JOIN activity_log AS a1 ON s.id = a1.field_issue_id
ORDER BY s.id, s.id0, s.id1, s0.id, s0.id0, s1.id, s1.id0, s2.id, s2.id0, s3.id, s3.id0, s4.id, s4.id0
2026-07-29 12:17:26.216 +05:30 [ERR] HTTP POST /api/issues/63428303-8c9f-4e13-bc46-ea01b49e506d/approve responded 500 in 21.4147 ms
System.InvalidOperationException: Cannot approve issue in status Draft.
   at FIT.Domain.Entities.FieldIssue.Approve(Guid reviewerId, String comments) in /Users/lalit.tak/Documents/Workspace/FIT/src/FIT.Domain/Entities/FieldIssue.cs:line 147
   at FIT.Application.Features.Issues.Commands.ApproveIssue.ApproveIssueCommandHandler.Handle(ApproveIssueCommand request, CancellationToken cancellationToken) in /Users/lalit.tak/Documents/Workspace/FIT/src/FIT.Application/Features/Issues/Commands/ApproveIssue/ApproveIssueCommandHandler.cs:line 31
   at FIT.API.Controllers.IssuesController.Approve(Guid id, ApproveRequest req, CancellationToken ct) in /Users/lalit.tak/Documents/Workspace/FIT/src/FIT.API/Controllers/IssuesController.cs:line 59
   at Microsoft.AspNetCore.Mvc.Infrastructure.ActionMethodExecutor.TaskOfIActionResultExecutor.Execute(ActionContext actionContext, IActionResultTypeMapper mapper, ObjectMethodExecutor executor, Object controller, Object[] arguments)
   at Microsoft.AspNetCore.Mvc.Infrastructure.ControllerActionInvoker.<InvokeActionMethodAsync>g__Awaited|12_0(ControllerActionInvoker invoker, ValueTask`1 actionResultValueTask)
   at Microsoft.AspNetCore.Mvc.Infrastructure.ControllerActionInvoker.<InvokeNextActionFilterAsync>g__Awaited|10_0(ControllerActionInvoker invoker, Task lastTask, State next, Scope scope, Object state, Boolean isCompleted)
   at Microsoft.AspNetCore.Mvc.Infrastructure.ControllerActionInvoker.Rethrow(ActionExecutedContextSealed context)
   at Microsoft.AspNetCore.Mvc.Infrastructure.ControllerActionInvoker.Next(State& next, Scope& scope, Object& state, Boolean& isCompleted)
   at Microsoft.AspNetCore.Mvc.Infrastructure.ControllerActionInvoker.<InvokeInnerFilterAsync>g__Awaited|13_0(ControllerActionInvoker invoker, Task lastTask, State next, Scope scope, Object state, Boolean isCompleted)
   at Microsoft.AspNetCore.Mvc.Infrastructure.ResourceInvoker.<InvokeFilterPipelineAsync>g__Awaited|20_0(ResourceInvoker invoker, Task lastTask, State next, Scope scope, Object state, Boolean isCompleted)
   at Microsoft.AspNetCore.Mvc.Infrastructure.ResourceInvoker.<InvokeAsync>g__Awaited|17_0(ResourceInvoker invoker, Task task, IDisposable scope)
   at Microsoft.AspNetCore.Mvc.Infrastructure.ResourceInvoker.<InvokeAsync>g__Awaited|17_0(ResourceInvoker invoker, Task task, IDisposable scope)
   at Microsoft.AspNetCore.Authorization.AuthorizationMiddleware.Invoke(HttpContext context)
   at Microsoft.AspNetCore.Authentication.AuthenticationMiddleware.Invoke(HttpContext context)
   at Serilog.AspNetCore.RequestLoggingMiddleware.Invoke(HttpContext httpContext)
2026-07-29 12:17:26.219 +05:30 [ERR] An unhandled exception has occurred while executing the request.
System.InvalidOperationException: Cannot approve issue in status Draft.
   at FIT.Domain.Entities.FieldIssue.Approve(Guid reviewerId, String comments) in /Users/lalit.tak/Documents/Workspace/FIT/src/FIT.Domain/Entities/FieldIssue.cs:line 147
   at FIT.Application.Features.Issues.Commands.ApproveIssue.ApproveIssueCommandHandler.Handle(ApproveIssueCommand request, CancellationToken cancellationToken) in /Users/lalit.tak/Documents/Workspace/FIT/src/FIT.Application/Features/Issues/Commands/ApproveIssue/ApproveIssueCommandHandler.cs:line 31
   at FIT.API.Controllers.IssuesController.Approve(Guid id, ApproveRequest req, CancellationToken ct) in /Users/lalit.tak/Documents/Workspace/FIT/src/FIT.API/Controllers/IssuesController.cs:line 59
   at Microsoft.AspNetCore.Mvc.Infrastructure.ActionMethodExecutor.TaskOfIActionResultExecutor.Execute(ActionContext actionContext, IActionResultTypeMapper mapper, ObjectMethodExecutor executor, Object controller, Object[] arguments)
   at Microsoft.AspNetCore.Mvc.Infrastructure.ControllerActionInvoker.<InvokeActionMethodAsync>g__Awaited|12_0(ControllerActionInvoker invoker, ValueTask`1 actionResultValueTask)
   at Microsoft.AspNetCore.Mvc.Infrastructure.ControllerActionInvoker.<InvokeNextActionFilterAsync>g__Awaited|10_0(ControllerActionInvoker invoker, Task lastTask, State next, Scope scope, Object state, Boolean isCompleted)
   at Microsoft.AspNetCore.Mvc.Infrastructure.ControllerActionInvoker.Rethrow(ActionExecutedContextSealed context)
   at Microsoft.AspNetCore.Mvc.Infrastructure.ControllerActionInvoker.Next(State& next, Scope& scope, Object& state, Boolean& isCompleted)
   at Microsoft.AspNetCore.Mvc.Infrastructure.ControllerActionInvoker.<InvokeInnerFilterAsync>g__Awaited|13_0(ControllerActionInvoker invoker, Task lastTask, State next, Scope scope, Object state, Boolean isCompleted)
   at Microsoft.AspNetCore.Mvc.Infrastructure.ResourceInvoker.<InvokeFilterPipelineAsync>g__Awaited|20_0(ResourceInvoker invoker, Task lastTask, State next, Scope scope, Object state, Boolean isCompleted)
   at Microsoft.AspNetCore.Mvc.Infrastructure.ResourceInvoker.<InvokeAsync>g__Awaited|17_0(ResourceInvoker invoker, Task task, IDisposable scope)
   at Microsoft.AspNetCore.Mvc.Infrastructure.ResourceInvoker.<InvokeAsync>g__Awaited|17_0(ResourceInvoker invoker, Task task, IDisposable scope)
   at Microsoft.AspNetCore.Authorization.AuthorizationMiddleware.Invoke(HttpContext context)
   at Microsoft.AspNetCore.Authentication.AuthenticationMiddleware.Invoke(HttpContext context)
   at Serilog.AspNetCore.RequestLoggingMiddleware.Invoke(HttpContext httpContext)
   at Microsoft.AspNetCore.Diagnostics.ExceptionHandlerMiddlewareImpl.<Invoke>g__Awaited|10_0(ExceptionHandlerMiddlewareImpl middleware, HttpContext context, Task task)
2026-07-29 12:17:26.219 +05:30 [ERR] Unhandled exception
System.InvalidOperationException: Cannot approve issue in status Draft.
   at FIT.Domain.Entities.FieldIssue.Approve(Guid reviewerId, String comments) in /Users/lalit.tak/Documents/Workspace/FIT/src/FIT.Domain/Entities/FieldIssue.cs:line 147
   at FIT.Application.Features.Issues.Commands.ApproveIssue.ApproveIssueCommandHandler.Handle(ApproveIssueCommand request, CancellationToken cancellationToken) in /Users/lalit.tak/Documents/Workspace/FIT/src/FIT.Application/Features/Issues/Commands/ApproveIssue/ApproveIssueCommandHandler.cs:line 31
   at FIT.API.Controllers.IssuesController.Approve(Guid id, ApproveRequest req, CancellationToken ct) in /Users/lalit.tak/Documents/Workspace/FIT/src/FIT.API/Controllers/IssuesController.cs:line 59
   at Microsoft.AspNetCore.Mvc.Infrastructure.ActionMethodExecutor.TaskOfIActionResultExecutor.Execute(ActionContext actionContext, IActionResultTypeMapper mapper, ObjectMethodExecutor executor, Object controller, Object[] arguments)
   at Microsoft.AspNetCore.Mvc.Infrastructure.ControllerActionInvoker.<InvokeActionMethodAsync>g__Awaited|12_0(ControllerActionInvoker invoker, ValueTask`1 actionResultValueTask)
   at Microsoft.AspNetCore.Mvc.Infrastructure.ControllerActionInvoker.<InvokeNextActionFilterAsync>g__Awaited|10_0(ControllerActionInvoker invoker, Task lastTask, State next, Scope scope, Object state, Boolean isCompleted)
   at Microsoft.AspNetCore.Mvc.Infrastructure.ControllerActionInvoker.Rethrow(ActionExecutedContextSealed context)
   at Microsoft.AspNetCore.Mvc.Infrastructure.ControllerActionInvoker.Next(State& next, Scope& scope, Object& state, Boolean& isCompleted)
   at Microsoft.AspNetCore.Mvc.Infrastructure.ControllerActionInvoker.<InvokeInnerFilterAsync>g__Awaited|13_0(ControllerActionInvoker invoker, Task lastTask, State next, Scope scope, Object state, Boolean isCompleted)
   at Microsoft.AspNetCore.Mvc.Infrastructure.ResourceInvoker.<InvokeFilterPipelineAsync>g__Awaited|20_0(ResourceInvoker invoker, Task lastTask, State next, Scope scope, Object state, Boolean isCompleted)
   at Microsoft.AspNetCore.Mvc.Infrastructure.ResourceInvoker.<InvokeAsync>g__Awaited|17_0(ResourceInvoker invoker, Task task, IDisposable scope)
   at Microsoft.AspNetCore.Mvc.Infrastructure.ResourceInvoker.<InvokeAsync>g__Awaited|17_0(ResourceInvoker invoker, Task task, IDisposable scope)
   at Microsoft.AspNetCore.Authorization.AuthorizationMiddleware.Invoke(HttpContext context)
   at Microsoft.AspNetCore.Authentication.AuthenticationMiddleware.Invoke(HttpContext context)
   at Serilog.AspNetCore.RequestLoggingMiddleware.Invoke(HttpContext httpContext)
   at Microsoft.AspNetCore.Diagnostics.ExceptionHandlerMiddlewareImpl.<Invoke>g__Awaited|10_0(ExceptionHandlerMiddlewareImpl middleware, HttpContext context, Task task)
2026-07-29 12:19:41.142 +05:30 [INF] Application is shutting down...
2026-07-29 12:19:43.854 +05:30 [WRN] The WebRootPath was not found: /Users/lalit.tak/Documents/Workspace/FIT/src/FIT.API/wwwroot. Static files may be unavailable.
2026-07-29 12:19:43.970 +05:30 [INF] Now listening on: http://localhost:5000
2026-07-29 12:19:43.971 +05:30 [INF] Application started. Press Ctrl+C to shut down.
2026-07-29 12:19:43.971 +05:30 [INF] Hosting environment: Production
2026-07-29 12:19:43.971 +05:30 [INF] Content root path: /Users/lalit.tak/Documents/Workspace/FIT/src/FIT.API
2026-07-29 12:19:48.163 +05:30 [INF] Executed DbCommand (39ms) [Parameters=[@__email_0='?'], CommandType='"Text"', CommandTimeout='30']
SELECT u.id, u.created_at, u.department, u.email, u.first_name, u.is_active, u.last_login_at, u.last_name, u.password_hash, u.phone_number, u.role, u.updated_at
FROM users AS u
WHERE u.email = @__email_0
LIMIT 1
2026-07-29 12:19:48.860 +05:30 [INF] HTTP POST /api/auth/login responded 200 in 1603.4916 ms
2026-07-29 12:19:49.253 +05:30 [INF] Executed DbCommand (133ms) [Parameters=[@p0='?' (DbType = Guid), @p1='?', @p2='?' (DbType = DateTime), @p3='?' (DbType = Guid), @p4='?', @p5='?' (DbType = DateTime), @p6='?', @p7='?' (DbType = DateTime), @p8='?' (DbType = Guid), @p9='?', @p10='?', @p11='?' (DbType = DateTime), @p12='?', @p13='?', @p14='?', @p15='?', @p16='?', @p17='?', @p18='?', @p19='?', @p20='?', @p21='?' (DbType = Guid), @p22='?' (DbType = DateTime), @p23='?', @p24='?', @p25='?', @p26='?' (DbType = DateTime), @p27='?', @p28='?' (DbType = DateTime), @p29='?' (DbType = DateTime)], CommandType='"Text"', CommandTimeout='30']
INSERT INTO field_issues (id, actual_behavior, approved_at, assigned_developer_id, category, closed_at, comm_type, created_at, customer_id, customer_site_address, description, development_started_at, expected_behavior, field_observations, issue_number, jira_key, jira_url, firmware_version, meter_serial, meter_type, priority, reporter_id, review_started_at, severity, status, steps_to_reproduce, submitted_at, summary, updated_at, validation_started_at)
VALUES (@p0, @p1, @p2, @p3, @p4, @p5, @p6, @p7, @p8, @p9, @p10, @p11, @p12, @p13, @p14, @p15, @p16, @p17, @p18, @p19, @p20, @p21, @p22, @p23, @p24, @p25, @p26, @p27, @p28, @p29);
2026-07-29 12:19:49.337 +05:30 [WRN] Compiling a query which loads related collections for more than one collection navigation, either via 'Include' or through projection, but no 'QuerySplittingBehavior' has been configured. By default, Entity Framework will use 'QuerySplittingBehavior.SingleQuery', which can potentially result in slow query performance. See https://go.microsoft.com/fwlink/?linkid=2134277 for more information. To identify the query that's triggering this warning call 'ConfigureWarnings(w => w.Throw(RelationalEventId.MultipleCollectionIncludeWarning))'.
2026-07-29 12:19:49.465 +05:30 [INF] Executed DbCommand (77ms) [Parameters=[@__id_0='?' (DbType = Guid)], CommandType='"Text"', CommandTimeout='30']
SELECT s.id, s.actual_behavior, s.approved_at, s.assigned_developer_id, s.category, s.closed_at, s.comm_type, s.created_at, s.customer_id, s.customer_site_address, s.description, s.development_started_at, s.expected_behavior, s.field_observations, s.issue_number, s.jira_key, s.jira_url, s.firmware_version, s.meter_serial, s.meter_type, s.priority, s.reporter_id, s.review_started_at, s.severity, s.status, s.steps_to_reproduce, s.submitted_at, s.summary, s.updated_at, s.validation_started_at, s.id0, s.created_at0, s.department, s.email, s.first_name, s.is_active, s.last_login_at, s.last_name, s.password_hash, s.phone_number, s.role, s.updated_at0, s.id1, s.created_at1, s.department0, s.email0, s.first_name0, s.is_active0, s.last_login_at0, s.last_name0, s.password_hash0, s.phone_number0, s.role0, s.updated_at1, s0.id, s0.comments, s0.created_at, s0.decided_at, s0.decision, s0.field_issue_id, s0.reviewer_id, s0.updated_at, s0.id0, s0.created_at0, s0.department, s0.email, s0.first_name, s0.is_active, s0.last_login_at, s0.last_name, s0.password_hash, s0.phone_number, s0.role, s0.updated_at0, s1.id, s1.author_id, s1.content, s1.created_at, s1.field_issue_id, s1.is_internal, s1.parent_comment_id, s1.updated_at, s1.id0, s1.created_at0, s1.department, s1.email, s1.first_name, s1.is_active, s1.last_login_at, s1.last_name, s1.password_hash, s1.phone_number, s1.role, s1.updated_at0, s2.id, s2.content_type, s2.created_at, s2.description, s2.field_issue_id, s2.file_name, s2.file_size_bytes, s2.original_file_name, s2.storage_path, s2.updated_at, s2.uploaded_by_id, s2.id0, s2.created_at0, s2.department, s2.email, s2.first_name, s2.is_active, s2.last_login_at, s2.last_name, s2.password_hash, s2.phone_number, s2.role, s2.updated_at0, s3.id, s3.author_id, s3.content, s3.created_at, s3.field_issue_id, s3.firmware_version, s3.fix, s3.is_resolution_note, s3.root_cause, s3.updated_at, s3.id0, s3.created_at0, s3.department, s3.email, s3.first_name, s3.is_active, s3.last_login_at, s3.last_name, s3.password_hash, s3.phone_number, s3.role, s3.updated_at0, s4.id, s4.created_at, s4.field_issue_id, s4.firmware_version_tested, s4.notes, s4.result, s4.test_environment, s4.updated_at, s4.validated_at, s4.validator_id, s4.id0, s4.created_at0, s4.department, s4.email, s4.first_name, s4.is_active, s4.last_login_at, s4.last_name, s4.password_hash, s4.phone_number, s4.role, s4.updated_at0, a1.id, a1.action, a1.created_at, a1.description, a1.field_issue_id, a1.metadata, a1.performed_by_id, a1.status_at_time, a1.updated_at
FROM (
    SELECT f.id, f.actual_behavior, f.approved_at, f.assigned_developer_id, f.category, f.closed_at, f.comm_type, f.created_at, f.customer_id, f.customer_site_address, f.description, f.development_started_at, f.expected_behavior, f.field_observations, f.issue_number, f.jira_key, f.jira_url, f.firmware_version, f.meter_serial, f.meter_type, f.priority, f.reporter_id, f.review_started_at, f.severity, f.status, f.steps_to_reproduce, f.submitted_at, f.summary, f.updated_at, f.validation_started_at, u.id AS id0, u.created_at AS created_at0, u.department, u.email, u.first_name, u.is_active, u.last_login_at, u.last_name, u.password_hash, u.phone_number, u.role, u.updated_at AS updated_at0, u0.id AS id1, u0.created_at AS created_at1, u0.department AS department0, u0.email AS email0, u0.first_name AS first_name0, u0.is_active AS is_active0, u0.last_login_at AS last_login_at0, u0.last_name AS last_name0, u0.password_hash AS password_hash0, u0.phone_number AS phone_number0, u0.role AS role0, u0.updated_at AS updated_at1
    FROM field_issues AS f
    INNER JOIN users AS u ON f.reporter_id = u.id
    LEFT JOIN users AS u0 ON f.assigned_developer_id = u0.id
    WHERE f.id = @__id_0
    LIMIT 1
) AS s
LEFT JOIN (
    SELECT a.id, a.comments, a.created_at, a.decided_at, a.decision, a.field_issue_id, a.reviewer_id, a.updated_at, u1.id AS id0, u1.created_at AS created_at0, u1.department, u1.email, u1.first_name, u1.is_active, u1.last_login_at, u1.last_name, u1.password_hash, u1.phone_number, u1.role, u1.updated_at AS updated_at0
    FROM approvals AS a
    INNER JOIN users AS u1 ON a.reviewer_id = u1.id
) AS s0 ON s.id = s0.field_issue_id
LEFT JOIN (
    SELECT c.id, c.author_id, c.content, c.created_at, c.field_issue_id, c.is_internal, c.parent_comment_id, c.updated_at, u2.id AS id0, u2.created_at AS created_at0, u2.department, u2.email, u2.first_name, u2.is_active, u2.last_login_at, u2.last_name, u2.password_hash, u2.phone_number, u2.role, u2.updated_at AS updated_at0
    FROM comments AS c
    INNER JOIN users AS u2 ON c.author_id = u2.id
) AS s1 ON s.id = s1.field_issue_id
LEFT JOIN (
    SELECT a0.id, a0.content_type, a0.created_at, a0.description, a0.field_issue_id, a0.file_name, a0.file_size_bytes, a0.original_file_name, a0.storage_path, a0.updated_at, a0.uploaded_by_id, u3.id AS id0, u3.created_at AS created_at0, u3.department, u3.email, u3.first_name, u3.is_active, u3.last_login_at, u3.last_name, u3.password_hash, u3.phone_number, u3.role, u3.updated_at AS updated_at0
    FROM attachments AS a0
    INNER JOIN users AS u3 ON a0.uploaded_by_id = u3.id
) AS s2 ON s.id = s2.field_issue_id
LEFT JOIN (
    SELECT d.id, d.author_id, d.content, d.created_at, d.field_issue_id, d.firmware_version, d.fix, d.is_resolution_note, d.root_cause, d.updated_at, u4.id AS id0, u4.created_at AS created_at0, u4.department, u4.email, u4.first_name, u4.is_active, u4.last_login_at, u4.last_name, u4.password_hash, u4.phone_number, u4.role, u4.updated_at AS updated_at0
    FROM developer_notes AS d
    INNER JOIN users AS u4 ON d.author_id = u4.id
) AS s3 ON s.id = s3.field_issue_id
LEFT JOIN (
    SELECT v.id, v.created_at, v.field_issue_id, v.firmware_version_tested, v.notes, v.result, v.test_environment, v.updated_at, v.validated_at, v.validator_id, u5.id AS id0, u5.created_at AS created_at0, u5.department, u5.email, u5.first_name, u5.is_active, u5.last_login_at, u5.last_name, u5.password_hash, u5.phone_number, u5.role, u5.updated_at AS updated_at0
    FROM validations AS v
    INNER JOIN users AS u5 ON v.validator_id = u5.id
) AS s4 ON s.id = s4.field_issue_id
LEFT JOIN activity_log AS a1 ON s.id = a1.field_issue_id
ORDER BY s.id, s.id0, s.id1, s0.id, s0.id0, s1.id, s1.id0, s2.id, s2.id0, s3.id, s3.id0, s4.id, s4.id0
2026-07-29 12:19:49.530 +05:30 [INF] HTTP POST /api/issues responded 201 in 637.4753 ms
2026-07-29 12:19:49.586 +05:30 [INF] Executed DbCommand (15ms) [Parameters=[@__id_0='?' (DbType = Guid)], CommandType='"Text"', CommandTimeout='30']
SELECT s.id, s.actual_behavior, s.approved_at, s.assigned_developer_id, s.category, s.closed_at, s.comm_type, s.created_at, s.customer_id, s.customer_site_address, s.description, s.development_started_at, s.expected_behavior, s.field_observations, s.issue_number, s.jira_key, s.jira_url, s.firmware_version, s.meter_serial, s.meter_type, s.priority, s.reporter_id, s.review_started_at, s.severity, s.status, s.steps_to_reproduce, s.submitted_at, s.summary, s.updated_at, s.validation_started_at, s.id0, s.created_at0, s.department, s.email, s.first_name, s.is_active, s.last_login_at, s.last_name, s.password_hash, s.phone_number, s.role, s.updated_at0, s.id1, s.created_at1, s.department0, s.email0, s.first_name0, s.is_active0, s.last_login_at0, s.last_name0, s.password_hash0, s.phone_number0, s.role0, s.updated_at1, s0.id, s0.comments, s0.created_at, s0.decided_at, s0.decision, s0.field_issue_id, s0.reviewer_id, s0.updated_at, s0.id0, s0.created_at0, s0.department, s0.email, s0.first_name, s0.is_active, s0.last_login_at, s0.last_name, s0.password_hash, s0.phone_number, s0.role, s0.updated_at0, s1.id, s1.author_id, s1.content, s1.created_at, s1.field_issue_id, s1.is_internal, s1.parent_comment_id, s1.updated_at, s1.id0, s1.created_at0, s1.department, s1.email, s1.first_name, s1.is_active, s1.last_login_at, s1.last_name, s1.password_hash, s1.phone_number, s1.role, s1.updated_at0, s2.id, s2.content_type, s2.created_at, s2.description, s2.field_issue_id, s2.file_name, s2.file_size_bytes, s2.original_file_name, s2.storage_path, s2.updated_at, s2.uploaded_by_id, s2.id0, s2.created_at0, s2.department, s2.email, s2.first_name, s2.is_active, s2.last_login_at, s2.last_name, s2.password_hash, s2.phone_number, s2.role, s2.updated_at0, s3.id, s3.author_id, s3.content, s3.created_at, s3.field_issue_id, s3.firmware_version, s3.fix, s3.is_resolution_note, s3.root_cause, s3.updated_at, s3.id0, s3.created_at0, s3.department, s3.email, s3.first_name, s3.is_active, s3.last_login_at, s3.last_name, s3.password_hash, s3.phone_number, s3.role, s3.updated_at0, s4.id, s4.created_at, s4.field_issue_id, s4.firmware_version_tested, s4.notes, s4.result, s4.test_environment, s4.updated_at, s4.validated_at, s4.validator_id, s4.id0, s4.created_at0, s4.department, s4.email, s4.first_name, s4.is_active, s4.last_login_at, s4.last_name, s4.password_hash, s4.phone_number, s4.role, s4.updated_at0, a1.id, a1.action, a1.created_at, a1.description, a1.field_issue_id, a1.metadata, a1.performed_by_id, a1.status_at_time, a1.updated_at
FROM (
    SELECT f.id, f.actual_behavior, f.approved_at, f.assigned_developer_id, f.category, f.closed_at, f.comm_type, f.created_at, f.customer_id, f.customer_site_address, f.description, f.development_started_at, f.expected_behavior, f.field_observations, f.issue_number, f.jira_key, f.jira_url, f.firmware_version, f.meter_serial, f.meter_type, f.priority, f.reporter_id, f.review_started_at, f.severity, f.status, f.steps_to_reproduce, f.submitted_at, f.summary, f.updated_at, f.validation_started_at, u.id AS id0, u.created_at AS created_at0, u.department, u.email, u.first_name, u.is_active, u.last_login_at, u.last_name, u.password_hash, u.phone_number, u.role, u.updated_at AS updated_at0, u0.id AS id1, u0.created_at AS created_at1, u0.department AS department0, u0.email AS email0, u0.first_name AS first_name0, u0.is_active AS is_active0, u0.last_login_at AS last_login_at0, u0.last_name AS last_name0, u0.password_hash AS password_hash0, u0.phone_number AS phone_number0, u0.role AS role0, u0.updated_at AS updated_at1
    FROM field_issues AS f
    INNER JOIN users AS u ON f.reporter_id = u.id
    LEFT JOIN users AS u0 ON f.assigned_developer_id = u0.id
    WHERE f.id = @__id_0
    LIMIT 1
) AS s
LEFT JOIN (
    SELECT a.id, a.comments, a.created_at, a.decided_at, a.decision, a.field_issue_id, a.reviewer_id, a.updated_at, u1.id AS id0, u1.created_at AS created_at0, u1.department, u1.email, u1.first_name, u1.is_active, u1.last_login_at, u1.last_name, u1.password_hash, u1.phone_number, u1.role, u1.updated_at AS updated_at0
    FROM approvals AS a
    INNER JOIN users AS u1 ON a.reviewer_id = u1.id
) AS s0 ON s.id = s0.field_issue_id
LEFT JOIN (
    SELECT c.id, c.author_id, c.content, c.created_at, c.field_issue_id, c.is_internal, c.parent_comment_id, c.updated_at, u2.id AS id0, u2.created_at AS created_at0, u2.department, u2.email, u2.first_name, u2.is_active, u2.last_login_at, u2.last_name, u2.password_hash, u2.phone_number, u2.role, u2.updated_at AS updated_at0
    FROM comments AS c
    INNER JOIN users AS u2 ON c.author_id = u2.id
) AS s1 ON s.id = s1.field_issue_id
LEFT JOIN (
    SELECT a0.id, a0.content_type, a0.created_at, a0.description, a0.field_issue_id, a0.file_name, a0.file_size_bytes, a0.original_file_name, a0.storage_path, a0.updated_at, a0.uploaded_by_id, u3.id AS id0, u3.created_at AS created_at0, u3.department, u3.email, u3.first_name, u3.is_active, u3.last_login_at, u3.last_name, u3.password_hash, u3.phone_number, u3.role, u3.updated_at AS updated_at0
    FROM attachments AS a0
    INNER JOIN users AS u3 ON a0.uploaded_by_id = u3.id
) AS s2 ON s.id = s2.field_issue_id
LEFT JOIN (
    SELECT d.id, d.author_id, d.content, d.created_at, d.field_issue_id, d.firmware_version, d.fix, d.is_resolution_note, d.root_cause, d.updated_at, u4.id AS id0, u4.created_at AS created_at0, u4.department, u4.email, u4.first_name, u4.is_active, u4.last_login_at, u4.last_name, u4.password_hash, u4.phone_number, u4.role, u4.updated_at AS updated_at0
    FROM developer_notes AS d
    INNER JOIN users AS u4 ON d.author_id = u4.id
) AS s3 ON s.id = s3.field_issue_id
LEFT JOIN (
    SELECT v.id, v.created_at, v.field_issue_id, v.firmware_version_tested, v.notes, v.result, v.test_environment, v.updated_at, v.validated_at, v.validator_id, u5.id AS id0, u5.created_at AS created_at0, u5.department, u5.email, u5.first_name, u5.is_active, u5.last_login_at, u5.last_name, u5.password_hash, u5.phone_number, u5.role, u5.updated_at AS updated_at0
    FROM validations AS v
    INNER JOIN users AS u5 ON v.validator_id = u5.id
) AS s4 ON s.id = s4.field_issue_id
LEFT JOIN activity_log AS a1 ON s.id = a1.field_issue_id
ORDER BY s.id, s.id0, s.id1, s0.id, s0.id0, s1.id, s1.id0, s2.id, s2.id0, s3.id, s3.id0, s4.id, s4.id0
2026-07-29 12:19:49.619 +05:30 [INF] Executed DbCommand (1ms) [Parameters=[@__entity_Id_0='?' (DbType = Guid)], CommandType='"Text"', CommandTimeout='30']
SELECT EXISTS (
    SELECT 1
    FROM activity_log AS a
    WHERE a.id = @__entity_Id_0)
2026-07-29 12:19:49.635 +05:30 [INF] Executed DbCommand (5ms) [Parameters=[@p0='?' (DbType = Guid), @p1='?', @p2='?' (DbType = DateTime), @p3='?', @p4='?' (DbType = Guid), @p5='?' (DbType = Object), @p6='?' (DbType = Guid), @p7='?', @p8='?' (DbType = DateTime), @p12='?' (DbType = Guid), @p9='?', @p10='?' (DbType = DateTime), @p11='?' (DbType = DateTime)], CommandType='"Text"', CommandTimeout='30']
INSERT INTO activity_log (id, action, created_at, description, field_issue_id, metadata, performed_by_id, status_at_time, updated_at)
VALUES (@p0, @p1, @p2, @p3, @p4, @p5, @p6, @p7, @p8);
UPDATE field_issues SET status = @p9, submitted_at = @p10, updated_at = @p11
WHERE id = @p12;
2026-07-29 12:19:49.651 +05:30 [INF] Executed DbCommand (2ms) [Parameters=[@__role_0='?'], CommandType='"Text"', CommandTimeout='30']
SELECT u.id, u.created_at, u.department, u.email, u.first_name, u.is_active, u.last_login_at, u.last_name, u.password_hash, u.phone_number, u.role, u.updated_at
FROM users AS u
WHERE u.role = @__role_0 AND u.is_active
ORDER BY u.first_name
2026-07-29 12:19:51.902 +05:30 [WRN] Failed to send email to mohit@polarisgrids.com
MailKit.ServiceNotAuthenticatedException: 5.7.0 Authentication Required. For more information, go to
5.7.0  https://support.google.com/accounts/troubleshooter/2402620. 5a478bee46e88-31504cc64c2sm6488091eec.19 - gsmtp
   at MailKit.Net.Smtp.SmtpClient.SendAsync(FormatOptions options, MimeMessage message, MailboxAddress sender, IList`1 recipients, CancellationToken cancellationToken, ITransferProgress progress)
   at MailKit.Net.Smtp.SmtpClient.SendAsync(FormatOptions options, MimeMessage message, MailboxAddress sender, IList`1 recipients, CancellationToken cancellationToken, ITransferProgress progress)
   at FIT.Infrastructure.Services.EmailService.SendAsync(String to, String subject, String body, Boolean isHtml, CancellationToken cancellationToken) in /Users/lalit.tak/Documents/Workspace/FIT/src/FIT.Infrastructure/Services/EmailService.cs:line 37
2026-07-29 12:19:51.915 +05:30 [INF] HTTP POST /api/issues/39173065-472f-4849-ad2b-a71f26a6354a/submit responded 204 in 2357.8645 ms
2026-07-29 12:19:51.965 +05:30 [INF] Executed DbCommand (8ms) [Parameters=[@__id_0='?' (DbType = Guid)], CommandType='"Text"', CommandTimeout='30']
SELECT s.id, s.actual_behavior, s.approved_at, s.assigned_developer_id, s.category, s.closed_at, s.comm_type, s.created_at, s.customer_id, s.customer_site_address, s.description, s.development_started_at, s.expected_behavior, s.field_observations, s.issue_number, s.jira_key, s.jira_url, s.firmware_version, s.meter_serial, s.meter_type, s.priority, s.reporter_id, s.review_started_at, s.severity, s.status, s.steps_to_reproduce, s.submitted_at, s.summary, s.updated_at, s.validation_started_at, s.id0, s.created_at0, s.department, s.email, s.first_name, s.is_active, s.last_login_at, s.last_name, s.password_hash, s.phone_number, s.role, s.updated_at0, s.id1, s.created_at1, s.department0, s.email0, s.first_name0, s.is_active0, s.last_login_at0, s.last_name0, s.password_hash0, s.phone_number0, s.role0, s.updated_at1, s0.id, s0.comments, s0.created_at, s0.decided_at, s0.decision, s0.field_issue_id, s0.reviewer_id, s0.updated_at, s0.id0, s0.created_at0, s0.department, s0.email, s0.first_name, s0.is_active, s0.last_login_at, s0.last_name, s0.password_hash, s0.phone_number, s0.role, s0.updated_at0, s1.id, s1.author_id, s1.content, s1.created_at, s1.field_issue_id, s1.is_internal, s1.parent_comment_id, s1.updated_at, s1.id0, s1.created_at0, s1.department, s1.email, s1.first_name, s1.is_active, s1.last_login_at, s1.last_name, s1.password_hash, s1.phone_number, s1.role, s1.updated_at0, s2.id, s2.content_type, s2.created_at, s2.description, s2.field_issue_id, s2.file_name, s2.file_size_bytes, s2.original_file_name, s2.storage_path, s2.updated_at, s2.uploaded_by_id, s2.id0, s2.created_at0, s2.department, s2.email, s2.first_name, s2.is_active, s2.last_login_at, s2.last_name, s2.password_hash, s2.phone_number, s2.role, s2.updated_at0, s3.id, s3.author_id, s3.content, s3.created_at, s3.field_issue_id, s3.firmware_version, s3.fix, s3.is_resolution_note, s3.root_cause, s3.updated_at, s3.id0, s3.created_at0, s3.department, s3.email, s3.first_name, s3.is_active, s3.last_login_at, s3.last_name, s3.password_hash, s3.phone_number, s3.role, s3.updated_at0, s4.id, s4.created_at, s4.field_issue_id, s4.firmware_version_tested, s4.notes, s4.result, s4.test_environment, s4.updated_at, s4.validated_at, s4.validator_id, s4.id0, s4.created_at0, s4.department, s4.email, s4.first_name, s4.is_active, s4.last_login_at, s4.last_name, s4.password_hash, s4.phone_number, s4.role, s4.updated_at0, a1.id, a1.action, a1.created_at, a1.description, a1.field_issue_id, a1.metadata, a1.performed_by_id, a1.status_at_time, a1.updated_at
FROM (
    SELECT f.id, f.actual_behavior, f.approved_at, f.assigned_developer_id, f.category, f.closed_at, f.comm_type, f.created_at, f.customer_id, f.customer_site_address, f.description, f.development_started_at, f.expected_behavior, f.field_observations, f.issue_number, f.jira_key, f.jira_url, f.firmware_version, f.meter_serial, f.meter_type, f.priority, f.reporter_id, f.review_started_at, f.severity, f.status, f.steps_to_reproduce, f.submitted_at, f.summary, f.updated_at, f.validation_started_at, u.id AS id0, u.created_at AS created_at0, u.department, u.email, u.first_name, u.is_active, u.last_login_at, u.last_name, u.password_hash, u.phone_number, u.role, u.updated_at AS updated_at0, u0.id AS id1, u0.created_at AS created_at1, u0.department AS department0, u0.email AS email0, u0.first_name AS first_name0, u0.is_active AS is_active0, u0.last_login_at AS last_login_at0, u0.last_name AS last_name0, u0.password_hash AS password_hash0, u0.phone_number AS phone_number0, u0.role AS role0, u0.updated_at AS updated_at1
    FROM field_issues AS f
    INNER JOIN users AS u ON f.reporter_id = u.id
    LEFT JOIN users AS u0 ON f.assigned_developer_id = u0.id
    WHERE f.id = @__id_0
    LIMIT 1
) AS s
LEFT JOIN (
    SELECT a.id, a.comments, a.created_at, a.decided_at, a.decision, a.field_issue_id, a.reviewer_id, a.updated_at, u1.id AS id0, u1.created_at AS created_at0, u1.department, u1.email, u1.first_name, u1.is_active, u1.last_login_at, u1.last_name, u1.password_hash, u1.phone_number, u1.role, u1.updated_at AS updated_at0
    FROM approvals AS a
    INNER JOIN users AS u1 ON a.reviewer_id = u1.id
) AS s0 ON s.id = s0.field_issue_id
LEFT JOIN (
    SELECT c.id, c.author_id, c.content, c.created_at, c.field_issue_id, c.is_internal, c.parent_comment_id, c.updated_at, u2.id AS id0, u2.created_at AS created_at0, u2.department, u2.email, u2.first_name, u2.is_active, u2.last_login_at, u2.last_name, u2.password_hash, u2.phone_number, u2.role, u2.updated_at AS updated_at0
    FROM comments AS c
    INNER JOIN users AS u2 ON c.author_id = u2.id
) AS s1 ON s.id = s1.field_issue_id
LEFT JOIN (
    SELECT a0.id, a0.content_type, a0.created_at, a0.description, a0.field_issue_id, a0.file_name, a0.file_size_bytes, a0.original_file_name, a0.storage_path, a0.updated_at, a0.uploaded_by_id, u3.id AS id0, u3.created_at AS created_at0, u3.department, u3.email, u3.first_name, u3.is_active, u3.last_login_at, u3.last_name, u3.password_hash, u3.phone_number, u3.role, u3.updated_at AS updated_at0
    FROM attachments AS a0
    INNER JOIN users AS u3 ON a0.uploaded_by_id = u3.id
) AS s2 ON s.id = s2.field_issue_id
LEFT JOIN (
    SELECT d.id, d.author_id, d.content, d.created_at, d.field_issue_id, d.firmware_version, d.fix, d.is_resolution_note, d.root_cause, d.updated_at, u4.id AS id0, u4.created_at AS created_at0, u4.department, u4.email, u4.first_name, u4.is_active, u4.last_login_at, u4.last_name, u4.password_hash, u4.phone_number, u4.role, u4.updated_at AS updated_at0
    FROM developer_notes AS d
    INNER JOIN users AS u4 ON d.author_id = u4.id
) AS s3 ON s.id = s3.field_issue_id
LEFT JOIN (
    SELECT v.id, v.created_at, v.field_issue_id, v.firmware_version_tested, v.notes, v.result, v.test_environment, v.updated_at, v.validated_at, v.validator_id, u5.id AS id0, u5.created_at AS created_at0, u5.department, u5.email, u5.first_name, u5.is_active, u5.last_login_at, u5.last_name, u5.password_hash, u5.phone_number, u5.role, u5.updated_at AS updated_at0
    FROM validations AS v
    INNER JOIN users AS u5 ON v.validator_id = u5.id
) AS s4 ON s.id = s4.field_issue_id
LEFT JOIN activity_log AS a1 ON s.id = a1.field_issue_id
ORDER BY s.id, s.id0, s.id1, s0.id, s0.id0, s1.id, s1.id0, s2.id, s2.id0, s3.id, s3.id0, s4.id, s4.id0
2026-07-29 12:19:51.977 +05:30 [INF] Start processing HTTP request POST https://grampower.atlassian.net/rest/api/3/issue
2026-07-29 12:19:51.977 +05:30 [INF] Sending HTTP request POST https://grampower.atlassian.net/rest/api/3/issue
2026-07-29 12:19:53.074 +05:30 [INF] Received HTTP response headers after 1093.5543ms - 201
2026-07-29 12:19:53.076 +05:30 [INF] End processing HTTP request after 1100.9194ms - 201
2026-07-29 12:19:53.099 +05:30 [INF] Executed DbCommand (1ms) [Parameters=[@__entity_Id_0='?' (DbType = Guid)], CommandType='"Text"', CommandTimeout='30']
SELECT EXISTS (
    SELECT 1
    FROM activity_log AS a
    WHERE a.id = @__entity_Id_0)
2026-07-29 12:19:53.105 +05:30 [INF] Executed DbCommand (1ms) [Parameters=[@__entity_Id_0='?' (DbType = Guid)], CommandType='"Text"', CommandTimeout='30']
SELECT EXISTS (
    SELECT 1
    FROM approvals AS a
    WHERE a.id = @__entity_Id_0)
2026-07-29 12:19:53.115 +05:30 [ERR] Failed executing DbCommand (5ms) [Parameters=[@p0='?' (DbType = Guid), @p1='?', @p2='?' (DbType = DateTime), @p3='?', @p4='?' (DbType = Guid), @p5='?' (DbType = Object), @p6='?' (DbType = Guid), @p7='?', @p8='?' (DbType = DateTime), @p9='?' (DbType = Guid), @p10='?', @p11='?' (DbType = DateTime), @p12='?' (DbType = DateTime), @p13='?', @p14='?' (DbType = Guid), @p15='?' (DbType = Guid), @p16='?' (DbType = DateTime), @p22='?' (DbType = Guid), @p17='?' (DbType = DateTime), @p18='?', @p19='?', @p20='?', @p21='?' (DbType = DateTime)], CommandType='"Text"', CommandTimeout='30']
INSERT INTO activity_log (id, action, created_at, description, field_issue_id, metadata, performed_by_id, status_at_time, updated_at)
VALUES (@p0, @p1, @p2, @p3, @p4, @p5, @p6, @p7, @p8);
INSERT INTO approvals (id, comments, created_at, decided_at, decision, field_issue_id, reviewer_id, updated_at)
VALUES (@p9, @p10, @p11, @p12, @p13, @p14, @p15, @p16);
UPDATE field_issues SET approved_at = @p17, jira_key = @p18, jira_url = @p19, status = @p20, updated_at = @p21
WHERE id = @p22;
2026-07-29 12:19:53.125 +05:30 [ERR] An exception occurred in the database while saving changes for context type 'FIT.Infrastructure.Persistence.FitDbContext'.
Microsoft.EntityFrameworkCore.DbUpdateException: An error occurred while saving the entity changes. See the inner exception for details.
 ---> Npgsql.PostgresException (0x80004005): 23502: null value in column "issue_id" of relation "approvals" violates not-null constraint

DETAIL: Detail redacted as it may contain sensitive data. Specify 'Include Error Detail' in the connection string to include this information.
   at Npgsql.Internal.NpgsqlConnector.ReadMessageLong(Boolean async, DataRowLoadingMode dataRowLoadingMode, Boolean readingNotifications, Boolean isReadingPrependedMessage)
   at System.Runtime.CompilerServices.PoolingAsyncValueTaskMethodBuilder`1.StateMachineBox`1.System.Threading.Tasks.Sources.IValueTaskSource<TResult>.GetResult(Int16 token)
   at Npgsql.NpgsqlDataReader.NextResult(Boolean async, Boolean isConsuming, CancellationToken cancellationToken)
   at Npgsql.NpgsqlDataReader.NextResult(Boolean async, Boolean isConsuming, CancellationToken cancellationToken)
   at Npgsql.NpgsqlCommand.ExecuteReader(Boolean async, CommandBehavior behavior, CancellationToken cancellationToken)
   at Npgsql.NpgsqlCommand.ExecuteReader(Boolean async, CommandBehavior behavior, CancellationToken cancellationToken)
   at Npgsql.NpgsqlCommand.ExecuteDbDataReaderAsync(CommandBehavior behavior, CancellationToken cancellationToken)
   at Microsoft.EntityFrameworkCore.Storage.RelationalCommand.ExecuteReaderAsync(RelationalCommandParameterObject parameterObject, CancellationToken cancellationToken)
   at Microsoft.EntityFrameworkCore.Storage.RelationalCommand.ExecuteReaderAsync(RelationalCommandParameterObject parameterObject, CancellationToken cancellationToken)
   at Microsoft.EntityFrameworkCore.Update.ReaderModificationCommandBatch.ExecuteAsync(IRelationalConnection connection, CancellationToken cancellationToken)
  Exception data:
    Severity: ERROR
    SqlState: 23502
    MessageText: null value in column "issue_id" of relation "approvals" violates not-null constraint
    Detail: Detail redacted as it may contain sensitive data. Specify 'Include Error Detail' in the connection string to include this information.
    SchemaName: public
    TableName: approvals
    ColumnName: issue_id
    File: execMain.c
    Line: 2219
    Routine: ReportNotNullViolationError
   --- End of inner exception stack trace ---
   at Microsoft.EntityFrameworkCore.Update.ReaderModificationCommandBatch.ExecuteAsync(IRelationalConnection connection, CancellationToken cancellationToken)
   at Microsoft.EntityFrameworkCore.Update.Internal.BatchExecutor.ExecuteAsync(IEnumerable`1 commandBatches, IRelationalConnection connection, CancellationToken cancellationToken)
   at Microsoft.EntityFrameworkCore.Update.Internal.BatchExecutor.ExecuteAsync(IEnumerable`1 commandBatches, IRelationalConnection connection, CancellationToken cancellationToken)
   at Microsoft.EntityFrameworkCore.Update.Internal.BatchExecutor.ExecuteAsync(IEnumerable`1 commandBatches, IRelationalConnection connection, CancellationToken cancellationToken)
   at Microsoft.EntityFrameworkCore.Storage.RelationalDatabase.SaveChangesAsync(IList`1 entries, CancellationToken cancellationToken)
   at Microsoft.EntityFrameworkCore.ChangeTracking.Internal.StateManager.SaveChangesAsync(IList`1 entriesToSave, CancellationToken cancellationToken)
   at Microsoft.EntityFrameworkCore.ChangeTracking.Internal.StateManager.SaveChangesAsync(StateManager stateManager, Boolean acceptAllChangesOnSuccess, CancellationToken cancellationToken)
   at Npgsql.EntityFrameworkCore.PostgreSQL.Storage.Internal.NpgsqlExecutionStrategy.ExecuteAsync[TState,TResult](TState state, Func`4 operation, Func`4 verifySucceeded, CancellationToken cancellationToken)
   at Microsoft.EntityFrameworkCore.DbContext.SaveChangesAsync(Boolean acceptAllChangesOnSuccess, CancellationToken cancellationToken)
Microsoft.EntityFrameworkCore.DbUpdateException: An error occurred while saving the entity changes. See the inner exception for details.
 ---> Npgsql.PostgresException (0x80004005): 23502: null value in column "issue_id" of relation "approvals" violates not-null constraint

DETAIL: Detail redacted as it may contain sensitive data. Specify 'Include Error Detail' in the connection string to include this information.
   at Npgsql.Internal.NpgsqlConnector.ReadMessageLong(Boolean async, DataRowLoadingMode dataRowLoadingMode, Boolean readingNotifications, Boolean isReadingPrependedMessage)
   at System.Runtime.CompilerServices.PoolingAsyncValueTaskMethodBuilder`1.StateMachineBox`1.System.Threading.Tasks.Sources.IValueTaskSource<TResult>.GetResult(Int16 token)
   at Npgsql.NpgsqlDataReader.NextResult(Boolean async, Boolean isConsuming, CancellationToken cancellationToken)
   at Npgsql.NpgsqlDataReader.NextResult(Boolean async, Boolean isConsuming, CancellationToken cancellationToken)
   at Npgsql.NpgsqlCommand.ExecuteReader(Boolean async, CommandBehavior behavior, CancellationToken cancellationToken)
   at Npgsql.NpgsqlCommand.ExecuteReader(Boolean async, CommandBehavior behavior, CancellationToken cancellationToken)
   at Npgsql.NpgsqlCommand.ExecuteDbDataReaderAsync(CommandBehavior behavior, CancellationToken cancellationToken)
   at Microsoft.EntityFrameworkCore.Storage.RelationalCommand.ExecuteReaderAsync(RelationalCommandParameterObject parameterObject, CancellationToken cancellationToken)
   at Microsoft.EntityFrameworkCore.Storage.RelationalCommand.ExecuteReaderAsync(RelationalCommandParameterObject parameterObject, CancellationToken cancellationToken)
   at Microsoft.EntityFrameworkCore.Update.ReaderModificationCommandBatch.ExecuteAsync(IRelationalConnection connection, CancellationToken cancellationToken)
  Exception data:
    Severity: ERROR
    SqlState: 23502
    MessageText: null value in column "issue_id" of relation "approvals" violates not-null constraint
    Detail: Detail redacted as it may contain sensitive data. Specify 'Include Error Detail' in the connection string to include this information.
    SchemaName: public
    TableName: approvals
    ColumnName: issue_id
    File: execMain.c
    Line: 2219
    Routine: ReportNotNullViolationError
   --- End of inner exception stack trace ---
   at Microsoft.EntityFrameworkCore.Update.ReaderModificationCommandBatch.ExecuteAsync(IRelationalConnection connection, CancellationToken cancellationToken)
   at Microsoft.EntityFrameworkCore.Update.Internal.BatchExecutor.ExecuteAsync(IEnumerable`1 commandBatches, IRelationalConnection connection, CancellationToken cancellationToken)
   at Microsoft.EntityFrameworkCore.Update.Internal.BatchExecutor.ExecuteAsync(IEnumerable`1 commandBatches, IRelationalConnection connection, CancellationToken cancellationToken)
   at Microsoft.EntityFrameworkCore.Update.Internal.BatchExecutor.ExecuteAsync(IEnumerable`1 commandBatches, IRelationalConnection connection, CancellationToken cancellationToken)
   at Microsoft.EntityFrameworkCore.Storage.RelationalDatabase.SaveChangesAsync(IList`1 entries, CancellationToken cancellationToken)
   at Microsoft.EntityFrameworkCore.ChangeTracking.Internal.StateManager.SaveChangesAsync(IList`1 entriesToSave, CancellationToken cancellationToken)
   at Microsoft.EntityFrameworkCore.ChangeTracking.Internal.StateManager.SaveChangesAsync(StateManager stateManager, Boolean acceptAllChangesOnSuccess, CancellationToken cancellationToken)
   at Npgsql.EntityFrameworkCore.PostgreSQL.Storage.Internal.NpgsqlExecutionStrategy.ExecuteAsync[TState,TResult](TState state, Func`4 operation, Func`4 verifySucceeded, CancellationToken cancellationToken)
   at Microsoft.EntityFrameworkCore.DbContext.SaveChangesAsync(Boolean acceptAllChangesOnSuccess, CancellationToken cancellationToken)
2026-07-29 12:19:53.127 +05:30 [ERR] HTTP POST /api/issues/39173065-472f-4849-ad2b-a71f26a6354a/approve responded 500 in 1181.3798 ms
Microsoft.EntityFrameworkCore.DbUpdateException: An error occurred while saving the entity changes. See the inner exception for details.
 ---> Npgsql.PostgresException (0x80004005): 23502: null value in column "issue_id" of relation "approvals" violates not-null constraint

DETAIL: Detail redacted as it may contain sensitive data. Specify 'Include Error Detail' in the connection string to include this information.
   at Npgsql.Internal.NpgsqlConnector.ReadMessageLong(Boolean async, DataRowLoadingMode dataRowLoadingMode, Boolean readingNotifications, Boolean isReadingPrependedMessage)
   at System.Runtime.CompilerServices.PoolingAsyncValueTaskMethodBuilder`1.StateMachineBox`1.System.Threading.Tasks.Sources.IValueTaskSource<TResult>.GetResult(Int16 token)
   at Npgsql.NpgsqlDataReader.NextResult(Boolean async, Boolean isConsuming, CancellationToken cancellationToken)
   at Npgsql.NpgsqlDataReader.NextResult(Boolean async, Boolean isConsuming, CancellationToken cancellationToken)
   at Npgsql.NpgsqlCommand.ExecuteReader(Boolean async, CommandBehavior behavior, CancellationToken cancellationToken)
   at Npgsql.NpgsqlCommand.ExecuteReader(Boolean async, CommandBehavior behavior, CancellationToken cancellationToken)
   at Npgsql.NpgsqlCommand.ExecuteDbDataReaderAsync(CommandBehavior behavior, CancellationToken cancellationToken)
   at Microsoft.EntityFrameworkCore.Storage.RelationalCommand.ExecuteReaderAsync(RelationalCommandParameterObject parameterObject, CancellationToken cancellationToken)
   at Microsoft.EntityFrameworkCore.Storage.RelationalCommand.ExecuteReaderAsync(RelationalCommandParameterObject parameterObject, CancellationToken cancellationToken)
   at Microsoft.EntityFrameworkCore.Update.ReaderModificationCommandBatch.ExecuteAsync(IRelationalConnection connection, CancellationToken cancellationToken)
  Exception data:
    Severity: ERROR
    SqlState: 23502
    MessageText: null value in column "issue_id" of relation "approvals" violates not-null constraint
    Detail: Detail redacted as it may contain sensitive data. Specify 'Include Error Detail' in the connection string to include this information.
    SchemaName: public
    TableName: approvals
    ColumnName: issue_id
    File: execMain.c
    Line: 2219
    Routine: ReportNotNullViolationError
   --- End of inner exception stack trace ---
   at Microsoft.EntityFrameworkCore.Update.ReaderModificationCommandBatch.ExecuteAsync(IRelationalConnection connection, CancellationToken cancellationToken)
   at Microsoft.EntityFrameworkCore.Update.Internal.BatchExecutor.ExecuteAsync(IEnumerable`1 commandBatches, IRelationalConnection connection, CancellationToken cancellationToken)
   at Microsoft.EntityFrameworkCore.Update.Internal.BatchExecutor.ExecuteAsync(IEnumerable`1 commandBatches, IRelationalConnection connection, CancellationToken cancellationToken)
   at Microsoft.EntityFrameworkCore.Update.Internal.BatchExecutor.ExecuteAsync(IEnumerable`1 commandBatches, IRelationalConnection connection, CancellationToken cancellationToken)
   at Microsoft.EntityFrameworkCore.Storage.RelationalDatabase.SaveChangesAsync(IList`1 entries, CancellationToken cancellationToken)
   at Microsoft.EntityFrameworkCore.ChangeTracking.Internal.StateManager.SaveChangesAsync(IList`1 entriesToSave, CancellationToken cancellationToken)
   at Microsoft.EntityFrameworkCore.ChangeTracking.Internal.StateManager.SaveChangesAsync(StateManager stateManager, Boolean acceptAllChangesOnSuccess, CancellationToken cancellationToken)
   at Npgsql.EntityFrameworkCore.PostgreSQL.Storage.Internal.NpgsqlExecutionStrategy.ExecuteAsync[TState,TResult](TState state, Func`4 operation, Func`4 verifySucceeded, CancellationToken cancellationToken)
   at Microsoft.EntityFrameworkCore.DbContext.SaveChangesAsync(Boolean acceptAllChangesOnSuccess, CancellationToken cancellationToken)
   at Microsoft.EntityFrameworkCore.DbContext.SaveChangesAsync(Boolean acceptAllChangesOnSuccess, CancellationToken cancellationToken)
   at FIT.Application.Features.Issues.Commands.ApproveIssue.ApproveIssueCommandHandler.Handle(ApproveIssueCommand request, CancellationToken cancellationToken) in /Users/lalit.tak/Documents/Workspace/FIT/src/FIT.Application/Features/Issues/Commands/ApproveIssue/ApproveIssueCommandHandler.cs:line 41
   at FIT.API.Controllers.IssuesController.Approve(Guid id, ApproveRequest req, CancellationToken ct) in /Users/lalit.tak/Documents/Workspace/FIT/src/FIT.API/Controllers/IssuesController.cs:line 59
   at Microsoft.AspNetCore.Mvc.Infrastructure.ActionMethodExecutor.TaskOfIActionResultExecutor.Execute(ActionContext actionContext, IActionResultTypeMapper mapper, ObjectMethodExecutor executor, Object controller, Object[] arguments)
   at Microsoft.AspNetCore.Mvc.Infrastructure.ControllerActionInvoker.<InvokeActionMethodAsync>g__Awaited|12_0(ControllerActionInvoker invoker, ValueTask`1 actionResultValueTask)
   at Microsoft.AspNetCore.Mvc.Infrastructure.ControllerActionInvoker.<InvokeNextActionFilterAsync>g__Awaited|10_0(ControllerActionInvoker invoker, Task lastTask, State next, Scope scope, Object state, Boolean isCompleted)
   at Microsoft.AspNetCore.Mvc.Infrastructure.ControllerActionInvoker.Rethrow(ActionExecutedContextSealed context)
   at Microsoft.AspNetCore.Mvc.Infrastructure.ControllerActionInvoker.Next(State& next, Scope& scope, Object& state, Boolean& isCompleted)
   at Microsoft.AspNetCore.Mvc.Infrastructure.ControllerActionInvoker.<InvokeInnerFilterAsync>g__Awaited|13_0(ControllerActionInvoker invoker, Task lastTask, State next, Scope scope, Object state, Boolean isCompleted)
   at Microsoft.AspNetCore.Mvc.Infrastructure.ResourceInvoker.<InvokeFilterPipelineAsync>g__Awaited|20_0(ResourceInvoker invoker, Task lastTask, State next, Scope scope, Object state, Boolean isCompleted)
   at Microsoft.AspNetCore.Mvc.Infrastructure.ResourceInvoker.<InvokeAsync>g__Awaited|17_0(ResourceInvoker invoker, Task task, IDisposable scope)
   at Microsoft.AspNetCore.Mvc.Infrastructure.ResourceInvoker.<InvokeAsync>g__Awaited|17_0(ResourceInvoker invoker, Task task, IDisposable scope)
   at Microsoft.AspNetCore.Authorization.AuthorizationMiddleware.Invoke(HttpContext context)
   at Microsoft.AspNetCore.Authentication.AuthenticationMiddleware.Invoke(HttpContext context)
   at Serilog.AspNetCore.RequestLoggingMiddleware.Invoke(HttpContext httpContext)
2026-07-29 12:19:53.133 +05:30 [ERR] An unhandled exception has occurred while executing the request.
Microsoft.EntityFrameworkCore.DbUpdateException: An error occurred while saving the entity changes. See the inner exception for details.
 ---> Npgsql.PostgresException (0x80004005): 23502: null value in column "issue_id" of relation "approvals" violates not-null constraint

DETAIL: Detail redacted as it may contain sensitive data. Specify 'Include Error Detail' in the connection string to include this information.
   at Npgsql.Internal.NpgsqlConnector.ReadMessageLong(Boolean async, DataRowLoadingMode dataRowLoadingMode, Boolean readingNotifications, Boolean isReadingPrependedMessage)
   at System.Runtime.CompilerServices.PoolingAsyncValueTaskMethodBuilder`1.StateMachineBox`1.System.Threading.Tasks.Sources.IValueTaskSource<TResult>.GetResult(Int16 token)
   at Npgsql.NpgsqlDataReader.NextResult(Boolean async, Boolean isConsuming, CancellationToken cancellationToken)
   at Npgsql.NpgsqlDataReader.NextResult(Boolean async, Boolean isConsuming, CancellationToken cancellationToken)
   at Npgsql.NpgsqlCommand.ExecuteReader(Boolean async, CommandBehavior behavior, CancellationToken cancellationToken)
   at Npgsql.NpgsqlCommand.ExecuteReader(Boolean async, CommandBehavior behavior, CancellationToken cancellationToken)
   at Npgsql.NpgsqlCommand.ExecuteDbDataReaderAsync(CommandBehavior behavior, CancellationToken cancellationToken)
   at Microsoft.EntityFrameworkCore.Storage.RelationalCommand.ExecuteReaderAsync(RelationalCommandParameterObject parameterObject, CancellationToken cancellationToken)
   at Microsoft.EntityFrameworkCore.Storage.RelationalCommand.ExecuteReaderAsync(RelationalCommandParameterObject parameterObject, CancellationToken cancellationToken)
   at Microsoft.EntityFrameworkCore.Update.ReaderModificationCommandBatch.ExecuteAsync(IRelationalConnection connection, CancellationToken cancellationToken)
  Exception data:
    Severity: ERROR
    SqlState: 23502
    MessageText: null value in column "issue_id" of relation "approvals" violates not-null constraint
    Detail: Detail redacted as it may contain sensitive data. Specify 'Include Error Detail' in the connection string to include this information.
    SchemaName: public
    TableName: approvals
    ColumnName: issue_id
    File: execMain.c
    Line: 2219
    Routine: ReportNotNullViolationError
   --- End of inner exception stack trace ---
   at Microsoft.EntityFrameworkCore.Update.ReaderModificationCommandBatch.ExecuteAsync(IRelationalConnection connection, CancellationToken cancellationToken)
   at Microsoft.EntityFrameworkCore.Update.Internal.BatchExecutor.ExecuteAsync(IEnumerable`1 commandBatches, IRelationalConnection connection, CancellationToken cancellationToken)
   at Microsoft.EntityFrameworkCore.Update.Internal.BatchExecutor.ExecuteAsync(IEnumerable`1 commandBatches, IRelationalConnection connection, CancellationToken cancellationToken)
   at Microsoft.EntityFrameworkCore.Update.Internal.BatchExecutor.ExecuteAsync(IEnumerable`1 commandBatches, IRelationalConnection connection, CancellationToken cancellationToken)
   at Microsoft.EntityFrameworkCore.Storage.RelationalDatabase.SaveChangesAsync(IList`1 entries, CancellationToken cancellationToken)
   at Microsoft.EntityFrameworkCore.ChangeTracking.Internal.StateManager.SaveChangesAsync(IList`1 entriesToSave, CancellationToken cancellationToken)
   at Microsoft.EntityFrameworkCore.ChangeTracking.Internal.StateManager.SaveChangesAsync(StateManager stateManager, Boolean acceptAllChangesOnSuccess, CancellationToken cancellationToken)
   at Npgsql.EntityFrameworkCore.PostgreSQL.Storage.Internal.NpgsqlExecutionStrategy.ExecuteAsync[TState,TResult](TState state, Func`4 operation, Func`4 verifySucceeded, CancellationToken cancellationToken)
   at Microsoft.EntityFrameworkCore.DbContext.SaveChangesAsync(Boolean acceptAllChangesOnSuccess, CancellationToken cancellationToken)
   at Microsoft.EntityFrameworkCore.DbContext.SaveChangesAsync(Boolean acceptAllChangesOnSuccess, CancellationToken cancellationToken)
   at FIT.Application.Features.Issues.Commands.ApproveIssue.ApproveIssueCommandHandler.Handle(ApproveIssueCommand request, CancellationToken cancellationToken) in /Users/lalit.tak/Documents/Workspace/FIT/src/FIT.Application/Features/Issues/Commands/ApproveIssue/ApproveIssueCommandHandler.cs:line 41
   at FIT.API.Controllers.IssuesController.Approve(Guid id, ApproveRequest req, CancellationToken ct) in /Users/lalit.tak/Documents/Workspace/FIT/src/FIT.API/Controllers/IssuesController.cs:line 59
   at Microsoft.AspNetCore.Mvc.Infrastructure.ActionMethodExecutor.TaskOfIActionResultExecutor.Execute(ActionContext actionContext, IActionResultTypeMapper mapper, ObjectMethodExecutor executor, Object controller, Object[] arguments)
   at Microsoft.AspNetCore.Mvc.Infrastructure.ControllerActionInvoker.<InvokeActionMethodAsync>g__Awaited|12_0(ControllerActionInvoker invoker, ValueTask`1 actionResultValueTask)
   at Microsoft.AspNetCore.Mvc.Infrastructure.ControllerActionInvoker.<InvokeNextActionFilterAsync>g__Awaited|10_0(ControllerActionInvoker invoker, Task lastTask, State next, Scope scope, Object state, Boolean isCompleted)
   at Microsoft.AspNetCore.Mvc.Infrastructure.ControllerActionInvoker.Rethrow(ActionExecutedContextSealed context)
   at Microsoft.AspNetCore.Mvc.Infrastructure.ControllerActionInvoker.Next(State& next, Scope& scope, Object& state, Boolean& isCompleted)
   at Microsoft.AspNetCore.Mvc.Infrastructure.ControllerActionInvoker.<InvokeInnerFilterAsync>g__Awaited|13_0(ControllerActionInvoker invoker, Task lastTask, State next, Scope scope, Object state, Boolean isCompleted)
   at Microsoft.AspNetCore.Mvc.Infrastructure.ResourceInvoker.<InvokeFilterPipelineAsync>g__Awaited|20_0(ResourceInvoker invoker, Task lastTask, State next, Scope scope, Object state, Boolean isCompleted)
   at Microsoft.AspNetCore.Mvc.Infrastructure.ResourceInvoker.<InvokeAsync>g__Awaited|17_0(ResourceInvoker invoker, Task task, IDisposable scope)
   at Microsoft.AspNetCore.Mvc.Infrastructure.ResourceInvoker.<InvokeAsync>g__Awaited|17_0(ResourceInvoker invoker, Task task, IDisposable scope)
   at Microsoft.AspNetCore.Authorization.AuthorizationMiddleware.Invoke(HttpContext context)
   at Microsoft.AspNetCore.Authentication.AuthenticationMiddleware.Invoke(HttpContext context)
   at Serilog.AspNetCore.RequestLoggingMiddleware.Invoke(HttpContext httpContext)
   at Microsoft.AspNetCore.Diagnostics.ExceptionHandlerMiddlewareImpl.<Invoke>g__Awaited|10_0(ExceptionHandlerMiddlewareImpl middleware, HttpContext context, Task task)
2026-07-29 12:19:53.136 +05:30 [ERR] Unhandled exception
Microsoft.EntityFrameworkCore.DbUpdateException: An error occurred while saving the entity changes. See the inner exception for details.
 ---> Npgsql.PostgresException (0x80004005): 23502: null value in column "issue_id" of relation "approvals" violates not-null constraint

DETAIL: Detail redacted as it may contain sensitive data. Specify 'Include Error Detail' in the connection string to include this information.
   at Npgsql.Internal.NpgsqlConnector.ReadMessageLong(Boolean async, DataRowLoadingMode dataRowLoadingMode, Boolean readingNotifications, Boolean isReadingPrependedMessage)
   at System.Runtime.CompilerServices.PoolingAsyncValueTaskMethodBuilder`1.StateMachineBox`1.System.Threading.Tasks.Sources.IValueTaskSource<TResult>.GetResult(Int16 token)
   at Npgsql.NpgsqlDataReader.NextResult(Boolean async, Boolean isConsuming, CancellationToken cancellationToken)
   at Npgsql.NpgsqlDataReader.NextResult(Boolean async, Boolean isConsuming, CancellationToken cancellationToken)
   at Npgsql.NpgsqlCommand.ExecuteReader(Boolean async, CommandBehavior behavior, CancellationToken cancellationToken)
   at Npgsql.NpgsqlCommand.ExecuteReader(Boolean async, CommandBehavior behavior, CancellationToken cancellationToken)
   at Npgsql.NpgsqlCommand.ExecuteDbDataReaderAsync(CommandBehavior behavior, CancellationToken cancellationToken)
   at Microsoft.EntityFrameworkCore.Storage.RelationalCommand.ExecuteReaderAsync(RelationalCommandParameterObject parameterObject, CancellationToken cancellationToken)
   at Microsoft.EntityFrameworkCore.Storage.RelationalCommand.ExecuteReaderAsync(RelationalCommandParameterObject parameterObject, CancellationToken cancellationToken)
   at Microsoft.EntityFrameworkCore.Update.ReaderModificationCommandBatch.ExecuteAsync(IRelationalConnection connection, CancellationToken cancellationToken)
  Exception data:
    Severity: ERROR
    SqlState: 23502
    MessageText: null value in column "issue_id" of relation "approvals" violates not-null constraint
    Detail: Detail redacted as it may contain sensitive data. Specify 'Include Error Detail' in the connection string to include this information.
    SchemaName: public
    TableName: approvals
    ColumnName: issue_id
    File: execMain.c
    Line: 2219
    Routine: ReportNotNullViolationError
   --- End of inner exception stack trace ---
   at Microsoft.EntityFrameworkCore.Update.ReaderModificationCommandBatch.ExecuteAsync(IRelationalConnection connection, CancellationToken cancellationToken)
   at Microsoft.EntityFrameworkCore.Update.Internal.BatchExecutor.ExecuteAsync(IEnumerable`1 commandBatches, IRelationalConnection connection, CancellationToken cancellationToken)
   at Microsoft.EntityFrameworkCore.Update.Internal.BatchExecutor.ExecuteAsync(IEnumerable`1 commandBatches, IRelationalConnection connection, CancellationToken cancellationToken)
   at Microsoft.EntityFrameworkCore.Update.Internal.BatchExecutor.ExecuteAsync(IEnumerable`1 commandBatches, IRelationalConnection connection, CancellationToken cancellationToken)
   at Microsoft.EntityFrameworkCore.Storage.RelationalDatabase.SaveChangesAsync(IList`1 entries, CancellationToken cancellationToken)
   at Microsoft.EntityFrameworkCore.ChangeTracking.Internal.StateManager.SaveChangesAsync(IList`1 entriesToSave, CancellationToken cancellationToken)
   at Microsoft.EntityFrameworkCore.ChangeTracking.Internal.StateManager.SaveChangesAsync(StateManager stateManager, Boolean acceptAllChangesOnSuccess, CancellationToken cancellationToken)
   at Npgsql.EntityFrameworkCore.PostgreSQL.Storage.Internal.NpgsqlExecutionStrategy.ExecuteAsync[TState,TResult](TState state, Func`4 operation, Func`4 verifySucceeded, CancellationToken cancellationToken)
   at Microsoft.EntityFrameworkCore.DbContext.SaveChangesAsync(Boolean acceptAllChangesOnSuccess, CancellationToken cancellationToken)
   at Microsoft.EntityFrameworkCore.DbContext.SaveChangesAsync(Boolean acceptAllChangesOnSuccess, CancellationToken cancellationToken)
   at FIT.Application.Features.Issues.Commands.ApproveIssue.ApproveIssueCommandHandler.Handle(ApproveIssueCommand request, CancellationToken cancellationToken) in /Users/lalit.tak/Documents/Workspace/FIT/src/FIT.Application/Features/Issues/Commands/ApproveIssue/ApproveIssueCommandHandler.cs:line 41
   at FIT.API.Controllers.IssuesController.Approve(Guid id, ApproveRequest req, CancellationToken ct) in /Users/lalit.tak/Documents/Workspace/FIT/src/FIT.API/Controllers/IssuesController.cs:line 59
   at Microsoft.AspNetCore.Mvc.Infrastructure.ActionMethodExecutor.TaskOfIActionResultExecutor.Execute(ActionContext actionContext, IActionResultTypeMapper mapper, ObjectMethodExecutor executor, Object controller, Object[] arguments)
   at Microsoft.AspNetCore.Mvc.Infrastructure.ControllerActionInvoker.<InvokeActionMethodAsync>g__Awaited|12_0(ControllerActionInvoker invoker, ValueTask`1 actionResultValueTask)
   at Microsoft.AspNetCore.Mvc.Infrastructure.ControllerActionInvoker.<InvokeNextActionFilterAsync>g__Awaited|10_0(ControllerActionInvoker invoker, Task lastTask, State next, Scope scope, Object state, Boolean isCompleted)
   at Microsoft.AspNetCore.Mvc.Infrastructure.ControllerActionInvoker.Rethrow(ActionExecutedContextSealed context)
   at Microsoft.AspNetCore.Mvc.Infrastructure.ControllerActionInvoker.Next(State& next, Scope& scope, Object& state, Boolean& isCompleted)
   at Microsoft.AspNetCore.Mvc.Infrastructure.ControllerActionInvoker.<InvokeInnerFilterAsync>g__Awaited|13_0(ControllerActionInvoker invoker, Task lastTask, State next, Scope scope, Object state, Boolean isCompleted)
   at Microsoft.AspNetCore.Mvc.Infrastructure.ResourceInvoker.<InvokeFilterPipelineAsync>g__Awaited|20_0(ResourceInvoker invoker, Task lastTask, State next, Scope scope, Object state, Boolean isCompleted)
   at Microsoft.AspNetCore.Mvc.Infrastructure.ResourceInvoker.<InvokeAsync>g__Awaited|17_0(ResourceInvoker invoker, Task task, IDisposable scope)
   at Microsoft.AspNetCore.Mvc.Infrastructure.ResourceInvoker.<InvokeAsync>g__Awaited|17_0(ResourceInvoker invoker, Task task, IDisposable scope)
   at Microsoft.AspNetCore.Authorization.AuthorizationMiddleware.Invoke(HttpContext context)
   at Microsoft.AspNetCore.Authentication.AuthenticationMiddleware.Invoke(HttpContext context)
   at Serilog.AspNetCore.RequestLoggingMiddleware.Invoke(HttpContext httpContext)
   at Microsoft.AspNetCore.Diagnostics.ExceptionHandlerMiddlewareImpl.<Invoke>g__Awaited|10_0(ExceptionHandlerMiddlewareImpl middleware, HttpContext context, Task task)
2026-07-29 12:21:06.900 +05:30 [INF] Executed DbCommand (2ms) [Parameters=[@__email_0='?'], CommandType='"Text"', CommandTimeout='30']
SELECT u.id, u.created_at, u.department, u.email, u.first_name, u.is_active, u.last_login_at, u.last_name, u.password_hash, u.phone_number, u.role, u.updated_at
FROM users AS u
WHERE u.email = @__email_0
LIMIT 1
2026-07-29 12:21:07.303 +05:30 [INF] HTTP POST /api/auth/login responded 200 in 407.7970 ms
2026-07-29 12:21:07.350 +05:30 [INF] Executed DbCommand (14ms) [Parameters=[@__id_0='?' (DbType = Guid)], CommandType='"Text"', CommandTimeout='30']
SELECT s.id, s.actual_behavior, s.approved_at, s.assigned_developer_id, s.category, s.closed_at, s.comm_type, s.created_at, s.customer_id, s.customer_site_address, s.description, s.development_started_at, s.expected_behavior, s.field_observations, s.issue_number, s.jira_key, s.jira_url, s.firmware_version, s.meter_serial, s.meter_type, s.priority, s.reporter_id, s.review_started_at, s.severity, s.status, s.steps_to_reproduce, s.submitted_at, s.summary, s.updated_at, s.validation_started_at, s.id0, s.created_at0, s.department, s.email, s.first_name, s.is_active, s.last_login_at, s.last_name, s.password_hash, s.phone_number, s.role, s.updated_at0, s.id1, s.created_at1, s.department0, s.email0, s.first_name0, s.is_active0, s.last_login_at0, s.last_name0, s.password_hash0, s.phone_number0, s.role0, s.updated_at1, s0.id, s0.comments, s0.created_at, s0.decided_at, s0.decision, s0.field_issue_id, s0.reviewer_id, s0.updated_at, s0.id0, s0.created_at0, s0.department, s0.email, s0.first_name, s0.is_active, s0.last_login_at, s0.last_name, s0.password_hash, s0.phone_number, s0.role, s0.updated_at0, s1.id, s1.author_id, s1.content, s1.created_at, s1.field_issue_id, s1.is_internal, s1.parent_comment_id, s1.updated_at, s1.id0, s1.created_at0, s1.department, s1.email, s1.first_name, s1.is_active, s1.last_login_at, s1.last_name, s1.password_hash, s1.phone_number, s1.role, s1.updated_at0, s2.id, s2.content_type, s2.created_at, s2.description, s2.field_issue_id, s2.file_name, s2.file_size_bytes, s2.original_file_name, s2.storage_path, s2.updated_at, s2.uploaded_by_id, s2.id0, s2.created_at0, s2.department, s2.email, s2.first_name, s2.is_active, s2.last_login_at, s2.last_name, s2.password_hash, s2.phone_number, s2.role, s2.updated_at0, s3.id, s3.author_id, s3.content, s3.created_at, s3.field_issue_id, s3.firmware_version, s3.fix, s3.is_resolution_note, s3.root_cause, s3.updated_at, s3.id0, s3.created_at0, s3.department, s3.email, s3.first_name, s3.is_active, s3.last_login_at, s3.last_name, s3.password_hash, s3.phone_number, s3.role, s3.updated_at0, s4.id, s4.created_at, s4.field_issue_id, s4.firmware_version_tested, s4.notes, s4.result, s4.test_environment, s4.updated_at, s4.validated_at, s4.validator_id, s4.id0, s4.created_at0, s4.department, s4.email, s4.first_name, s4.is_active, s4.last_login_at, s4.last_name, s4.password_hash, s4.phone_number, s4.role, s4.updated_at0, a1.id, a1.action, a1.created_at, a1.description, a1.field_issue_id, a1.metadata, a1.performed_by_id, a1.status_at_time, a1.updated_at
FROM (
    SELECT f.id, f.actual_behavior, f.approved_at, f.assigned_developer_id, f.category, f.closed_at, f.comm_type, f.created_at, f.customer_id, f.customer_site_address, f.description, f.development_started_at, f.expected_behavior, f.field_observations, f.issue_number, f.jira_key, f.jira_url, f.firmware_version, f.meter_serial, f.meter_type, f.priority, f.reporter_id, f.review_started_at, f.severity, f.status, f.steps_to_reproduce, f.submitted_at, f.summary, f.updated_at, f.validation_started_at, u.id AS id0, u.created_at AS created_at0, u.department, u.email, u.first_name, u.is_active, u.last_login_at, u.last_name, u.password_hash, u.phone_number, u.role, u.updated_at AS updated_at0, u0.id AS id1, u0.created_at AS created_at1, u0.department AS department0, u0.email AS email0, u0.first_name AS first_name0, u0.is_active AS is_active0, u0.last_login_at AS last_login_at0, u0.last_name AS last_name0, u0.password_hash AS password_hash0, u0.phone_number AS phone_number0, u0.role AS role0, u0.updated_at AS updated_at1
    FROM field_issues AS f
    INNER JOIN users AS u ON f.reporter_id = u.id
    LEFT JOIN users AS u0 ON f.assigned_developer_id = u0.id
    WHERE f.id = @__id_0
    LIMIT 1
) AS s
LEFT JOIN (
    SELECT a.id, a.comments, a.created_at, a.decided_at, a.decision, a.field_issue_id, a.reviewer_id, a.updated_at, u1.id AS id0, u1.created_at AS created_at0, u1.department, u1.email, u1.first_name, u1.is_active, u1.last_login_at, u1.last_name, u1.password_hash, u1.phone_number, u1.role, u1.updated_at AS updated_at0
    FROM approvals AS a
    INNER JOIN users AS u1 ON a.reviewer_id = u1.id
) AS s0 ON s.id = s0.field_issue_id
LEFT JOIN (
    SELECT c.id, c.author_id, c.content, c.created_at, c.field_issue_id, c.is_internal, c.parent_comment_id, c.updated_at, u2.id AS id0, u2.created_at AS created_at0, u2.department, u2.email, u2.first_name, u2.is_active, u2.last_login_at, u2.last_name, u2.password_hash, u2.phone_number, u2.role, u2.updated_at AS updated_at0
    FROM comments AS c
    INNER JOIN users AS u2 ON c.author_id = u2.id
) AS s1 ON s.id = s1.field_issue_id
LEFT JOIN (
    SELECT a0.id, a0.content_type, a0.created_at, a0.description, a0.field_issue_id, a0.file_name, a0.file_size_bytes, a0.original_file_name, a0.storage_path, a0.updated_at, a0.uploaded_by_id, u3.id AS id0, u3.created_at AS created_at0, u3.department, u3.email, u3.first_name, u3.is_active, u3.last_login_at, u3.last_name, u3.password_hash, u3.phone_number, u3.role, u3.updated_at AS updated_at0
    FROM attachments AS a0
    INNER JOIN users AS u3 ON a0.uploaded_by_id = u3.id
) AS s2 ON s.id = s2.field_issue_id
LEFT JOIN (
    SELECT d.id, d.author_id, d.content, d.created_at, d.field_issue_id, d.firmware_version, d.fix, d.is_resolution_note, d.root_cause, d.updated_at, u4.id AS id0, u4.created_at AS created_at0, u4.department, u4.email, u4.first_name, u4.is_active, u4.last_login_at, u4.last_name, u4.password_hash, u4.phone_number, u4.role, u4.updated_at AS updated_at0
    FROM developer_notes AS d
    INNER JOIN users AS u4 ON d.author_id = u4.id
) AS s3 ON s.id = s3.field_issue_id
LEFT JOIN (
    SELECT v.id, v.created_at, v.field_issue_id, v.firmware_version_tested, v.notes, v.result, v.test_environment, v.updated_at, v.validated_at, v.validator_id, u5.id AS id0, u5.created_at AS created_at0, u5.department, u5.email, u5.first_name, u5.is_active, u5.last_login_at, u5.last_name, u5.password_hash, u5.phone_number, u5.role, u5.updated_at AS updated_at0
    FROM validations AS v
    INNER JOIN users AS u5 ON v.validator_id = u5.id
) AS s4 ON s.id = s4.field_issue_id
LEFT JOIN activity_log AS a1 ON s.id = a1.field_issue_id
ORDER BY s.id, s.id0, s.id1, s0.id, s0.id0, s1.id, s1.id0, s2.id, s2.id0, s3.id, s3.id0, s4.id, s4.id0
2026-07-29 12:21:07.351 +05:30 [INF] Start processing HTTP request POST https://grampower.atlassian.net/rest/api/3/issue
2026-07-29 12:21:07.351 +05:30 [INF] Sending HTTP request POST https://grampower.atlassian.net/rest/api/3/issue
2026-07-29 12:21:09.043 +05:30 [INF] Received HTTP response headers after 1691.54ms - 201
2026-07-29 12:21:09.044 +05:30 [INF] End processing HTTP request after 1692.478ms - 201
2026-07-29 12:21:09.049 +05:30 [INF] Executed DbCommand (2ms) [Parameters=[@__entity_Id_0='?' (DbType = Guid)], CommandType='"Text"', CommandTimeout='30']
SELECT EXISTS (
    SELECT 1
    FROM activity_log AS a
    WHERE a.id = @__entity_Id_0)
2026-07-29 12:21:09.051 +05:30 [INF] Executed DbCommand (1ms) [Parameters=[@__entity_Id_0='?' (DbType = Guid)], CommandType='"Text"', CommandTimeout='30']
SELECT EXISTS (
    SELECT 1
    FROM approvals AS a
    WHERE a.id = @__entity_Id_0)
2026-07-29 12:21:09.060 +05:30 [INF] Executed DbCommand (6ms) [Parameters=[@p0='?' (DbType = Guid), @p1='?', @p2='?' (DbType = DateTime), @p3='?', @p4='?' (DbType = Guid), @p5='?' (DbType = Object), @p6='?' (DbType = Guid), @p7='?', @p8='?' (DbType = DateTime), @p9='?' (DbType = Guid), @p10='?', @p11='?' (DbType = DateTime), @p12='?' (DbType = DateTime), @p13='?', @p14='?' (DbType = Guid), @p15='?' (DbType = Guid), @p16='?' (DbType = DateTime), @p22='?' (DbType = Guid), @p17='?' (DbType = DateTime), @p18='?', @p19='?', @p20='?', @p21='?' (DbType = DateTime)], CommandType='"Text"', CommandTimeout='30']
INSERT INTO activity_log (id, action, created_at, description, field_issue_id, metadata, performed_by_id, status_at_time, updated_at)
VALUES (@p0, @p1, @p2, @p3, @p4, @p5, @p6, @p7, @p8);
INSERT INTO approvals (id, comments, created_at, decided_at, decision, field_issue_id, reviewer_id, updated_at)
VALUES (@p9, @p10, @p11, @p12, @p13, @p14, @p15, @p16);
UPDATE field_issues SET approved_at = @p17, jira_key = @p18, jira_url = @p19, status = @p20, updated_at = @p21
WHERE id = @p22;
2026-07-29 12:21:09.076 +05:30 [INF] Executed DbCommand (2ms) [Parameters=[@__id_0='?' (DbType = Guid)], CommandType='"Text"', CommandTimeout='30']
SELECT u.id, u.created_at, u.department, u.email, u.first_name, u.is_active, u.last_login_at, u.last_name, u.password_hash, u.phone_number, u.role, u.updated_at
FROM users AS u
WHERE u.id = @__id_0
LIMIT 1
2026-07-29 12:21:11.150 +05:30 [WRN] Failed to send email to lalit.tak@polarisgrids.com
MailKit.ServiceNotAuthenticatedException: 5.7.0 Authentication Required. For more information, go to
5.7.0  https://support.google.com/accounts/troubleshooter/2402620. a92af1059eb24-13e7271f010sm7127075c88.9 - gsmtp
   at MailKit.Net.Smtp.SmtpClient.SendAsync(FormatOptions options, MimeMessage message, MailboxAddress sender, IList`1 recipients, CancellationToken cancellationToken, ITransferProgress progress)
   at MailKit.Net.Smtp.SmtpClient.SendAsync(FormatOptions options, MimeMessage message, MailboxAddress sender, IList`1 recipients, CancellationToken cancellationToken, ITransferProgress progress)
   at FIT.Infrastructure.Services.EmailService.SendAsync(String to, String subject, String body, Boolean isHtml, CancellationToken cancellationToken) in /Users/lalit.tak/Documents/Workspace/FIT/src/FIT.Infrastructure/Services/EmailService.cs:line 37
2026-07-29 12:21:11.153 +05:30 [INF] HTTP POST /api/issues/39173065-472f-4849-ad2b-a71f26a6354a/approve responded 204 in 3820.0873 ms
2026-07-29 12:21:45.442 +05:30 [INF] Executed DbCommand (1ms) [Parameters=[], CommandType='"Text"', CommandTimeout='30']
SELECT count(*)::int
FROM field_issues AS f
2026-07-29 12:21:45.459 +05:30 [INF] Executed DbCommand (2ms) [Parameters=[@__p_1='?' (DbType = Int32), @__p_0='?' (DbType = Int32)], CommandType='"Text"', CommandTimeout='30']
SELECT f0.id, f0.actual_behavior, f0.approved_at, f0.assigned_developer_id, f0.category, f0.closed_at, f0.comm_type, f0.created_at, f0.customer_id, f0.customer_site_address, f0.description, f0.development_started_at, f0.expected_behavior, f0.field_observations, f0.issue_number, f0.jira_key, f0.jira_url, f0.firmware_version, f0.meter_serial, f0.meter_type, f0.priority, f0.reporter_id, f0.review_started_at, f0.severity, f0.status, f0.steps_to_reproduce, f0.submitted_at, f0.summary, f0.updated_at, f0.validation_started_at, u.id, u.created_at, u.department, u.email, u.first_name, u.is_active, u.last_login_at, u.last_name, u.password_hash, u.phone_number, u.role, u.updated_at, u0.id, u0.created_at, u0.department, u0.email, u0.first_name, u0.is_active, u0.last_login_at, u0.last_name, u0.password_hash, u0.phone_number, u0.role, u0.updated_at
FROM (
    SELECT f.id, f.actual_behavior, f.approved_at, f.assigned_developer_id, f.category, f.closed_at, f.comm_type, f.created_at, f.customer_id, f.customer_site_address, f.description, f.development_started_at, f.expected_behavior, f.field_observations, f.issue_number, f.jira_key, f.jira_url, f.firmware_version, f.meter_serial, f.meter_type, f.priority, f.reporter_id, f.review_started_at, f.severity, f.status, f.steps_to_reproduce, f.submitted_at, f.summary, f.updated_at, f.validation_started_at
    FROM field_issues AS f
    ORDER BY f.created_at DESC
    LIMIT @__p_1 OFFSET @__p_0
) AS f0
INNER JOIN users AS u ON f0.reporter_id = u.id
LEFT JOIN users AS u0 ON f0.assigned_developer_id = u0.id
ORDER BY f0.created_at DESC
2026-07-29 12:21:45.467 +05:30 [INF] HTTP GET /api/dashboard responded 200 in 60.2505 ms
2026-07-29 12:21:50.229 +05:30 [INF] Executed DbCommand (1ms) [Parameters=[@__email_0='?'], CommandType='"Text"', CommandTimeout='30']
SELECT u.id, u.created_at, u.department, u.email, u.first_name, u.is_active, u.last_login_at, u.last_name, u.password_hash, u.phone_number, u.role, u.updated_at
FROM users AS u
WHERE u.email = @__email_0
LIMIT 1
2026-07-29 12:21:50.631 +05:30 [INF] HTTP POST /api/auth/login responded 200 in 405.7401 ms
2026-07-29 12:21:50.672 +05:30 [INF] Executed DbCommand (7ms) [Parameters=[@__id_0='?' (DbType = Guid)], CommandType='"Text"', CommandTimeout='30']
SELECT s.id, s.actual_behavior, s.approved_at, s.assigned_developer_id, s.category, s.closed_at, s.comm_type, s.created_at, s.customer_id, s.customer_site_address, s.description, s.development_started_at, s.expected_behavior, s.field_observations, s.issue_number, s.jira_key, s.jira_url, s.firmware_version, s.meter_serial, s.meter_type, s.priority, s.reporter_id, s.review_started_at, s.severity, s.status, s.steps_to_reproduce, s.submitted_at, s.summary, s.updated_at, s.validation_started_at, s.id0, s.created_at0, s.department, s.email, s.first_name, s.is_active, s.last_login_at, s.last_name, s.password_hash, s.phone_number, s.role, s.updated_at0, s.id1, s.created_at1, s.department0, s.email0, s.first_name0, s.is_active0, s.last_login_at0, s.last_name0, s.password_hash0, s.phone_number0, s.role0, s.updated_at1, s0.id, s0.comments, s0.created_at, s0.decided_at, s0.decision, s0.field_issue_id, s0.reviewer_id, s0.updated_at, s0.id0, s0.created_at0, s0.department, s0.email, s0.first_name, s0.is_active, s0.last_login_at, s0.last_name, s0.password_hash, s0.phone_number, s0.role, s0.updated_at0, s1.id, s1.author_id, s1.content, s1.created_at, s1.field_issue_id, s1.is_internal, s1.parent_comment_id, s1.updated_at, s1.id0, s1.created_at0, s1.department, s1.email, s1.first_name, s1.is_active, s1.last_login_at, s1.last_name, s1.password_hash, s1.phone_number, s1.role, s1.updated_at0, s2.id, s2.content_type, s2.created_at, s2.description, s2.field_issue_id, s2.file_name, s2.file_size_bytes, s2.original_file_name, s2.storage_path, s2.updated_at, s2.uploaded_by_id, s2.id0, s2.created_at0, s2.department, s2.email, s2.first_name, s2.is_active, s2.last_login_at, s2.last_name, s2.password_hash, s2.phone_number, s2.role, s2.updated_at0, s3.id, s3.author_id, s3.content, s3.created_at, s3.field_issue_id, s3.firmware_version, s3.fix, s3.is_resolution_note, s3.root_cause, s3.updated_at, s3.id0, s3.created_at0, s3.department, s3.email, s3.first_name, s3.is_active, s3.last_login_at, s3.last_name, s3.password_hash, s3.phone_number, s3.role, s3.updated_at0, s4.id, s4.created_at, s4.field_issue_id, s4.firmware_version_tested, s4.notes, s4.result, s4.test_environment, s4.updated_at, s4.validated_at, s4.validator_id, s4.id0, s4.created_at0, s4.department, s4.email, s4.first_name, s4.is_active, s4.last_login_at, s4.last_name, s4.password_hash, s4.phone_number, s4.role, s4.updated_at0, a1.id, a1.action, a1.created_at, a1.description, a1.field_issue_id, a1.metadata, a1.performed_by_id, a1.status_at_time, a1.updated_at
FROM (
    SELECT f.id, f.actual_behavior, f.approved_at, f.assigned_developer_id, f.category, f.closed_at, f.comm_type, f.created_at, f.customer_id, f.customer_site_address, f.description, f.development_started_at, f.expected_behavior, f.field_observations, f.issue_number, f.jira_key, f.jira_url, f.firmware_version, f.meter_serial, f.meter_type, f.priority, f.reporter_id, f.review_started_at, f.severity, f.status, f.steps_to_reproduce, f.submitted_at, f.summary, f.updated_at, f.validation_started_at, u.id AS id0, u.created_at AS created_at0, u.department, u.email, u.first_name, u.is_active, u.last_login_at, u.last_name, u.password_hash, u.phone_number, u.role, u.updated_at AS updated_at0, u0.id AS id1, u0.created_at AS created_at1, u0.department AS department0, u0.email AS email0, u0.first_name AS first_name0, u0.is_active AS is_active0, u0.last_login_at AS last_login_at0, u0.last_name AS last_name0, u0.password_hash AS password_hash0, u0.phone_number AS phone_number0, u0.role AS role0, u0.updated_at AS updated_at1
    FROM field_issues AS f
    INNER JOIN users AS u ON f.reporter_id = u.id
    LEFT JOIN users AS u0 ON f.assigned_developer_id = u0.id
    WHERE f.id = @__id_0
    LIMIT 1
) AS s
LEFT JOIN (
    SELECT a.id, a.comments, a.created_at, a.decided_at, a.decision, a.field_issue_id, a.reviewer_id, a.updated_at, u1.id AS id0, u1.created_at AS created_at0, u1.department, u1.email, u1.first_name, u1.is_active, u1.last_login_at, u1.last_name, u1.password_hash, u1.phone_number, u1.role, u1.updated_at AS updated_at0
    FROM approvals AS a
    INNER JOIN users AS u1 ON a.reviewer_id = u1.id
) AS s0 ON s.id = s0.field_issue_id
LEFT JOIN (
    SELECT c.id, c.author_id, c.content, c.created_at, c.field_issue_id, c.is_internal, c.parent_comment_id, c.updated_at, u2.id AS id0, u2.created_at AS created_at0, u2.department, u2.email, u2.first_name, u2.is_active, u2.last_login_at, u2.last_name, u2.password_hash, u2.phone_number, u2.role, u2.updated_at AS updated_at0
    FROM comments AS c
    INNER JOIN users AS u2 ON c.author_id = u2.id
) AS s1 ON s.id = s1.field_issue_id
LEFT JOIN (
    SELECT a0.id, a0.content_type, a0.created_at, a0.description, a0.field_issue_id, a0.file_name, a0.file_size_bytes, a0.original_file_name, a0.storage_path, a0.updated_at, a0.uploaded_by_id, u3.id AS id0, u3.created_at AS created_at0, u3.department, u3.email, u3.first_name, u3.is_active, u3.last_login_at, u3.last_name, u3.password_hash, u3.phone_number, u3.role, u3.updated_at AS updated_at0
    FROM attachments AS a0
    INNER JOIN users AS u3 ON a0.uploaded_by_id = u3.id
) AS s2 ON s.id = s2.field_issue_id
LEFT JOIN (
    SELECT d.id, d.author_id, d.content, d.created_at, d.field_issue_id, d.firmware_version, d.fix, d.is_resolution_note, d.root_cause, d.updated_at, u4.id AS id0, u4.created_at AS created_at0, u4.department, u4.email, u4.first_name, u4.is_active, u4.last_login_at, u4.last_name, u4.password_hash, u4.phone_number, u4.role, u4.updated_at AS updated_at0
    FROM developer_notes AS d
    INNER JOIN users AS u4 ON d.author_id = u4.id
) AS s3 ON s.id = s3.field_issue_id
LEFT JOIN (
    SELECT v.id, v.created_at, v.field_issue_id, v.firmware_version_tested, v.notes, v.result, v.test_environment, v.updated_at, v.validated_at, v.validator_id, u5.id AS id0, u5.created_at AS created_at0, u5.department, u5.email, u5.first_name, u5.is_active, u5.last_login_at, u5.last_name, u5.password_hash, u5.phone_number, u5.role, u5.updated_at AS updated_at0
    FROM validations AS v
    INNER JOIN users AS u5 ON v.validator_id = u5.id
) AS s4 ON s.id = s4.field_issue_id
LEFT JOIN activity_log AS a1 ON s.id = a1.field_issue_id
ORDER BY s.id, s.id0, s.id1, s0.id, s0.id0, s1.id, s1.id0, s2.id, s2.id0, s3.id, s3.id0, s4.id, s4.id0
2026-07-29 12:21:50.675 +05:30 [ERR] HTTP POST /api/issues/39173065-472f-4849-ad2b-a71f26a6354a/approve responded 500 in 13.4127 ms
System.InvalidOperationException: Cannot approve issue in status Approved.
   at FIT.Domain.Entities.FieldIssue.Approve(Guid reviewerId, String comments) in /Users/lalit.tak/Documents/Workspace/FIT/src/FIT.Domain/Entities/FieldIssue.cs:line 147
   at FIT.Application.Features.Issues.Commands.ApproveIssue.ApproveIssueCommandHandler.Handle(ApproveIssueCommand request, CancellationToken cancellationToken) in /Users/lalit.tak/Documents/Workspace/FIT/src/FIT.Application/Features/Issues/Commands/ApproveIssue/ApproveIssueCommandHandler.cs:line 31
   at FIT.API.Controllers.IssuesController.Approve(Guid id, ApproveRequest req, CancellationToken ct) in /Users/lalit.tak/Documents/Workspace/FIT/src/FIT.API/Controllers/IssuesController.cs:line 59
   at Microsoft.AspNetCore.Mvc.Infrastructure.ActionMethodExecutor.TaskOfIActionResultExecutor.Execute(ActionContext actionContext, IActionResultTypeMapper mapper, ObjectMethodExecutor executor, Object controller, Object[] arguments)
   at Microsoft.AspNetCore.Mvc.Infrastructure.ControllerActionInvoker.<InvokeActionMethodAsync>g__Awaited|12_0(ControllerActionInvoker invoker, ValueTask`1 actionResultValueTask)
   at Microsoft.AspNetCore.Mvc.Infrastructure.ControllerActionInvoker.<InvokeNextActionFilterAsync>g__Awaited|10_0(ControllerActionInvoker invoker, Task lastTask, State next, Scope scope, Object state, Boolean isCompleted)
   at Microsoft.AspNetCore.Mvc.Infrastructure.ControllerActionInvoker.Rethrow(ActionExecutedContextSealed context)
   at Microsoft.AspNetCore.Mvc.Infrastructure.ControllerActionInvoker.Next(State& next, Scope& scope, Object& state, Boolean& isCompleted)
   at Microsoft.AspNetCore.Mvc.Infrastructure.ControllerActionInvoker.<InvokeInnerFilterAsync>g__Awaited|13_0(ControllerActionInvoker invoker, Task lastTask, State next, Scope scope, Object state, Boolean isCompleted)
   at Microsoft.AspNetCore.Mvc.Infrastructure.ResourceInvoker.<InvokeFilterPipelineAsync>g__Awaited|20_0(ResourceInvoker invoker, Task lastTask, State next, Scope scope, Object state, Boolean isCompleted)
   at Microsoft.AspNetCore.Mvc.Infrastructure.ResourceInvoker.<InvokeAsync>g__Awaited|17_0(ResourceInvoker invoker, Task task, IDisposable scope)
   at Microsoft.AspNetCore.Mvc.Infrastructure.ResourceInvoker.<InvokeAsync>g__Awaited|17_0(ResourceInvoker invoker, Task task, IDisposable scope)
   at Microsoft.AspNetCore.Authorization.AuthorizationMiddleware.Invoke(HttpContext context)
   at Microsoft.AspNetCore.Authentication.AuthenticationMiddleware.Invoke(HttpContext context)
   at Serilog.AspNetCore.RequestLoggingMiddleware.Invoke(HttpContext httpContext)
2026-07-29 12:21:50.678 +05:30 [ERR] An unhandled exception has occurred while executing the request.
System.InvalidOperationException: Cannot approve issue in status Approved.
   at FIT.Domain.Entities.FieldIssue.Approve(Guid reviewerId, String comments) in /Users/lalit.tak/Documents/Workspace/FIT/src/FIT.Domain/Entities/FieldIssue.cs:line 147
   at FIT.Application.Features.Issues.Commands.ApproveIssue.ApproveIssueCommandHandler.Handle(ApproveIssueCommand request, CancellationToken cancellationToken) in /Users/lalit.tak/Documents/Workspace/FIT/src/FIT.Application/Features/Issues/Commands/ApproveIssue/ApproveIssueCommandHandler.cs:line 31
   at FIT.API.Controllers.IssuesController.Approve(Guid id, ApproveRequest req, CancellationToken ct) in /Users/lalit.tak/Documents/Workspace/FIT/src/FIT.API/Controllers/IssuesController.cs:line 59
   at Microsoft.AspNetCore.Mvc.Infrastructure.ActionMethodExecutor.TaskOfIActionResultExecutor.Execute(ActionContext actionContext, IActionResultTypeMapper mapper, ObjectMethodExecutor executor, Object controller, Object[] arguments)
   at Microsoft.AspNetCore.Mvc.Infrastructure.ControllerActionInvoker.<InvokeActionMethodAsync>g__Awaited|12_0(ControllerActionInvoker invoker, ValueTask`1 actionResultValueTask)
   at Microsoft.AspNetCore.Mvc.Infrastructure.ControllerActionInvoker.<InvokeNextActionFilterAsync>g__Awaited|10_0(ControllerActionInvoker invoker, Task lastTask, State next, Scope scope, Object state, Boolean isCompleted)
   at Microsoft.AspNetCore.Mvc.Infrastructure.ControllerActionInvoker.Rethrow(ActionExecutedContextSealed context)
   at Microsoft.AspNetCore.Mvc.Infrastructure.ControllerActionInvoker.Next(State& next, Scope& scope, Object& state, Boolean& isCompleted)
   at Microsoft.AspNetCore.Mvc.Infrastructure.ControllerActionInvoker.<InvokeInnerFilterAsync>g__Awaited|13_0(ControllerActionInvoker invoker, Task lastTask, State next, Scope scope, Object state, Boolean isCompleted)
   at Microsoft.AspNetCore.Mvc.Infrastructure.ResourceInvoker.<InvokeFilterPipelineAsync>g__Awaited|20_0(ResourceInvoker invoker, Task lastTask, State next, Scope scope, Object state, Boolean isCompleted)
   at Microsoft.AspNetCore.Mvc.Infrastructure.ResourceInvoker.<InvokeAsync>g__Awaited|17_0(ResourceInvoker invoker, Task task, IDisposable scope)
   at Microsoft.AspNetCore.Mvc.Infrastructure.ResourceInvoker.<InvokeAsync>g__Awaited|17_0(ResourceInvoker invoker, Task task, IDisposable scope)
   at Microsoft.AspNetCore.Authorization.AuthorizationMiddleware.Invoke(HttpContext context)
   at Microsoft.AspNetCore.Authentication.AuthenticationMiddleware.Invoke(HttpContext context)
   at Serilog.AspNetCore.RequestLoggingMiddleware.Invoke(HttpContext httpContext)
   at Microsoft.AspNetCore.Diagnostics.ExceptionHandlerMiddlewareImpl.<Invoke>g__Awaited|10_0(ExceptionHandlerMiddlewareImpl middleware, HttpContext context, Task task)
2026-07-29 12:21:50.679 +05:30 [ERR] Unhandled exception
System.InvalidOperationException: Cannot approve issue in status Approved.
   at FIT.Domain.Entities.FieldIssue.Approve(Guid reviewerId, String comments) in /Users/lalit.tak/Documents/Workspace/FIT/src/FIT.Domain/Entities/FieldIssue.cs:line 147
   at FIT.Application.Features.Issues.Commands.ApproveIssue.ApproveIssueCommandHandler.Handle(ApproveIssueCommand request, CancellationToken cancellationToken) in /Users/lalit.tak/Documents/Workspace/FIT/src/FIT.Application/Features/Issues/Commands/ApproveIssue/ApproveIssueCommandHandler.cs:line 31
   at FIT.API.Controllers.IssuesController.Approve(Guid id, ApproveRequest req, CancellationToken ct) in /Users/lalit.tak/Documents/Workspace/FIT/src/FIT.API/Controllers/IssuesController.cs:line 59
   at Microsoft.AspNetCore.Mvc.Infrastructure.ActionMethodExecutor.TaskOfIActionResultExecutor.Execute(ActionContext actionContext, IActionResultTypeMapper mapper, ObjectMethodExecutor executor, Object controller, Object[] arguments)
   at Microsoft.AspNetCore.Mvc.Infrastructure.ControllerActionInvoker.<InvokeActionMethodAsync>g__Awaited|12_0(ControllerActionInvoker invoker, ValueTask`1 actionResultValueTask)
   at Microsoft.AspNetCore.Mvc.Infrastructure.ControllerActionInvoker.<InvokeNextActionFilterAsync>g__Awaited|10_0(ControllerActionInvoker invoker, Task lastTask, State next, Scope scope, Object state, Boolean isCompleted)
   at Microsoft.AspNetCore.Mvc.Infrastructure.ControllerActionInvoker.Rethrow(ActionExecutedContextSealed context)
   at Microsoft.AspNetCore.Mvc.Infrastructure.ControllerActionInvoker.Next(State& next, Scope& scope, Object& state, Boolean& isCompleted)
   at Microsoft.AspNetCore.Mvc.Infrastructure.ControllerActionInvoker.<InvokeInnerFilterAsync>g__Awaited|13_0(ControllerActionInvoker invoker, Task lastTask, State next, Scope scope, Object state, Boolean isCompleted)
   at Microsoft.AspNetCore.Mvc.Infrastructure.ResourceInvoker.<InvokeFilterPipelineAsync>g__Awaited|20_0(ResourceInvoker invoker, Task lastTask, State next, Scope scope, Object state, Boolean isCompleted)
   at Microsoft.AspNetCore.Mvc.Infrastructure.ResourceInvoker.<InvokeAsync>g__Awaited|17_0(ResourceInvoker invoker, Task task, IDisposable scope)
   at Microsoft.AspNetCore.Mvc.Infrastructure.ResourceInvoker.<InvokeAsync>g__Awaited|17_0(ResourceInvoker invoker, Task task, IDisposable scope)
   at Microsoft.AspNetCore.Authorization.AuthorizationMiddleware.Invoke(HttpContext context)
   at Microsoft.AspNetCore.Authentication.AuthenticationMiddleware.Invoke(HttpContext context)
   at Serilog.AspNetCore.RequestLoggingMiddleware.Invoke(HttpContext httpContext)
   at Microsoft.AspNetCore.Diagnostics.ExceptionHandlerMiddlewareImpl.<Invoke>g__Awaited|10_0(ExceptionHandlerMiddlewareImpl middleware, HttpContext context, Task task)
2026-07-29 12:22:52.493 +05:30 [INF] Executed DbCommand (3ms) [Parameters=[@__email_0='?'], CommandType='"Text"', CommandTimeout='30']
SELECT u.id, u.created_at, u.department, u.email, u.first_name, u.is_active, u.last_login_at, u.last_name, u.password_hash, u.phone_number, u.role, u.updated_at
FROM users AS u
WHERE u.email = @__email_0
LIMIT 1
2026-07-29 12:22:52.899 +05:30 [INF] HTTP POST /api/auth/login responded 200 in 414.9775 ms
2026-07-29 12:22:52.943 +05:30 [INF] Executed DbCommand (5ms) [Parameters=[@p0='?' (DbType = Guid), @p1='?', @p2='?' (DbType = DateTime), @p3='?' (DbType = Guid), @p4='?', @p5='?' (DbType = DateTime), @p6='?', @p7='?' (DbType = DateTime), @p8='?' (DbType = Guid), @p9='?', @p10='?', @p11='?' (DbType = DateTime), @p12='?', @p13='?', @p14='?', @p15='?', @p16='?', @p17='?', @p18='?', @p19='?', @p20='?', @p21='?' (DbType = Guid), @p22='?' (DbType = DateTime), @p23='?', @p24='?', @p25='?', @p26='?' (DbType = DateTime), @p27='?', @p28='?' (DbType = DateTime), @p29='?' (DbType = DateTime)], CommandType='"Text"', CommandTimeout='30']
INSERT INTO field_issues (id, actual_behavior, approved_at, assigned_developer_id, category, closed_at, comm_type, created_at, customer_id, customer_site_address, description, development_started_at, expected_behavior, field_observations, issue_number, jira_key, jira_url, firmware_version, meter_serial, meter_type, priority, reporter_id, review_started_at, severity, status, steps_to_reproduce, submitted_at, summary, updated_at, validation_started_at)
VALUES (@p0, @p1, @p2, @p3, @p4, @p5, @p6, @p7, @p8, @p9, @p10, @p11, @p12, @p13, @p14, @p15, @p16, @p17, @p18, @p19, @p20, @p21, @p22, @p23, @p24, @p25, @p26, @p27, @p28, @p29);
2026-07-29 12:22:52.953 +05:30 [INF] Executed DbCommand (9ms) [Parameters=[@__id_0='?' (DbType = Guid)], CommandType='"Text"', CommandTimeout='30']
SELECT s.id, s.actual_behavior, s.approved_at, s.assigned_developer_id, s.category, s.closed_at, s.comm_type, s.created_at, s.customer_id, s.customer_site_address, s.description, s.development_started_at, s.expected_behavior, s.field_observations, s.issue_number, s.jira_key, s.jira_url, s.firmware_version, s.meter_serial, s.meter_type, s.priority, s.reporter_id, s.review_started_at, s.severity, s.status, s.steps_to_reproduce, s.submitted_at, s.summary, s.updated_at, s.validation_started_at, s.id0, s.created_at0, s.department, s.email, s.first_name, s.is_active, s.last_login_at, s.last_name, s.password_hash, s.phone_number, s.role, s.updated_at0, s.id1, s.created_at1, s.department0, s.email0, s.first_name0, s.is_active0, s.last_login_at0, s.last_name0, s.password_hash0, s.phone_number0, s.role0, s.updated_at1, s0.id, s0.comments, s0.created_at, s0.decided_at, s0.decision, s0.field_issue_id, s0.reviewer_id, s0.updated_at, s0.id0, s0.created_at0, s0.department, s0.email, s0.first_name, s0.is_active, s0.last_login_at, s0.last_name, s0.password_hash, s0.phone_number, s0.role, s0.updated_at0, s1.id, s1.author_id, s1.content, s1.created_at, s1.field_issue_id, s1.is_internal, s1.parent_comment_id, s1.updated_at, s1.id0, s1.created_at0, s1.department, s1.email, s1.first_name, s1.is_active, s1.last_login_at, s1.last_name, s1.password_hash, s1.phone_number, s1.role, s1.updated_at0, s2.id, s2.content_type, s2.created_at, s2.description, s2.field_issue_id, s2.file_name, s2.file_size_bytes, s2.original_file_name, s2.storage_path, s2.updated_at, s2.uploaded_by_id, s2.id0, s2.created_at0, s2.department, s2.email, s2.first_name, s2.is_active, s2.last_login_at, s2.last_name, s2.password_hash, s2.phone_number, s2.role, s2.updated_at0, s3.id, s3.author_id, s3.content, s3.created_at, s3.field_issue_id, s3.firmware_version, s3.fix, s3.is_resolution_note, s3.root_cause, s3.updated_at, s3.id0, s3.created_at0, s3.department, s3.email, s3.first_name, s3.is_active, s3.last_login_at, s3.last_name, s3.password_hash, s3.phone_number, s3.role, s3.updated_at0, s4.id, s4.created_at, s4.field_issue_id, s4.firmware_version_tested, s4.notes, s4.result, s4.test_environment, s4.updated_at, s4.validated_at, s4.validator_id, s4.id0, s4.created_at0, s4.department, s4.email, s4.first_name, s4.is_active, s4.last_login_at, s4.last_name, s4.password_hash, s4.phone_number, s4.role, s4.updated_at0, a1.id, a1.action, a1.created_at, a1.description, a1.field_issue_id, a1.metadata, a1.performed_by_id, a1.status_at_time, a1.updated_at
FROM (
    SELECT f.id, f.actual_behavior, f.approved_at, f.assigned_developer_id, f.category, f.closed_at, f.comm_type, f.created_at, f.customer_id, f.customer_site_address, f.description, f.development_started_at, f.expected_behavior, f.field_observations, f.issue_number, f.jira_key, f.jira_url, f.firmware_version, f.meter_serial, f.meter_type, f.priority, f.reporter_id, f.review_started_at, f.severity, f.status, f.steps_to_reproduce, f.submitted_at, f.summary, f.updated_at, f.validation_started_at, u.id AS id0, u.created_at AS created_at0, u.department, u.email, u.first_name, u.is_active, u.last_login_at, u.last_name, u.password_hash, u.phone_number, u.role, u.updated_at AS updated_at0, u0.id AS id1, u0.created_at AS created_at1, u0.department AS department0, u0.email AS email0, u0.first_name AS first_name0, u0.is_active AS is_active0, u0.last_login_at AS last_login_at0, u0.last_name AS last_name0, u0.password_hash AS password_hash0, u0.phone_number AS phone_number0, u0.role AS role0, u0.updated_at AS updated_at1
    FROM field_issues AS f
    INNER JOIN users AS u ON f.reporter_id = u.id
    LEFT JOIN users AS u0 ON f.assigned_developer_id = u0.id
    WHERE f.id = @__id_0
    LIMIT 1
) AS s
LEFT JOIN (
    SELECT a.id, a.comments, a.created_at, a.decided_at, a.decision, a.field_issue_id, a.reviewer_id, a.updated_at, u1.id AS id0, u1.created_at AS created_at0, u1.department, u1.email, u1.first_name, u1.is_active, u1.last_login_at, u1.last_name, u1.password_hash, u1.phone_number, u1.role, u1.updated_at AS updated_at0
    FROM approvals AS a
    INNER JOIN users AS u1 ON a.reviewer_id = u1.id
) AS s0 ON s.id = s0.field_issue_id
LEFT JOIN (
    SELECT c.id, c.author_id, c.content, c.created_at, c.field_issue_id, c.is_internal, c.parent_comment_id, c.updated_at, u2.id AS id0, u2.created_at AS created_at0, u2.department, u2.email, u2.first_name, u2.is_active, u2.last_login_at, u2.last_name, u2.password_hash, u2.phone_number, u2.role, u2.updated_at AS updated_at0
    FROM comments AS c
    INNER JOIN users AS u2 ON c.author_id = u2.id
) AS s1 ON s.id = s1.field_issue_id
LEFT JOIN (
    SELECT a0.id, a0.content_type, a0.created_at, a0.description, a0.field_issue_id, a0.file_name, a0.file_size_bytes, a0.original_file_name, a0.storage_path, a0.updated_at, a0.uploaded_by_id, u3.id AS id0, u3.created_at AS created_at0, u3.department, u3.email, u3.first_name, u3.is_active, u3.last_login_at, u3.last_name, u3.password_hash, u3.phone_number, u3.role, u3.updated_at AS updated_at0
    FROM attachments AS a0
    INNER JOIN users AS u3 ON a0.uploaded_by_id = u3.id
) AS s2 ON s.id = s2.field_issue_id
LEFT JOIN (
    SELECT d.id, d.author_id, d.content, d.created_at, d.field_issue_id, d.firmware_version, d.fix, d.is_resolution_note, d.root_cause, d.updated_at, u4.id AS id0, u4.created_at AS created_at0, u4.department, u4.email, u4.first_name, u4.is_active, u4.last_login_at, u4.last_name, u4.password_hash, u4.phone_number, u4.role, u4.updated_at AS updated_at0
    FROM developer_notes AS d
    INNER JOIN users AS u4 ON d.author_id = u4.id
) AS s3 ON s.id = s3.field_issue_id
LEFT JOIN (
    SELECT v.id, v.created_at, v.field_issue_id, v.firmware_version_tested, v.notes, v.result, v.test_environment, v.updated_at, v.validated_at, v.validator_id, u5.id AS id0, u5.created_at AS created_at0, u5.department, u5.email, u5.first_name, u5.is_active, u5.last_login_at, u5.last_name, u5.password_hash, u5.phone_number, u5.role, u5.updated_at AS updated_at0
    FROM validations AS v
    INNER JOIN users AS u5 ON v.validator_id = u5.id
) AS s4 ON s.id = s4.field_issue_id
LEFT JOIN activity_log AS a1 ON s.id = a1.field_issue_id
ORDER BY s.id, s.id0, s.id1, s0.id, s0.id0, s1.id, s1.id0, s2.id, s2.id0, s3.id, s3.id0, s4.id, s4.id0
2026-07-29 12:22:52.956 +05:30 [INF] HTTP POST /api/issues responded 201 in 24.2981 ms
2026-07-29 12:22:53.125 +05:30 [INF] Executed DbCommand (7ms) [Parameters=[@__id_0='?' (DbType = Guid)], CommandType='"Text"', CommandTimeout='30']
SELECT s.id, s.actual_behavior, s.approved_at, s.assigned_developer_id, s.category, s.closed_at, s.comm_type, s.created_at, s.customer_id, s.customer_site_address, s.description, s.development_started_at, s.expected_behavior, s.field_observations, s.issue_number, s.jira_key, s.jira_url, s.firmware_version, s.meter_serial, s.meter_type, s.priority, s.reporter_id, s.review_started_at, s.severity, s.status, s.steps_to_reproduce, s.submitted_at, s.summary, s.updated_at, s.validation_started_at, s.id0, s.created_at0, s.department, s.email, s.first_name, s.is_active, s.last_login_at, s.last_name, s.password_hash, s.phone_number, s.role, s.updated_at0, s.id1, s.created_at1, s.department0, s.email0, s.first_name0, s.is_active0, s.last_login_at0, s.last_name0, s.password_hash0, s.phone_number0, s.role0, s.updated_at1, s0.id, s0.comments, s0.created_at, s0.decided_at, s0.decision, s0.field_issue_id, s0.reviewer_id, s0.updated_at, s0.id0, s0.created_at0, s0.department, s0.email, s0.first_name, s0.is_active, s0.last_login_at, s0.last_name, s0.password_hash, s0.phone_number, s0.role, s0.updated_at0, s1.id, s1.author_id, s1.content, s1.created_at, s1.field_issue_id, s1.is_internal, s1.parent_comment_id, s1.updated_at, s1.id0, s1.created_at0, s1.department, s1.email, s1.first_name, s1.is_active, s1.last_login_at, s1.last_name, s1.password_hash, s1.phone_number, s1.role, s1.updated_at0, s2.id, s2.content_type, s2.created_at, s2.description, s2.field_issue_id, s2.file_name, s2.file_size_bytes, s2.original_file_name, s2.storage_path, s2.updated_at, s2.uploaded_by_id, s2.id0, s2.created_at0, s2.department, s2.email, s2.first_name, s2.is_active, s2.last_login_at, s2.last_name, s2.password_hash, s2.phone_number, s2.role, s2.updated_at0, s3.id, s3.author_id, s3.content, s3.created_at, s3.field_issue_id, s3.firmware_version, s3.fix, s3.is_resolution_note, s3.root_cause, s3.updated_at, s3.id0, s3.created_at0, s3.department, s3.email, s3.first_name, s3.is_active, s3.last_login_at, s3.last_name, s3.password_hash, s3.phone_number, s3.role, s3.updated_at0, s4.id, s4.created_at, s4.field_issue_id, s4.firmware_version_tested, s4.notes, s4.result, s4.test_environment, s4.updated_at, s4.validated_at, s4.validator_id, s4.id0, s4.created_at0, s4.department, s4.email, s4.first_name, s4.is_active, s4.last_login_at, s4.last_name, s4.password_hash, s4.phone_number, s4.role, s4.updated_at0, a1.id, a1.action, a1.created_at, a1.description, a1.field_issue_id, a1.metadata, a1.performed_by_id, a1.status_at_time, a1.updated_at
FROM (
    SELECT f.id, f.actual_behavior, f.approved_at, f.assigned_developer_id, f.category, f.closed_at, f.comm_type, f.created_at, f.customer_id, f.customer_site_address, f.description, f.development_started_at, f.expected_behavior, f.field_observations, f.issue_number, f.jira_key, f.jira_url, f.firmware_version, f.meter_serial, f.meter_type, f.priority, f.reporter_id, f.review_started_at, f.severity, f.status, f.steps_to_reproduce, f.submitted_at, f.summary, f.updated_at, f.validation_started_at, u.id AS id0, u.created_at AS created_at0, u.department, u.email, u.first_name, u.is_active, u.last_login_at, u.last_name, u.password_hash, u.phone_number, u.role, u.updated_at AS updated_at0, u0.id AS id1, u0.created_at AS created_at1, u0.department AS department0, u0.email AS email0, u0.first_name AS first_name0, u0.is_active AS is_active0, u0.last_login_at AS last_login_at0, u0.last_name AS last_name0, u0.password_hash AS password_hash0, u0.phone_number AS phone_number0, u0.role AS role0, u0.updated_at AS updated_at1
    FROM field_issues AS f
    INNER JOIN users AS u ON f.reporter_id = u.id
    LEFT JOIN users AS u0 ON f.assigned_developer_id = u0.id
    WHERE f.id = @__id_0
    LIMIT 1
) AS s
LEFT JOIN (
    SELECT a.id, a.comments, a.created_at, a.decided_at, a.decision, a.field_issue_id, a.reviewer_id, a.updated_at, u1.id AS id0, u1.created_at AS created_at0, u1.department, u1.email, u1.first_name, u1.is_active, u1.last_login_at, u1.last_name, u1.password_hash, u1.phone_number, u1.role, u1.updated_at AS updated_at0
    FROM approvals AS a
    INNER JOIN users AS u1 ON a.reviewer_id = u1.id
) AS s0 ON s.id = s0.field_issue_id
LEFT JOIN (
    SELECT c.id, c.author_id, c.content, c.created_at, c.field_issue_id, c.is_internal, c.parent_comment_id, c.updated_at, u2.id AS id0, u2.created_at AS created_at0, u2.department, u2.email, u2.first_name, u2.is_active, u2.last_login_at, u2.last_name, u2.password_hash, u2.phone_number, u2.role, u2.updated_at AS updated_at0
    FROM comments AS c
    INNER JOIN users AS u2 ON c.author_id = u2.id
) AS s1 ON s.id = s1.field_issue_id
LEFT JOIN (
    SELECT a0.id, a0.content_type, a0.created_at, a0.description, a0.field_issue_id, a0.file_name, a0.file_size_bytes, a0.original_file_name, a0.storage_path, a0.updated_at, a0.uploaded_by_id, u3.id AS id0, u3.created_at AS created_at0, u3.department, u3.email, u3.first_name, u3.is_active, u3.last_login_at, u3.last_name, u3.password_hash, u3.phone_number, u3.role, u3.updated_at AS updated_at0
    FROM attachments AS a0
    INNER JOIN users AS u3 ON a0.uploaded_by_id = u3.id
) AS s2 ON s.id = s2.field_issue_id
LEFT JOIN (
    SELECT d.id, d.author_id, d.content, d.created_at, d.field_issue_id, d.firmware_version, d.fix, d.is_resolution_note, d.root_cause, d.updated_at, u4.id AS id0, u4.created_at AS created_at0, u4.department, u4.email, u4.first_name, u4.is_active, u4.last_login_at, u4.last_name, u4.password_hash, u4.phone_number, u4.role, u4.updated_at AS updated_at0
    FROM developer_notes AS d
    INNER JOIN users AS u4 ON d.author_id = u4.id
) AS s3 ON s.id = s3.field_issue_id
LEFT JOIN (
    SELECT v.id, v.created_at, v.field_issue_id, v.firmware_version_tested, v.notes, v.result, v.test_environment, v.updated_at, v.validated_at, v.validator_id, u5.id AS id0, u5.created_at AS created_at0, u5.department, u5.email, u5.first_name, u5.is_active, u5.last_login_at, u5.last_name, u5.password_hash, u5.phone_number, u5.role, u5.updated_at AS updated_at0
    FROM validations AS v
    INNER JOIN users AS u5 ON v.validator_id = u5.id
) AS s4 ON s.id = s4.field_issue_id
LEFT JOIN activity_log AS a1 ON s.id = a1.field_issue_id
ORDER BY s.id, s.id0, s.id1, s0.id, s0.id0, s1.id, s1.id0, s2.id, s2.id0, s3.id, s3.id0, s4.id, s4.id0
2026-07-29 12:22:53.128 +05:30 [INF] Executed DbCommand (1ms) [Parameters=[@__entity_Id_0='?' (DbType = Guid)], CommandType='"Text"', CommandTimeout='30']
SELECT EXISTS (
    SELECT 1
    FROM activity_log AS a
    WHERE a.id = @__entity_Id_0)
2026-07-29 12:22:53.131 +05:30 [INF] Executed DbCommand (2ms) [Parameters=[@p0='?' (DbType = Guid), @p1='?', @p2='?' (DbType = DateTime), @p3='?', @p4='?' (DbType = Guid), @p5='?' (DbType = Object), @p6='?' (DbType = Guid), @p7='?', @p8='?' (DbType = DateTime), @p12='?' (DbType = Guid), @p9='?', @p10='?' (DbType = DateTime), @p11='?' (DbType = DateTime)], CommandType='"Text"', CommandTimeout='30']
INSERT INTO activity_log (id, action, created_at, description, field_issue_id, metadata, performed_by_id, status_at_time, updated_at)
VALUES (@p0, @p1, @p2, @p3, @p4, @p5, @p6, @p7, @p8);
UPDATE field_issues SET status = @p9, submitted_at = @p10, updated_at = @p11
WHERE id = @p12;
2026-07-29 12:22:53.133 +05:30 [INF] Executed DbCommand (1ms) [Parameters=[@__role_0='?'], CommandType='"Text"', CommandTimeout='30']
SELECT u.id, u.created_at, u.department, u.email, u.first_name, u.is_active, u.last_login_at, u.last_name, u.password_hash, u.phone_number, u.role, u.updated_at
FROM users AS u
WHERE u.role = @__role_0 AND u.is_active
ORDER BY u.first_name
2026-07-29 12:22:55.297 +05:30 [WRN] Failed to send email to mohit@polarisgrids.com
MailKit.ServiceNotAuthenticatedException: 5.7.0 Authentication Required. For more information, go to
5.7.0  https://support.google.com/accounts/troubleshooter/2402620. 5a478bee46e88-31504d37368sm10674807eec.22 - gsmtp
   at MailKit.Net.Smtp.SmtpClient.SendAsync(FormatOptions options, MimeMessage message, MailboxAddress sender, IList`1 recipients, CancellationToken cancellationToken, ITransferProgress progress)
   at MailKit.Net.Smtp.SmtpClient.SendAsync(FormatOptions options, MimeMessage message, MailboxAddress sender, IList`1 recipients, CancellationToken cancellationToken, ITransferProgress progress)
   at FIT.Infrastructure.Services.EmailService.SendAsync(String to, String subject, String body, Boolean isHtml, CancellationToken cancellationToken) in /Users/lalit.tak/Documents/Workspace/FIT/src/FIT.Infrastructure/Services/EmailService.cs:line 37
2026-07-29 12:22:55.301 +05:30 [INF] HTTP POST /api/issues/65e22d66-9eb9-4ac2-8996-53889b959264/submit responded 204 in 2183.8790 ms
2026-07-29 12:22:55.348 +05:30 [INF] Executed DbCommand (7ms) [Parameters=[@__id_0='?' (DbType = Guid)], CommandType='"Text"', CommandTimeout='30']
SELECT s.id, s.actual_behavior, s.approved_at, s.assigned_developer_id, s.category, s.closed_at, s.comm_type, s.created_at, s.customer_id, s.customer_site_address, s.description, s.development_started_at, s.expected_behavior, s.field_observations, s.issue_number, s.jira_key, s.jira_url, s.firmware_version, s.meter_serial, s.meter_type, s.priority, s.reporter_id, s.review_started_at, s.severity, s.status, s.steps_to_reproduce, s.submitted_at, s.summary, s.updated_at, s.validation_started_at, s.id0, s.created_at0, s.department, s.email, s.first_name, s.is_active, s.last_login_at, s.last_name, s.password_hash, s.phone_number, s.role, s.updated_at0, s.id1, s.created_at1, s.department0, s.email0, s.first_name0, s.is_active0, s.last_login_at0, s.last_name0, s.password_hash0, s.phone_number0, s.role0, s.updated_at1, s0.id, s0.comments, s0.created_at, s0.decided_at, s0.decision, s0.field_issue_id, s0.reviewer_id, s0.updated_at, s0.id0, s0.created_at0, s0.department, s0.email, s0.first_name, s0.is_active, s0.last_login_at, s0.last_name, s0.password_hash, s0.phone_number, s0.role, s0.updated_at0, s1.id, s1.author_id, s1.content, s1.created_at, s1.field_issue_id, s1.is_internal, s1.parent_comment_id, s1.updated_at, s1.id0, s1.created_at0, s1.department, s1.email, s1.first_name, s1.is_active, s1.last_login_at, s1.last_name, s1.password_hash, s1.phone_number, s1.role, s1.updated_at0, s2.id, s2.content_type, s2.created_at, s2.description, s2.field_issue_id, s2.file_name, s2.file_size_bytes, s2.original_file_name, s2.storage_path, s2.updated_at, s2.uploaded_by_id, s2.id0, s2.created_at0, s2.department, s2.email, s2.first_name, s2.is_active, s2.last_login_at, s2.last_name, s2.password_hash, s2.phone_number, s2.role, s2.updated_at0, s3.id, s3.author_id, s3.content, s3.created_at, s3.field_issue_id, s3.firmware_version, s3.fix, s3.is_resolution_note, s3.root_cause, s3.updated_at, s3.id0, s3.created_at0, s3.department, s3.email, s3.first_name, s3.is_active, s3.last_login_at, s3.last_name, s3.password_hash, s3.phone_number, s3.role, s3.updated_at0, s4.id, s4.created_at, s4.field_issue_id, s4.firmware_version_tested, s4.notes, s4.result, s4.test_environment, s4.updated_at, s4.validated_at, s4.validator_id, s4.id0, s4.created_at0, s4.department, s4.email, s4.first_name, s4.is_active, s4.last_login_at, s4.last_name, s4.password_hash, s4.phone_number, s4.role, s4.updated_at0, a1.id, a1.action, a1.created_at, a1.description, a1.field_issue_id, a1.metadata, a1.performed_by_id, a1.status_at_time, a1.updated_at
FROM (
    SELECT f.id, f.actual_behavior, f.approved_at, f.assigned_developer_id, f.category, f.closed_at, f.comm_type, f.created_at, f.customer_id, f.customer_site_address, f.description, f.development_started_at, f.expected_behavior, f.field_observations, f.issue_number, f.jira_key, f.jira_url, f.firmware_version, f.meter_serial, f.meter_type, f.priority, f.reporter_id, f.review_started_at, f.severity, f.status, f.steps_to_reproduce, f.submitted_at, f.summary, f.updated_at, f.validation_started_at, u.id AS id0, u.created_at AS created_at0, u.department, u.email, u.first_name, u.is_active, u.last_login_at, u.last_name, u.password_hash, u.phone_number, u.role, u.updated_at AS updated_at0, u0.id AS id1, u0.created_at AS created_at1, u0.department AS department0, u0.email AS email0, u0.first_name AS first_name0, u0.is_active AS is_active0, u0.last_login_at AS last_login_at0, u0.last_name AS last_name0, u0.password_hash AS password_hash0, u0.phone_number AS phone_number0, u0.role AS role0, u0.updated_at AS updated_at1
    FROM field_issues AS f
    INNER JOIN users AS u ON f.reporter_id = u.id
    LEFT JOIN users AS u0 ON f.assigned_developer_id = u0.id
    WHERE f.id = @__id_0
    LIMIT 1
) AS s
LEFT JOIN (
    SELECT a.id, a.comments, a.created_at, a.decided_at, a.decision, a.field_issue_id, a.reviewer_id, a.updated_at, u1.id AS id0, u1.created_at AS created_at0, u1.department, u1.email, u1.first_name, u1.is_active, u1.last_login_at, u1.last_name, u1.password_hash, u1.phone_number, u1.role, u1.updated_at AS updated_at0
    FROM approvals AS a
    INNER JOIN users AS u1 ON a.reviewer_id = u1.id
) AS s0 ON s.id = s0.field_issue_id
LEFT JOIN (
    SELECT c.id, c.author_id, c.content, c.created_at, c.field_issue_id, c.is_internal, c.parent_comment_id, c.updated_at, u2.id AS id0, u2.created_at AS created_at0, u2.department, u2.email, u2.first_name, u2.is_active, u2.last_login_at, u2.last_name, u2.password_hash, u2.phone_number, u2.role, u2.updated_at AS updated_at0
    FROM comments AS c
    INNER JOIN users AS u2 ON c.author_id = u2.id
) AS s1 ON s.id = s1.field_issue_id
LEFT JOIN (
    SELECT a0.id, a0.content_type, a0.created_at, a0.description, a0.field_issue_id, a0.file_name, a0.file_size_bytes, a0.original_file_name, a0.storage_path, a0.updated_at, a0.uploaded_by_id, u3.id AS id0, u3.created_at AS created_at0, u3.department, u3.email, u3.first_name, u3.is_active, u3.last_login_at, u3.last_name, u3.password_hash, u3.phone_number, u3.role, u3.updated_at AS updated_at0
    FROM attachments AS a0
    INNER JOIN users AS u3 ON a0.uploaded_by_id = u3.id
) AS s2 ON s.id = s2.field_issue_id
LEFT JOIN (
    SELECT d.id, d.author_id, d.content, d.created_at, d.field_issue_id, d.firmware_version, d.fix, d.is_resolution_note, d.root_cause, d.updated_at, u4.id AS id0, u4.created_at AS created_at0, u4.department, u4.email, u4.first_name, u4.is_active, u4.last_login_at, u4.last_name, u4.password_hash, u4.phone_number, u4.role, u4.updated_at AS updated_at0
    FROM developer_notes AS d
    INNER JOIN users AS u4 ON d.author_id = u4.id
) AS s3 ON s.id = s3.field_issue_id
LEFT JOIN (
    SELECT v.id, v.created_at, v.field_issue_id, v.firmware_version_tested, v.notes, v.result, v.test_environment, v.updated_at, v.validated_at, v.validator_id, u5.id AS id0, u5.created_at AS created_at0, u5.department, u5.email, u5.first_name, u5.is_active, u5.last_login_at, u5.last_name, u5.password_hash, u5.phone_number, u5.role, u5.updated_at AS updated_at0
    FROM validations AS v
    INNER JOIN users AS u5 ON v.validator_id = u5.id
) AS s4 ON s.id = s4.field_issue_id
LEFT JOIN activity_log AS a1 ON s.id = a1.field_issue_id
ORDER BY s.id, s.id0, s.id1, s0.id, s0.id0, s1.id, s1.id0, s2.id, s2.id0, s3.id, s3.id0, s4.id, s4.id0
2026-07-29 12:22:55.350 +05:30 [INF] Start processing HTTP request POST https://grampower.atlassian.net/rest/api/3/issue
2026-07-29 12:22:55.350 +05:30 [INF] Sending HTTP request POST https://grampower.atlassian.net/rest/api/3/issue
2026-07-29 12:22:56.599 +05:30 [INF] Received HTTP response headers after 1249.3349ms - 201
2026-07-29 12:22:56.599 +05:30 [INF] End processing HTTP request after 1249.8056ms - 201
2026-07-29 12:22:56.602 +05:30 [INF] Executed DbCommand (1ms) [Parameters=[@__entity_Id_0='?' (DbType = Guid)], CommandType='"Text"', CommandTimeout='30']
SELECT EXISTS (
    SELECT 1
    FROM activity_log AS a
    WHERE a.id = @__entity_Id_0)
2026-07-29 12:22:56.604 +05:30 [INF] Executed DbCommand (1ms) [Parameters=[@__entity_Id_0='?' (DbType = Guid)], CommandType='"Text"', CommandTimeout='30']
SELECT EXISTS (
    SELECT 1
    FROM approvals AS a
    WHERE a.id = @__entity_Id_0)
2026-07-29 12:22:56.607 +05:30 [INF] Executed DbCommand (3ms) [Parameters=[@p0='?' (DbType = Guid), @p1='?', @p2='?' (DbType = DateTime), @p3='?', @p4='?' (DbType = Guid), @p5='?' (DbType = Object), @p6='?' (DbType = Guid), @p7='?', @p8='?' (DbType = DateTime), @p9='?' (DbType = Guid), @p10='?', @p11='?' (DbType = DateTime), @p12='?' (DbType = DateTime), @p13='?', @p14='?' (DbType = Guid), @p15='?' (DbType = Guid), @p16='?' (DbType = DateTime), @p22='?' (DbType = Guid), @p17='?' (DbType = DateTime), @p18='?', @p19='?', @p20='?', @p21='?' (DbType = DateTime)], CommandType='"Text"', CommandTimeout='30']
INSERT INTO activity_log (id, action, created_at, description, field_issue_id, metadata, performed_by_id, status_at_time, updated_at)
VALUES (@p0, @p1, @p2, @p3, @p4, @p5, @p6, @p7, @p8);
INSERT INTO approvals (id, comments, created_at, decided_at, decision, field_issue_id, reviewer_id, updated_at)
VALUES (@p9, @p10, @p11, @p12, @p13, @p14, @p15, @p16);
UPDATE field_issues SET approved_at = @p17, jira_key = @p18, jira_url = @p19, status = @p20, updated_at = @p21
WHERE id = @p22;
2026-07-29 12:22:56.609 +05:30 [INF] Executed DbCommand (1ms) [Parameters=[@__id_0='?' (DbType = Guid)], CommandType='"Text"', CommandTimeout='30']
SELECT u.id, u.created_at, u.department, u.email, u.first_name, u.is_active, u.last_login_at, u.last_name, u.password_hash, u.phone_number, u.role, u.updated_at
FROM users AS u
WHERE u.id = @__id_0
LIMIT 1
2026-07-29 12:22:58.626 +05:30 [WRN] Failed to send email to lalit.tak@polarisgrids.com
MailKit.ServiceNotAuthenticatedException: 5.7.0 Authentication Required. For more information, go to
5.7.0  https://support.google.com/accounts/troubleshooter/2402620. a92af1059eb24-13e7275973dsm5630937c88.15 - gsmtp
   at MailKit.Net.Smtp.SmtpClient.SendAsync(FormatOptions options, MimeMessage message, MailboxAddress sender, IList`1 recipients, CancellationToken cancellationToken, ITransferProgress progress)
   at MailKit.Net.Smtp.SmtpClient.SendAsync(FormatOptions options, MimeMessage message, MailboxAddress sender, IList`1 recipients, CancellationToken cancellationToken, ITransferProgress progress)
   at FIT.Infrastructure.Services.EmailService.SendAsync(String to, String subject, String body, Boolean isHtml, CancellationToken cancellationToken) in /Users/lalit.tak/Documents/Workspace/FIT/src/FIT.Infrastructure/Services/EmailService.cs:line 37
2026-07-29 12:22:58.630 +05:30 [INF] HTTP POST /api/issues/65e22d66-9eb9-4ac2-8996-53889b959264/approve responded 204 in 3292.7167 ms
2026-07-29 12:24:03.612 +05:30 [INF] Executed DbCommand (5ms) [Parameters=[], CommandType='"Text"', CommandTimeout='30']
SELECT count(*)::int
FROM field_issues AS f
2026-07-29 12:24:03.625 +05:30 [INF] Executed DbCommand (11ms) [Parameters=[@__p_1='?' (DbType = Int32), @__p_0='?' (DbType = Int32)], CommandType='"Text"', CommandTimeout='30']
SELECT f0.id, f0.actual_behavior, f0.approved_at, f0.assigned_developer_id, f0.category, f0.closed_at, f0.comm_type, f0.created_at, f0.customer_id, f0.customer_site_address, f0.description, f0.development_started_at, f0.expected_behavior, f0.field_observations, f0.issue_number, f0.jira_key, f0.jira_url, f0.firmware_version, f0.meter_serial, f0.meter_type, f0.priority, f0.reporter_id, f0.review_started_at, f0.severity, f0.status, f0.steps_to_reproduce, f0.submitted_at, f0.summary, f0.updated_at, f0.validation_started_at, u.id, u.created_at, u.department, u.email, u.first_name, u.is_active, u.last_login_at, u.last_name, u.password_hash, u.phone_number, u.role, u.updated_at, u0.id, u0.created_at, u0.department, u0.email, u0.first_name, u0.is_active, u0.last_login_at, u0.last_name, u0.password_hash, u0.phone_number, u0.role, u0.updated_at
FROM (
    SELECT f.id, f.actual_behavior, f.approved_at, f.assigned_developer_id, f.category, f.closed_at, f.comm_type, f.created_at, f.customer_id, f.customer_site_address, f.description, f.development_started_at, f.expected_behavior, f.field_observations, f.issue_number, f.jira_key, f.jira_url, f.firmware_version, f.meter_serial, f.meter_type, f.priority, f.reporter_id, f.review_started_at, f.severity, f.status, f.steps_to_reproduce, f.submitted_at, f.summary, f.updated_at, f.validation_started_at
    FROM field_issues AS f
    ORDER BY f.created_at DESC
    LIMIT @__p_1 OFFSET @__p_0
) AS f0
INNER JOIN users AS u ON f0.reporter_id = u.id
LEFT JOIN users AS u0 ON f0.assigned_developer_id = u0.id
ORDER BY f0.created_at DESC
2026-07-29 12:24:03.629 +05:30 [INF] HTTP GET /api/dashboard responded 200 in 37.6267 ms
2026-07-29 12:24:10.110 +05:30 [INF] Executed DbCommand (6ms) [Parameters=[@__id_0='?' (DbType = Guid)], CommandType='"Text"', CommandTimeout='30']
SELECT s.id, s.actual_behavior, s.approved_at, s.assigned_developer_id, s.category, s.closed_at, s.comm_type, s.created_at, s.customer_id, s.customer_site_address, s.description, s.development_started_at, s.expected_behavior, s.field_observations, s.issue_number, s.jira_key, s.jira_url, s.firmware_version, s.meter_serial, s.meter_type, s.priority, s.reporter_id, s.review_started_at, s.severity, s.status, s.steps_to_reproduce, s.submitted_at, s.summary, s.updated_at, s.validation_started_at, s.id0, s.created_at0, s.department, s.email, s.first_name, s.is_active, s.last_login_at, s.last_name, s.password_hash, s.phone_number, s.role, s.updated_at0, s.id1, s.created_at1, s.department0, s.email0, s.first_name0, s.is_active0, s.last_login_at0, s.last_name0, s.password_hash0, s.phone_number0, s.role0, s.updated_at1, s0.id, s0.comments, s0.created_at, s0.decided_at, s0.decision, s0.field_issue_id, s0.reviewer_id, s0.updated_at, s0.id0, s0.created_at0, s0.department, s0.email, s0.first_name, s0.is_active, s0.last_login_at, s0.last_name, s0.password_hash, s0.phone_number, s0.role, s0.updated_at0, s1.id, s1.author_id, s1.content, s1.created_at, s1.field_issue_id, s1.is_internal, s1.parent_comment_id, s1.updated_at, s1.id0, s1.created_at0, s1.department, s1.email, s1.first_name, s1.is_active, s1.last_login_at, s1.last_name, s1.password_hash, s1.phone_number, s1.role, s1.updated_at0, s2.id, s2.content_type, s2.created_at, s2.description, s2.field_issue_id, s2.file_name, s2.file_size_bytes, s2.original_file_name, s2.storage_path, s2.updated_at, s2.uploaded_by_id, s2.id0, s2.created_at0, s2.department, s2.email, s2.first_name, s2.is_active, s2.last_login_at, s2.last_name, s2.password_hash, s2.phone_number, s2.role, s2.updated_at0, s3.id, s3.author_id, s3.content, s3.created_at, s3.field_issue_id, s3.firmware_version, s3.fix, s3.is_resolution_note, s3.root_cause, s3.updated_at, s3.id0, s3.created_at0, s3.department, s3.email, s3.first_name, s3.is_active, s3.last_login_at, s3.last_name, s3.password_hash, s3.phone_number, s3.role, s3.updated_at0, s4.id, s4.created_at, s4.field_issue_id, s4.firmware_version_tested, s4.notes, s4.result, s4.test_environment, s4.updated_at, s4.validated_at, s4.validator_id, s4.id0, s4.created_at0, s4.department, s4.email, s4.first_name, s4.is_active, s4.last_login_at, s4.last_name, s4.password_hash, s4.phone_number, s4.role, s4.updated_at0, a1.id, a1.action, a1.created_at, a1.description, a1.field_issue_id, a1.metadata, a1.performed_by_id, a1.status_at_time, a1.updated_at
FROM (
    SELECT f.id, f.actual_behavior, f.approved_at, f.assigned_developer_id, f.category, f.closed_at, f.comm_type, f.created_at, f.customer_id, f.customer_site_address, f.description, f.development_started_at, f.expected_behavior, f.field_observations, f.issue_number, f.jira_key, f.jira_url, f.firmware_version, f.meter_serial, f.meter_type, f.priority, f.reporter_id, f.review_started_at, f.severity, f.status, f.steps_to_reproduce, f.submitted_at, f.summary, f.updated_at, f.validation_started_at, u.id AS id0, u.created_at AS created_at0, u.department, u.email, u.first_name, u.is_active, u.last_login_at, u.last_name, u.password_hash, u.phone_number, u.role, u.updated_at AS updated_at0, u0.id AS id1, u0.created_at AS created_at1, u0.department AS department0, u0.email AS email0, u0.first_name AS first_name0, u0.is_active AS is_active0, u0.last_login_at AS last_login_at0, u0.last_name AS last_name0, u0.password_hash AS password_hash0, u0.phone_number AS phone_number0, u0.role AS role0, u0.updated_at AS updated_at1
    FROM field_issues AS f
    INNER JOIN users AS u ON f.reporter_id = u.id
    LEFT JOIN users AS u0 ON f.assigned_developer_id = u0.id
    WHERE f.id = @__id_0
    LIMIT 1
) AS s
LEFT JOIN (
    SELECT a.id, a.comments, a.created_at, a.decided_at, a.decision, a.field_issue_id, a.reviewer_id, a.updated_at, u1.id AS id0, u1.created_at AS created_at0, u1.department, u1.email, u1.first_name, u1.is_active, u1.last_login_at, u1.last_name, u1.password_hash, u1.phone_number, u1.role, u1.updated_at AS updated_at0
    FROM approvals AS a
    INNER JOIN users AS u1 ON a.reviewer_id = u1.id
) AS s0 ON s.id = s0.field_issue_id
LEFT JOIN (
    SELECT c.id, c.author_id, c.content, c.created_at, c.field_issue_id, c.is_internal, c.parent_comment_id, c.updated_at, u2.id AS id0, u2.created_at AS created_at0, u2.department, u2.email, u2.first_name, u2.is_active, u2.last_login_at, u2.last_name, u2.password_hash, u2.phone_number, u2.role, u2.updated_at AS updated_at0
    FROM comments AS c
    INNER JOIN users AS u2 ON c.author_id = u2.id
) AS s1 ON s.id = s1.field_issue_id
LEFT JOIN (
    SELECT a0.id, a0.content_type, a0.created_at, a0.description, a0.field_issue_id, a0.file_name, a0.file_size_bytes, a0.original_file_name, a0.storage_path, a0.updated_at, a0.uploaded_by_id, u3.id AS id0, u3.created_at AS created_at0, u3.department, u3.email, u3.first_name, u3.is_active, u3.last_login_at, u3.last_name, u3.password_hash, u3.phone_number, u3.role, u3.updated_at AS updated_at0
    FROM attachments AS a0
    INNER JOIN users AS u3 ON a0.uploaded_by_id = u3.id
) AS s2 ON s.id = s2.field_issue_id
LEFT JOIN (
    SELECT d.id, d.author_id, d.content, d.created_at, d.field_issue_id, d.firmware_version, d.fix, d.is_resolution_note, d.root_cause, d.updated_at, u4.id AS id0, u4.created_at AS created_at0, u4.department, u4.email, u4.first_name, u4.is_active, u4.last_login_at, u4.last_name, u4.password_hash, u4.phone_number, u4.role, u4.updated_at AS updated_at0
    FROM developer_notes AS d
    INNER JOIN users AS u4 ON d.author_id = u4.id
) AS s3 ON s.id = s3.field_issue_id
LEFT JOIN (
    SELECT v.id, v.created_at, v.field_issue_id, v.firmware_version_tested, v.notes, v.result, v.test_environment, v.updated_at, v.validated_at, v.validator_id, u5.id AS id0, u5.created_at AS created_at0, u5.department, u5.email, u5.first_name, u5.is_active, u5.last_login_at, u5.last_name, u5.password_hash, u5.phone_number, u5.role, u5.updated_at AS updated_at0
    FROM validations AS v
    INNER JOIN users AS u5 ON v.validator_id = u5.id
) AS s4 ON s.id = s4.field_issue_id
LEFT JOIN activity_log AS a1 ON s.id = a1.field_issue_id
ORDER BY s.id, s.id0, s.id1, s0.id, s0.id0, s1.id, s1.id0, s2.id, s2.id0, s3.id, s3.id0, s4.id, s4.id0
2026-07-29 12:24:10.115 +05:30 [INF] HTTP GET /api/issues/2918e1d0-5230-4ec3-8c4a-5671a44003b5 responded 200 in 20.3682 ms
2026-07-29 12:24:45.894 +05:30 [INF] Executed DbCommand (22ms) [Parameters=[@__id_0='?' (DbType = Guid)], CommandType='"Text"', CommandTimeout='30']
SELECT s.id, s.actual_behavior, s.approved_at, s.assigned_developer_id, s.category, s.closed_at, s.comm_type, s.created_at, s.customer_id, s.customer_site_address, s.description, s.development_started_at, s.expected_behavior, s.field_observations, s.issue_number, s.jira_key, s.jira_url, s.firmware_version, s.meter_serial, s.meter_type, s.priority, s.reporter_id, s.review_started_at, s.severity, s.status, s.steps_to_reproduce, s.submitted_at, s.summary, s.updated_at, s.validation_started_at, s.id0, s.created_at0, s.department, s.email, s.first_name, s.is_active, s.last_login_at, s.last_name, s.password_hash, s.phone_number, s.role, s.updated_at0, s.id1, s.created_at1, s.department0, s.email0, s.first_name0, s.is_active0, s.last_login_at0, s.last_name0, s.password_hash0, s.phone_number0, s.role0, s.updated_at1, s0.id, s0.comments, s0.created_at, s0.decided_at, s0.decision, s0.field_issue_id, s0.reviewer_id, s0.updated_at, s0.id0, s0.created_at0, s0.department, s0.email, s0.first_name, s0.is_active, s0.last_login_at, s0.last_name, s0.password_hash, s0.phone_number, s0.role, s0.updated_at0, s1.id, s1.author_id, s1.content, s1.created_at, s1.field_issue_id, s1.is_internal, s1.parent_comment_id, s1.updated_at, s1.id0, s1.created_at0, s1.department, s1.email, s1.first_name, s1.is_active, s1.last_login_at, s1.last_name, s1.password_hash, s1.phone_number, s1.role, s1.updated_at0, s2.id, s2.content_type, s2.created_at, s2.description, s2.field_issue_id, s2.file_name, s2.file_size_bytes, s2.original_file_name, s2.storage_path, s2.updated_at, s2.uploaded_by_id, s2.id0, s2.created_at0, s2.department, s2.email, s2.first_name, s2.is_active, s2.last_login_at, s2.last_name, s2.password_hash, s2.phone_number, s2.role, s2.updated_at0, s3.id, s3.author_id, s3.content, s3.created_at, s3.field_issue_id, s3.firmware_version, s3.fix, s3.is_resolution_note, s3.root_cause, s3.updated_at, s3.id0, s3.created_at0, s3.department, s3.email, s3.first_name, s3.is_active, s3.last_login_at, s3.last_name, s3.password_hash, s3.phone_number, s3.role, s3.updated_at0, s4.id, s4.created_at, s4.field_issue_id, s4.firmware_version_tested, s4.notes, s4.result, s4.test_environment, s4.updated_at, s4.validated_at, s4.validator_id, s4.id0, s4.created_at0, s4.department, s4.email, s4.first_name, s4.is_active, s4.last_login_at, s4.last_name, s4.password_hash, s4.phone_number, s4.role, s4.updated_at0, a1.id, a1.action, a1.created_at, a1.description, a1.field_issue_id, a1.metadata, a1.performed_by_id, a1.status_at_time, a1.updated_at
FROM (
    SELECT f.id, f.actual_behavior, f.approved_at, f.assigned_developer_id, f.category, f.closed_at, f.comm_type, f.created_at, f.customer_id, f.customer_site_address, f.description, f.development_started_at, f.expected_behavior, f.field_observations, f.issue_number, f.jira_key, f.jira_url, f.firmware_version, f.meter_serial, f.meter_type, f.priority, f.reporter_id, f.review_started_at, f.severity, f.status, f.steps_to_reproduce, f.submitted_at, f.summary, f.updated_at, f.validation_started_at, u.id AS id0, u.created_at AS created_at0, u.department, u.email, u.first_name, u.is_active, u.last_login_at, u.last_name, u.password_hash, u.phone_number, u.role, u.updated_at AS updated_at0, u0.id AS id1, u0.created_at AS created_at1, u0.department AS department0, u0.email AS email0, u0.first_name AS first_name0, u0.is_active AS is_active0, u0.last_login_at AS last_login_at0, u0.last_name AS last_name0, u0.password_hash AS password_hash0, u0.phone_number AS phone_number0, u0.role AS role0, u0.updated_at AS updated_at1
    FROM field_issues AS f
    INNER JOIN users AS u ON f.reporter_id = u.id
    LEFT JOIN users AS u0 ON f.assigned_developer_id = u0.id
    WHERE f.id = @__id_0
    LIMIT 1
) AS s
LEFT JOIN (
    SELECT a.id, a.comments, a.created_at, a.decided_at, a.decision, a.field_issue_id, a.reviewer_id, a.updated_at, u1.id AS id0, u1.created_at AS created_at0, u1.department, u1.email, u1.first_name, u1.is_active, u1.last_login_at, u1.last_name, u1.password_hash, u1.phone_number, u1.role, u1.updated_at AS updated_at0
    FROM approvals AS a
    INNER JOIN users AS u1 ON a.reviewer_id = u1.id
) AS s0 ON s.id = s0.field_issue_id
LEFT JOIN (
    SELECT c.id, c.author_id, c.content, c.created_at, c.field_issue_id, c.is_internal, c.parent_comment_id, c.updated_at, u2.id AS id0, u2.created_at AS created_at0, u2.department, u2.email, u2.first_name, u2.is_active, u2.last_login_at, u2.last_name, u2.password_hash, u2.phone_number, u2.role, u2.updated_at AS updated_at0
    FROM comments AS c
    INNER JOIN users AS u2 ON c.author_id = u2.id
) AS s1 ON s.id = s1.field_issue_id
LEFT JOIN (
    SELECT a0.id, a0.content_type, a0.created_at, a0.description, a0.field_issue_id, a0.file_name, a0.file_size_bytes, a0.original_file_name, a0.storage_path, a0.updated_at, a0.uploaded_by_id, u3.id AS id0, u3.created_at AS created_at0, u3.department, u3.email, u3.first_name, u3.is_active, u3.last_login_at, u3.last_name, u3.password_hash, u3.phone_number, u3.role, u3.updated_at AS updated_at0
    FROM attachments AS a0
    INNER JOIN users AS u3 ON a0.uploaded_by_id = u3.id
) AS s2 ON s.id = s2.field_issue_id
LEFT JOIN (
    SELECT d.id, d.author_id, d.content, d.created_at, d.field_issue_id, d.firmware_version, d.fix, d.is_resolution_note, d.root_cause, d.updated_at, u4.id AS id0, u4.created_at AS created_at0, u4.department, u4.email, u4.first_name, u4.is_active, u4.last_login_at, u4.last_name, u4.password_hash, u4.phone_number, u4.role, u4.updated_at AS updated_at0
    FROM developer_notes AS d
    INNER JOIN users AS u4 ON d.author_id = u4.id
) AS s3 ON s.id = s3.field_issue_id
LEFT JOIN (
    SELECT v.id, v.created_at, v.field_issue_id, v.firmware_version_tested, v.notes, v.result, v.test_environment, v.updated_at, v.validated_at, v.validator_id, u5.id AS id0, u5.created_at AS created_at0, u5.department, u5.email, u5.first_name, u5.is_active, u5.last_login_at, u5.last_name, u5.password_hash, u5.phone_number, u5.role, u5.updated_at AS updated_at0
    FROM validations AS v
    INNER JOIN users AS u5 ON v.validator_id = u5.id
) AS s4 ON s.id = s4.field_issue_id
LEFT JOIN activity_log AS a1 ON s.id = a1.field_issue_id
ORDER BY s.id, s.id0, s.id1, s0.id, s0.id0, s1.id, s1.id0, s2.id, s2.id0, s3.id, s3.id0, s4.id, s4.id0
2026-07-29 12:24:45.899 +05:30 [INF] HTTP GET /api/issues/2918e1d0-5230-4ec3-8c4a-5671a44003b5 responded 200 in 70.8295 ms
2026-07-29 12:24:53.612 +05:30 [INF] Executed DbCommand (15ms) [Parameters=[], CommandType='"Text"', CommandTimeout='30']
SELECT count(*)::int
FROM field_issues AS f
2026-07-29 12:24:53.632 +05:30 [INF] Executed DbCommand (19ms) [Parameters=[@__p_1='?' (DbType = Int32), @__p_0='?' (DbType = Int32)], CommandType='"Text"', CommandTimeout='30']
SELECT f0.id, f0.actual_behavior, f0.approved_at, f0.assigned_developer_id, f0.category, f0.closed_at, f0.comm_type, f0.created_at, f0.customer_id, f0.customer_site_address, f0.description, f0.development_started_at, f0.expected_behavior, f0.field_observations, f0.issue_number, f0.jira_key, f0.jira_url, f0.firmware_version, f0.meter_serial, f0.meter_type, f0.priority, f0.reporter_id, f0.review_started_at, f0.severity, f0.status, f0.steps_to_reproduce, f0.submitted_at, f0.summary, f0.updated_at, f0.validation_started_at, u.id, u.created_at, u.department, u.email, u.first_name, u.is_active, u.last_login_at, u.last_name, u.password_hash, u.phone_number, u.role, u.updated_at, u0.id, u0.created_at, u0.department, u0.email, u0.first_name, u0.is_active, u0.last_login_at, u0.last_name, u0.password_hash, u0.phone_number, u0.role, u0.updated_at
FROM (
    SELECT f.id, f.actual_behavior, f.approved_at, f.assigned_developer_id, f.category, f.closed_at, f.comm_type, f.created_at, f.customer_id, f.customer_site_address, f.description, f.development_started_at, f.expected_behavior, f.field_observations, f.issue_number, f.jira_key, f.jira_url, f.firmware_version, f.meter_serial, f.meter_type, f.priority, f.reporter_id, f.review_started_at, f.severity, f.status, f.steps_to_reproduce, f.submitted_at, f.summary, f.updated_at, f.validation_started_at
    FROM field_issues AS f
    ORDER BY f.created_at DESC
    LIMIT @__p_1 OFFSET @__p_0
) AS f0
INNER JOIN users AS u ON f0.reporter_id = u.id
LEFT JOIN users AS u0 ON f0.assigned_developer_id = u0.id
ORDER BY f0.created_at DESC
2026-07-29 12:24:53.633 +05:30 [INF] HTTP GET /api/dashboard responded 200 in 55.4780 ms
2026-07-29 12:25:24.375 +05:30 [INF] Executed DbCommand (65ms) [Parameters=[@__id_0='?' (DbType = Guid)], CommandType='"Text"', CommandTimeout='30']
SELECT s.id, s.actual_behavior, s.approved_at, s.assigned_developer_id, s.category, s.closed_at, s.comm_type, s.created_at, s.customer_id, s.customer_site_address, s.description, s.development_started_at, s.expected_behavior, s.field_observations, s.issue_number, s.jira_key, s.jira_url, s.firmware_version, s.meter_serial, s.meter_type, s.priority, s.reporter_id, s.review_started_at, s.severity, s.status, s.steps_to_reproduce, s.submitted_at, s.summary, s.updated_at, s.validation_started_at, s.id0, s.created_at0, s.department, s.email, s.first_name, s.is_active, s.last_login_at, s.last_name, s.password_hash, s.phone_number, s.role, s.updated_at0, s.id1, s.created_at1, s.department0, s.email0, s.first_name0, s.is_active0, s.last_login_at0, s.last_name0, s.password_hash0, s.phone_number0, s.role0, s.updated_at1, s0.id, s0.comments, s0.created_at, s0.decided_at, s0.decision, s0.field_issue_id, s0.reviewer_id, s0.updated_at, s0.id0, s0.created_at0, s0.department, s0.email, s0.first_name, s0.is_active, s0.last_login_at, s0.last_name, s0.password_hash, s0.phone_number, s0.role, s0.updated_at0, s1.id, s1.author_id, s1.content, s1.created_at, s1.field_issue_id, s1.is_internal, s1.parent_comment_id, s1.updated_at, s1.id0, s1.created_at0, s1.department, s1.email, s1.first_name, s1.is_active, s1.last_login_at, s1.last_name, s1.password_hash, s1.phone_number, s1.role, s1.updated_at0, s2.id, s2.content_type, s2.created_at, s2.description, s2.field_issue_id, s2.file_name, s2.file_size_bytes, s2.original_file_name, s2.storage_path, s2.updated_at, s2.uploaded_by_id, s2.id0, s2.created_at0, s2.department, s2.email, s2.first_name, s2.is_active, s2.last_login_at, s2.last_name, s2.password_hash, s2.phone_number, s2.role, s2.updated_at0, s3.id, s3.author_id, s3.content, s3.created_at, s3.field_issue_id, s3.firmware_version, s3.fix, s3.is_resolution_note, s3.root_cause, s3.updated_at, s3.id0, s3.created_at0, s3.department, s3.email, s3.first_name, s3.is_active, s3.last_login_at, s3.last_name, s3.password_hash, s3.phone_number, s3.role, s3.updated_at0, s4.id, s4.created_at, s4.field_issue_id, s4.firmware_version_tested, s4.notes, s4.result, s4.test_environment, s4.updated_at, s4.validated_at, s4.validator_id, s4.id0, s4.created_at0, s4.department, s4.email, s4.first_name, s4.is_active, s4.last_login_at, s4.last_name, s4.password_hash, s4.phone_number, s4.role, s4.updated_at0, a1.id, a1.action, a1.created_at, a1.description, a1.field_issue_id, a1.metadata, a1.performed_by_id, a1.status_at_time, a1.updated_at
FROM (
    SELECT f.id, f.actual_behavior, f.approved_at, f.assigned_developer_id, f.category, f.closed_at, f.comm_type, f.created_at, f.customer_id, f.customer_site_address, f.description, f.development_started_at, f.expected_behavior, f.field_observations, f.issue_number, f.jira_key, f.jira_url, f.firmware_version, f.meter_serial, f.meter_type, f.priority, f.reporter_id, f.review_started_at, f.severity, f.status, f.steps_to_reproduce, f.submitted_at, f.summary, f.updated_at, f.validation_started_at, u.id AS id0, u.created_at AS created_at0, u.department, u.email, u.first_name, u.is_active, u.last_login_at, u.last_name, u.password_hash, u.phone_number, u.role, u.updated_at AS updated_at0, u0.id AS id1, u0.created_at AS created_at1, u0.department AS department0, u0.email AS email0, u0.first_name AS first_name0, u0.is_active AS is_active0, u0.last_login_at AS last_login_at0, u0.last_name AS last_name0, u0.password_hash AS password_hash0, u0.phone_number AS phone_number0, u0.role AS role0, u0.updated_at AS updated_at1
    FROM field_issues AS f
    INNER JOIN users AS u ON f.reporter_id = u.id
    LEFT JOIN users AS u0 ON f.assigned_developer_id = u0.id
    WHERE f.id = @__id_0
    LIMIT 1
) AS s
LEFT JOIN (
    SELECT a.id, a.comments, a.created_at, a.decided_at, a.decision, a.field_issue_id, a.reviewer_id, a.updated_at, u1.id AS id0, u1.created_at AS created_at0, u1.department, u1.email, u1.first_name, u1.is_active, u1.last_login_at, u1.last_name, u1.password_hash, u1.phone_number, u1.role, u1.updated_at AS updated_at0
    FROM approvals AS a
    INNER JOIN users AS u1 ON a.reviewer_id = u1.id
) AS s0 ON s.id = s0.field_issue_id
LEFT JOIN (
    SELECT c.id, c.author_id, c.content, c.created_at, c.field_issue_id, c.is_internal, c.parent_comment_id, c.updated_at, u2.id AS id0, u2.created_at AS created_at0, u2.department, u2.email, u2.first_name, u2.is_active, u2.last_login_at, u2.last_name, u2.password_hash, u2.phone_number, u2.role, u2.updated_at AS updated_at0
    FROM comments AS c
    INNER JOIN users AS u2 ON c.author_id = u2.id
) AS s1 ON s.id = s1.field_issue_id
LEFT JOIN (
    SELECT a0.id, a0.content_type, a0.created_at, a0.description, a0.field_issue_id, a0.file_name, a0.file_size_bytes, a0.original_file_name, a0.storage_path, a0.updated_at, a0.uploaded_by_id, u3.id AS id0, u3.created_at AS created_at0, u3.department, u3.email, u3.first_name, u3.is_active, u3.last_login_at, u3.last_name, u3.password_hash, u3.phone_number, u3.role, u3.updated_at AS updated_at0
    FROM attachments AS a0
    INNER JOIN users AS u3 ON a0.uploaded_by_id = u3.id
) AS s2 ON s.id = s2.field_issue_id
LEFT JOIN (
    SELECT d.id, d.author_id, d.content, d.created_at, d.field_issue_id, d.firmware_version, d.fix, d.is_resolution_note, d.root_cause, d.updated_at, u4.id AS id0, u4.created_at AS created_at0, u4.department, u4.email, u4.first_name, u4.is_active, u4.last_login_at, u4.last_name, u4.password_hash, u4.phone_number, u4.role, u4.updated_at AS updated_at0
    FROM developer_notes AS d
    INNER JOIN users AS u4 ON d.author_id = u4.id
) AS s3 ON s.id = s3.field_issue_id
LEFT JOIN (
    SELECT v.id, v.created_at, v.field_issue_id, v.firmware_version_tested, v.notes, v.result, v.test_environment, v.updated_at, v.validated_at, v.validator_id, u5.id AS id0, u5.created_at AS created_at0, u5.department, u5.email, u5.first_name, u5.is_active, u5.last_login_at, u5.last_name, u5.password_hash, u5.phone_number, u5.role, u5.updated_at AS updated_at0
    FROM validations AS v
    INNER JOIN users AS u5 ON v.validator_id = u5.id
) AS s4 ON s.id = s4.field_issue_id
LEFT JOIN activity_log AS a1 ON s.id = a1.field_issue_id
ORDER BY s.id, s.id0, s.id1, s0.id, s0.id0, s1.id, s1.id0, s2.id, s2.id0, s3.id, s3.id0, s4.id, s4.id0
2026-07-29 12:25:24.376 +05:30 [INF] HTTP GET /api/issues/2918e1d0-5230-4ec3-8c4a-5671a44003b5 responded 200 in 69.1199 ms
2026-07-29 12:26:10.673 +05:30 [INF] Executed DbCommand (7ms) [Parameters=[], CommandType='"Text"', CommandTimeout='30']
SELECT count(*)::int
FROM field_issues AS f
2026-07-29 12:26:10.682 +05:30 [INF] Executed DbCommand (3ms) [Parameters=[@__p_1='?' (DbType = Int32), @__p_0='?' (DbType = Int32)], CommandType='"Text"', CommandTimeout='30']
SELECT f0.id, f0.actual_behavior, f0.approved_at, f0.assigned_developer_id, f0.category, f0.closed_at, f0.comm_type, f0.created_at, f0.customer_id, f0.customer_site_address, f0.description, f0.development_started_at, f0.expected_behavior, f0.field_observations, f0.issue_number, f0.jira_key, f0.jira_url, f0.firmware_version, f0.meter_serial, f0.meter_type, f0.priority, f0.reporter_id, f0.review_started_at, f0.severity, f0.status, f0.steps_to_reproduce, f0.submitted_at, f0.summary, f0.updated_at, f0.validation_started_at, u.id, u.created_at, u.department, u.email, u.first_name, u.is_active, u.last_login_at, u.last_name, u.password_hash, u.phone_number, u.role, u.updated_at, u0.id, u0.created_at, u0.department, u0.email, u0.first_name, u0.is_active, u0.last_login_at, u0.last_name, u0.password_hash, u0.phone_number, u0.role, u0.updated_at
FROM (
    SELECT f.id, f.actual_behavior, f.approved_at, f.assigned_developer_id, f.category, f.closed_at, f.comm_type, f.created_at, f.customer_id, f.customer_site_address, f.description, f.development_started_at, f.expected_behavior, f.field_observations, f.issue_number, f.jira_key, f.jira_url, f.firmware_version, f.meter_serial, f.meter_type, f.priority, f.reporter_id, f.review_started_at, f.severity, f.status, f.steps_to_reproduce, f.submitted_at, f.summary, f.updated_at, f.validation_started_at
    FROM field_issues AS f
    ORDER BY f.created_at DESC
    LIMIT @__p_1 OFFSET @__p_0
) AS f0
INNER JOIN users AS u ON f0.reporter_id = u.id
LEFT JOIN users AS u0 ON f0.assigned_developer_id = u0.id
ORDER BY f0.created_at DESC
2026-07-29 12:26:10.686 +05:30 [INF] HTTP GET /api/dashboard responded 200 in 33.0918 ms
2026-07-29 12:26:38.627 +05:30 [INF] Executed DbCommand (3ms) [Parameters=[@__email_0='?'], CommandType='"Text"', CommandTimeout='30']
SELECT u.id, u.created_at, u.department, u.email, u.first_name, u.is_active, u.last_login_at, u.last_name, u.password_hash, u.phone_number, u.role, u.updated_at
FROM users AS u
WHERE u.email = @__email_0
LIMIT 1
2026-07-29 12:26:39.029 +05:30 [INF] HTTP POST /api/auth/login responded 200 in 408.3496 ms
2026-07-29 12:26:39.061 +05:30 [INF] Executed DbCommand (1ms) [Parameters=[], CommandType='"Text"', CommandTimeout='30']
SELECT count(*)::int
FROM field_issues AS f
2026-07-29 12:26:39.064 +05:30 [INF] Executed DbCommand (2ms) [Parameters=[@__p_1='?' (DbType = Int32), @__p_0='?' (DbType = Int32)], CommandType='"Text"', CommandTimeout='30']
SELECT f0.id, f0.actual_behavior, f0.approved_at, f0.assigned_developer_id, f0.category, f0.closed_at, f0.comm_type, f0.created_at, f0.customer_id, f0.customer_site_address, f0.description, f0.development_started_at, f0.expected_behavior, f0.field_observations, f0.issue_number, f0.jira_key, f0.jira_url, f0.firmware_version, f0.meter_serial, f0.meter_type, f0.priority, f0.reporter_id, f0.review_started_at, f0.severity, f0.status, f0.steps_to_reproduce, f0.submitted_at, f0.summary, f0.updated_at, f0.validation_started_at, u.id, u.created_at, u.department, u.email, u.first_name, u.is_active, u.last_login_at, u.last_name, u.password_hash, u.phone_number, u.role, u.updated_at, u0.id, u0.created_at, u0.department, u0.email, u0.first_name, u0.is_active, u0.last_login_at, u0.last_name, u0.password_hash, u0.phone_number, u0.role, u0.updated_at
FROM (
    SELECT f.id, f.actual_behavior, f.approved_at, f.assigned_developer_id, f.category, f.closed_at, f.comm_type, f.created_at, f.customer_id, f.customer_site_address, f.description, f.development_started_at, f.expected_behavior, f.field_observations, f.issue_number, f.jira_key, f.jira_url, f.firmware_version, f.meter_serial, f.meter_type, f.priority, f.reporter_id, f.review_started_at, f.severity, f.status, f.steps_to_reproduce, f.submitted_at, f.summary, f.updated_at, f.validation_started_at
    FROM field_issues AS f
    ORDER BY f.created_at DESC
    LIMIT @__p_1 OFFSET @__p_0
) AS f0
INNER JOIN users AS u ON f0.reporter_id = u.id
LEFT JOIN users AS u0 ON f0.assigned_developer_id = u0.id
ORDER BY f0.created_at DESC
2026-07-29 12:26:39.065 +05:30 [INF] HTTP GET /api/dashboard responded 200 in 6.4170 ms
2026-07-29 12:28:43.232 +05:30 [INF] Application is shutting down...
2026-07-29 12:28:47.641 +05:30 [WRN] The WebRootPath was not found: /Users/lalit.tak/Documents/Workspace/FIT/src/FIT.API/wwwroot. Static files may be unavailable.
2026-07-29 12:28:47.760 +05:30 [INF] Now listening on: http://localhost:5000
2026-07-29 12:28:47.761 +05:30 [INF] Application started. Press Ctrl+C to shut down.
2026-07-29 12:28:47.761 +05:30 [INF] Hosting environment: Production
2026-07-29 12:28:47.761 +05:30 [INF] Content root path: /Users/lalit.tak/Documents/Workspace/FIT/src/FIT.API
2026-07-29 12:28:50.989 +05:30 [INF] HTTP POST /api/auth/login responded 200 in 1647.9123 ms
2026-07-29 12:28:51.260 +05:30 [INF] HTTP GET /api/dashboard responded 200 in 234.1354 ms
2026-07-29 12:29:19.210 +05:30 [INF] HTTP GET /api/dashboard responded 200 in 49.9974 ms
2026-07-29 12:29:58.393 +05:30 [INF] HTTP GET /api/dashboard responded 200 in 24.1843 ms
2026-07-29 12:36:11.662 +05:30 [INF] HTTP GET /api/dashboard responded 200 in 43.9286 ms
2026-07-29 13:03:05.099 +05:30 [INF] HTTP GET /api/dashboard responded 200 in 41.9384 ms
2026-07-29 13:04:03.118 +05:30 [INF] HTTP GET /api/dashboard responded 200 in 36.4592 ms
2026-07-29 13:59:09.316 +05:30 [INF] HTTP GET /api/dashboard responded 200 in 82.8552 ms
2026-07-29 14:02:33.178 +05:30 [INF] HTTP GET /api/dashboard responded 200 in 31.0002 ms
2026-07-29 14:07:03.259 +05:30 [INF] HTTP GET /api/dashboard responded 200 in 22.5370 ms
2026-07-29 14:23:44.615 +05:30 [INF] HTTP GET /api/dashboard responded 200 in 216.1712 ms
2026-07-29 14:55:27.779 +05:30 [INF] HTTP GET /api/dashboard responded 200 in 136.0333 ms
2026-07-29 15:08:14.014 +05:30 [INF] HTTP GET /api/dashboard responded 200 in 353.6455 ms
2026-07-29 15:11:21.438 +05:30 [INF] HTTP GET /api/dashboard responded 200 in 51.9617 ms
2026-07-29 15:12:30.865 +05:30 [INF] HTTP GET /api/dashboard responded 200 in 17.3576 ms
2026-07-29 15:17:35.947 +05:30 [INF] HTTP GET /api/dashboard responded 200 in 45.5204 ms
2026-07-29 15:20:41.898 +05:30 [INF] HTTP GET /api/dashboard responded 200 in 67.5170 ms
2026-07-29 15:24:34.769 +05:30 [INF] HTTP GET /api/dashboard responded 200 in 44.7152 ms
2026-07-29 15:26:40.433 +05:30 [INF] HTTP GET /api/dashboard responded 200 in 14.2090 ms
2026-07-29 15:28:44.447 +05:30 [INF] HTTP GET /api/dashboard responded 200 in 8.8372 ms
2026-07-29 15:31:27.647 +05:30 [INF] HTTP GET /api/dashboard responded 200 in 77.9444 ms
2026-07-29 15:33:12.994 +05:30 [WRN] Compiling a query which loads related collections for more than one collection navigation, either via 'Include' or through projection, but no 'QuerySplittingBehavior' has been configured. By default, Entity Framework will use 'QuerySplittingBehavior.SingleQuery', which can potentially result in slow query performance. See https://go.microsoft.com/fwlink/?linkid=2134277 for more information. To identify the query that's triggering this warning call 'ConfigureWarnings(w => w.Throw(RelationalEventId.MultipleCollectionIncludeWarning))'.
2026-07-29 15:33:13.281 +05:30 [INF] HTTP GET /api/issues/65e22d66-9eb9-4ac2-8996-53889b959264 responded 200 in 631.1504 ms
2026-07-29 15:34:36.263 +05:30 [INF] HTTP POST /api/auth/login responded 200 in 689.8313 ms
2026-07-29 15:34:42.749 +05:30 [INF] HTTP GET /api/issues responded 200 in 89.6348 ms
2026-07-29 15:35:01.004 +05:30 [INF] HTTP POST /api/auth/login responded 200 in 425.0048 ms
2026-07-29 15:35:01.034 +05:30 [INF] HTTP GET /api/issues responded 200 in 6.8190 ms
2026-07-29 15:40:53.266 +05:30 [INF] HTTP GET /health responded 200 in 21.8119 ms
2026-07-29 15:41:41.803 +05:30 [ERR] Failed executing DbCommand (23ms) [Parameters=[@__p_1='?' (DbType = Int32), @__p_0='?' (DbType = Int32)], CommandType='"Text"', CommandTimeout='30']
SELECT f0.id, f0.actual_behavior, f0.approved_at, f0.assigned_developer_id, f0.category, f0.closed_at, f0.comm_type, f0.created_at, f0.customer_id, f0.customer_site_address, f0.description, f0.development_started_at, f0.expected_behavior, f0.field_observations, f0.issue_number, f0.jira_key, f0.jira_url, f0.firmware_version, f0.meter_serial, f0.meter_type, f0.priority, f0.reporter_id, f0.review_started_at, f0.severity, f0.status, f0.steps_to_reproduce, f0.submitted_at, f0.summary, f0.updated_at, f0.validation_started_at, u.id, u.created_at, u.department, u.email, u.first_name, u.is_active, u.last_login_at, u.last_name, u.password_hash, u.phone_number, u.role, u.updated_at, u0.id, u0.created_at, u0.department, u0.email, u0.first_name, u0.is_active, u0.last_login_at, u0.last_name, u0.password_hash, u0.phone_number, u0.role, u0.updated_at
FROM (
    SELECT f.id, f.actual_behavior, f.approved_at, f.assigned_developer_id, f.category, f.closed_at, f.comm_type, f.created_at, f.customer_id, f.customer_site_address, f.description, f.development_started_at, f.expected_behavior, f.field_observations, f.issue_number, f.jira_key, f.jira_url, f.firmware_version, f.meter_serial, f.meter_type, f.priority, f.reporter_id, f.review_started_at, f.severity, f.status, f.steps_to_reproduce, f.submitted_at, f.summary, f.updated_at, f.validation_started_at
    FROM field_issues AS f
    ORDER BY f.created_at DESC
    LIMIT @__p_1 OFFSET @__p_0
) AS f0
INNER JOIN users AS u ON f0.reporter_id = u.id
LEFT JOIN users AS u0 ON f0.assigned_developer_id = u0.id
ORDER BY f0.created_at DESC
2026-07-29 15:41:41.845 +05:30 [ERR] An exception occurred while iterating over the results of a query for context type 'FIT.Infrastructure.Persistence.FitDbContext'.
Npgsql.PostgresException (0x80004005): 2201X: OFFSET must not be negative
   at Npgsql.Internal.NpgsqlConnector.ReadMessageLong(Boolean async, DataRowLoadingMode dataRowLoadingMode, Boolean readingNotifications, Boolean isReadingPrependedMessage)
   at System.Runtime.CompilerServices.PoolingAsyncValueTaskMethodBuilder`1.StateMachineBox`1.System.Threading.Tasks.Sources.IValueTaskSource<TResult>.GetResult(Int16 token)
   at Npgsql.NpgsqlDataReader.NextResult(Boolean async, Boolean isConsuming, CancellationToken cancellationToken)
   at Npgsql.NpgsqlDataReader.NextResult(Boolean async, Boolean isConsuming, CancellationToken cancellationToken)
   at Npgsql.NpgsqlCommand.ExecuteReader(Boolean async, CommandBehavior behavior, CancellationToken cancellationToken)
   at Npgsql.NpgsqlCommand.ExecuteReader(Boolean async, CommandBehavior behavior, CancellationToken cancellationToken)
   at Npgsql.NpgsqlCommand.ExecuteDbDataReaderAsync(CommandBehavior behavior, CancellationToken cancellationToken)
   at Microsoft.EntityFrameworkCore.Storage.RelationalCommand.ExecuteReaderAsync(RelationalCommandParameterObject parameterObject, CancellationToken cancellationToken)
   at Microsoft.EntityFrameworkCore.Storage.RelationalCommand.ExecuteReaderAsync(RelationalCommandParameterObject parameterObject, CancellationToken cancellationToken)
   at Microsoft.EntityFrameworkCore.Query.Internal.SingleQueryingEnumerable`1.AsyncEnumerator.InitializeReaderAsync(AsyncEnumerator enumerator, CancellationToken cancellationToken)
   at Npgsql.EntityFrameworkCore.PostgreSQL.Storage.Internal.NpgsqlExecutionStrategy.ExecuteAsync[TState,TResult](TState state, Func`4 operation, Func`4 verifySucceeded, CancellationToken cancellationToken)
   at Microsoft.EntityFrameworkCore.Query.Internal.SingleQueryingEnumerable`1.AsyncEnumerator.MoveNextAsync()
  Exception data:
    Severity: ERROR
    SqlState: 2201X
    MessageText: OFFSET must not be negative
    File: nodeLimit.c
    Line: 373
    Routine: recompute_limits
Npgsql.PostgresException (0x80004005): 2201X: OFFSET must not be negative
   at Npgsql.Internal.NpgsqlConnector.ReadMessageLong(Boolean async, DataRowLoadingMode dataRowLoadingMode, Boolean readingNotifications, Boolean isReadingPrependedMessage)
   at System.Runtime.CompilerServices.PoolingAsyncValueTaskMethodBuilder`1.StateMachineBox`1.System.Threading.Tasks.Sources.IValueTaskSource<TResult>.GetResult(Int16 token)
   at Npgsql.NpgsqlDataReader.NextResult(Boolean async, Boolean isConsuming, CancellationToken cancellationToken)
   at Npgsql.NpgsqlDataReader.NextResult(Boolean async, Boolean isConsuming, CancellationToken cancellationToken)
   at Npgsql.NpgsqlCommand.ExecuteReader(Boolean async, CommandBehavior behavior, CancellationToken cancellationToken)
   at Npgsql.NpgsqlCommand.ExecuteReader(Boolean async, CommandBehavior behavior, CancellationToken cancellationToken)
   at Npgsql.NpgsqlCommand.ExecuteDbDataReaderAsync(CommandBehavior behavior, CancellationToken cancellationToken)
   at Microsoft.EntityFrameworkCore.Storage.RelationalCommand.ExecuteReaderAsync(RelationalCommandParameterObject parameterObject, CancellationToken cancellationToken)
   at Microsoft.EntityFrameworkCore.Storage.RelationalCommand.ExecuteReaderAsync(RelationalCommandParameterObject parameterObject, CancellationToken cancellationToken)
   at Microsoft.EntityFrameworkCore.Query.Internal.SingleQueryingEnumerable`1.AsyncEnumerator.InitializeReaderAsync(AsyncEnumerator enumerator, CancellationToken cancellationToken)
   at Npgsql.EntityFrameworkCore.PostgreSQL.Storage.Internal.NpgsqlExecutionStrategy.ExecuteAsync[TState,TResult](TState state, Func`4 operation, Func`4 verifySucceeded, CancellationToken cancellationToken)
   at Microsoft.EntityFrameworkCore.Query.Internal.SingleQueryingEnumerable`1.AsyncEnumerator.MoveNextAsync()
  Exception data:
    Severity: ERROR
    SqlState: 2201X
    MessageText: OFFSET must not be negative
    File: nodeLimit.c
    Line: 373
    Routine: recompute_limits
2026-07-29 15:41:41.852 +05:30 [ERR] HTTP GET /api/issues responded 500 in 212.1333 ms
Npgsql.PostgresException (0x80004005): 2201X: OFFSET must not be negative
   at Npgsql.Internal.NpgsqlConnector.ReadMessageLong(Boolean async, DataRowLoadingMode dataRowLoadingMode, Boolean readingNotifications, Boolean isReadingPrependedMessage)
   at System.Runtime.CompilerServices.PoolingAsyncValueTaskMethodBuilder`1.StateMachineBox`1.System.Threading.Tasks.Sources.IValueTaskSource<TResult>.GetResult(Int16 token)
   at Npgsql.NpgsqlDataReader.NextResult(Boolean async, Boolean isConsuming, CancellationToken cancellationToken)
   at Npgsql.NpgsqlDataReader.NextResult(Boolean async, Boolean isConsuming, CancellationToken cancellationToken)
   at Npgsql.NpgsqlCommand.ExecuteReader(Boolean async, CommandBehavior behavior, CancellationToken cancellationToken)
   at Npgsql.NpgsqlCommand.ExecuteReader(Boolean async, CommandBehavior behavior, CancellationToken cancellationToken)
   at Npgsql.NpgsqlCommand.ExecuteDbDataReaderAsync(CommandBehavior behavior, CancellationToken cancellationToken)
   at Microsoft.EntityFrameworkCore.Storage.RelationalCommand.ExecuteReaderAsync(RelationalCommandParameterObject parameterObject, CancellationToken cancellationToken)
   at Microsoft.EntityFrameworkCore.Storage.RelationalCommand.ExecuteReaderAsync(RelationalCommandParameterObject parameterObject, CancellationToken cancellationToken)
   at Microsoft.EntityFrameworkCore.Query.Internal.SingleQueryingEnumerable`1.AsyncEnumerator.InitializeReaderAsync(AsyncEnumerator enumerator, CancellationToken cancellationToken)
   at Npgsql.EntityFrameworkCore.PostgreSQL.Storage.Internal.NpgsqlExecutionStrategy.ExecuteAsync[TState,TResult](TState state, Func`4 operation, Func`4 verifySucceeded, CancellationToken cancellationToken)
   at Microsoft.EntityFrameworkCore.Query.Internal.SingleQueryingEnumerable`1.AsyncEnumerator.MoveNextAsync()
   at Microsoft.EntityFrameworkCore.EntityFrameworkQueryableExtensions.ToListAsync[TSource](IQueryable`1 source, CancellationToken cancellationToken)
   at Microsoft.EntityFrameworkCore.EntityFrameworkQueryableExtensions.ToListAsync[TSource](IQueryable`1 source, CancellationToken cancellationToken)
   at FIT.Infrastructure.Persistence.Repositories.FieldIssueRepository.GetAllAsync(FieldIssueFilter filter, CancellationToken ct) in /Users/lalit.tak/Documents/Workspace/FIT/src/FIT.Infrastructure/Persistence/Repositories/FieldIssueRepository.cs:line 44
   at FIT.Application.Features.Issues.Queries.GetIssuesQueryHandler.Handle(GetIssuesQuery request, CancellationToken cancellationToken) in /Users/lalit.tak/Documents/Workspace/FIT/src/FIT.Application/Features/Issues/Queries/GetIssuesQuery.cs:line 53
   at FIT.API.Controllers.IssuesController.GetAll(GetIssuesQuery query, CancellationToken ct) in /Users/lalit.tak/Documents/Workspace/FIT/src/FIT.API/Controllers/IssuesController.cs:line 30
   at Microsoft.AspNetCore.Mvc.Infrastructure.ActionMethodExecutor.TaskOfIActionResultExecutor.Execute(ActionContext actionContext, IActionResultTypeMapper mapper, ObjectMethodExecutor executor, Object controller, Object[] arguments)
   at Microsoft.AspNetCore.Mvc.Infrastructure.ControllerActionInvoker.<InvokeActionMethodAsync>g__Awaited|12_0(ControllerActionInvoker invoker, ValueTask`1 actionResultValueTask)
   at Microsoft.AspNetCore.Mvc.Infrastructure.ControllerActionInvoker.<InvokeNextActionFilterAsync>g__Awaited|10_0(ControllerActionInvoker invoker, Task lastTask, State next, Scope scope, Object state, Boolean isCompleted)
   at Microsoft.AspNetCore.Mvc.Infrastructure.ControllerActionInvoker.Rethrow(ActionExecutedContextSealed context)
   at Microsoft.AspNetCore.Mvc.Infrastructure.ControllerActionInvoker.Next(State& next, Scope& scope, Object& state, Boolean& isCompleted)
   at Microsoft.AspNetCore.Mvc.Infrastructure.ControllerActionInvoker.<InvokeInnerFilterAsync>g__Awaited|13_0(ControllerActionInvoker invoker, Task lastTask, State next, Scope scope, Object state, Boolean isCompleted)
   at Microsoft.AspNetCore.Mvc.Infrastructure.ResourceInvoker.<InvokeFilterPipelineAsync>g__Awaited|20_0(ResourceInvoker invoker, Task lastTask, State next, Scope scope, Object state, Boolean isCompleted)
   at Microsoft.AspNetCore.Mvc.Infrastructure.ResourceInvoker.<InvokeAsync>g__Awaited|17_0(ResourceInvoker invoker, Task task, IDisposable scope)
   at Microsoft.AspNetCore.Mvc.Infrastructure.ResourceInvoker.<InvokeAsync>g__Awaited|17_0(ResourceInvoker invoker, Task task, IDisposable scope)
   at Microsoft.AspNetCore.Authorization.AuthorizationMiddleware.Invoke(HttpContext context)
   at Microsoft.AspNetCore.Authentication.AuthenticationMiddleware.Invoke(HttpContext context)
   at Serilog.AspNetCore.RequestLoggingMiddleware.Invoke(HttpContext httpContext)
  Exception data:
    Severity: ERROR
    SqlState: 2201X
    MessageText: OFFSET must not be negative
    File: nodeLimit.c
    Line: 373
    Routine: recompute_limits
2026-07-29 15:41:41.879 +05:30 [ERR] An unhandled exception has occurred while executing the request.
Npgsql.PostgresException (0x80004005): 2201X: OFFSET must not be negative
   at Npgsql.Internal.NpgsqlConnector.ReadMessageLong(Boolean async, DataRowLoadingMode dataRowLoadingMode, Boolean readingNotifications, Boolean isReadingPrependedMessage)
   at System.Runtime.CompilerServices.PoolingAsyncValueTaskMethodBuilder`1.StateMachineBox`1.System.Threading.Tasks.Sources.IValueTaskSource<TResult>.GetResult(Int16 token)
   at Npgsql.NpgsqlDataReader.NextResult(Boolean async, Boolean isConsuming, CancellationToken cancellationToken)
   at Npgsql.NpgsqlDataReader.NextResult(Boolean async, Boolean isConsuming, CancellationToken cancellationToken)
   at Npgsql.NpgsqlCommand.ExecuteReader(Boolean async, CommandBehavior behavior, CancellationToken cancellationToken)
   at Npgsql.NpgsqlCommand.ExecuteReader(Boolean async, CommandBehavior behavior, CancellationToken cancellationToken)
   at Npgsql.NpgsqlCommand.ExecuteDbDataReaderAsync(CommandBehavior behavior, CancellationToken cancellationToken)
   at Microsoft.EntityFrameworkCore.Storage.RelationalCommand.ExecuteReaderAsync(RelationalCommandParameterObject parameterObject, CancellationToken cancellationToken)
   at Microsoft.EntityFrameworkCore.Storage.RelationalCommand.ExecuteReaderAsync(RelationalCommandParameterObject parameterObject, CancellationToken cancellationToken)
   at Microsoft.EntityFrameworkCore.Query.Internal.SingleQueryingEnumerable`1.AsyncEnumerator.InitializeReaderAsync(AsyncEnumerator enumerator, CancellationToken cancellationToken)
   at Npgsql.EntityFrameworkCore.PostgreSQL.Storage.Internal.NpgsqlExecutionStrategy.ExecuteAsync[TState,TResult](TState state, Func`4 operation, Func`4 verifySucceeded, CancellationToken cancellationToken)
   at Microsoft.EntityFrameworkCore.Query.Internal.SingleQueryingEnumerable`1.AsyncEnumerator.MoveNextAsync()
   at Microsoft.EntityFrameworkCore.EntityFrameworkQueryableExtensions.ToListAsync[TSource](IQueryable`1 source, CancellationToken cancellationToken)
   at Microsoft.EntityFrameworkCore.EntityFrameworkQueryableExtensions.ToListAsync[TSource](IQueryable`1 source, CancellationToken cancellationToken)
   at FIT.Infrastructure.Persistence.Repositories.FieldIssueRepository.GetAllAsync(FieldIssueFilter filter, CancellationToken ct) in /Users/lalit.tak/Documents/Workspace/FIT/src/FIT.Infrastructure/Persistence/Repositories/FieldIssueRepository.cs:line 44
   at FIT.Application.Features.Issues.Queries.GetIssuesQueryHandler.Handle(GetIssuesQuery request, CancellationToken cancellationToken) in /Users/lalit.tak/Documents/Workspace/FIT/src/FIT.Application/Features/Issues/Queries/GetIssuesQuery.cs:line 53
   at FIT.API.Controllers.IssuesController.GetAll(GetIssuesQuery query, CancellationToken ct) in /Users/lalit.tak/Documents/Workspace/FIT/src/FIT.API/Controllers/IssuesController.cs:line 30
   at Microsoft.AspNetCore.Mvc.Infrastructure.ActionMethodExecutor.TaskOfIActionResultExecutor.Execute(ActionContext actionContext, IActionResultTypeMapper mapper, ObjectMethodExecutor executor, Object controller, Object[] arguments)
   at Microsoft.AspNetCore.Mvc.Infrastructure.ControllerActionInvoker.<InvokeActionMethodAsync>g__Awaited|12_0(ControllerActionInvoker invoker, ValueTask`1 actionResultValueTask)
   at Microsoft.AspNetCore.Mvc.Infrastructure.ControllerActionInvoker.<InvokeNextActionFilterAsync>g__Awaited|10_0(ControllerActionInvoker invoker, Task lastTask, State next, Scope scope, Object state, Boolean isCompleted)
   at Microsoft.AspNetCore.Mvc.Infrastructure.ControllerActionInvoker.Rethrow(ActionExecutedContextSealed context)
   at Microsoft.AspNetCore.Mvc.Infrastructure.ControllerActionInvoker.Next(State& next, Scope& scope, Object& state, Boolean& isCompleted)
   at Microsoft.AspNetCore.Mvc.Infrastructure.ControllerActionInvoker.<InvokeInnerFilterAsync>g__Awaited|13_0(ControllerActionInvoker invoker, Task lastTask, State next, Scope scope, Object state, Boolean isCompleted)
   at Microsoft.AspNetCore.Mvc.Infrastructure.ResourceInvoker.<InvokeFilterPipelineAsync>g__Awaited|20_0(ResourceInvoker invoker, Task lastTask, State next, Scope scope, Object state, Boolean isCompleted)
   at Microsoft.AspNetCore.Mvc.Infrastructure.ResourceInvoker.<InvokeAsync>g__Awaited|17_0(ResourceInvoker invoker, Task task, IDisposable scope)
   at Microsoft.AspNetCore.Mvc.Infrastructure.ResourceInvoker.<InvokeAsync>g__Awaited|17_0(ResourceInvoker invoker, Task task, IDisposable scope)
   at Microsoft.AspNetCore.Authorization.AuthorizationMiddleware.Invoke(HttpContext context)
   at Microsoft.AspNetCore.Authentication.AuthenticationMiddleware.Invoke(HttpContext context)
   at Serilog.AspNetCore.RequestLoggingMiddleware.Invoke(HttpContext httpContext)
   at Microsoft.AspNetCore.Diagnostics.ExceptionHandlerMiddlewareImpl.<Invoke>g__Awaited|10_0(ExceptionHandlerMiddlewareImpl middleware, HttpContext context, Task task)
  Exception data:
    Severity: ERROR
    SqlState: 2201X
    MessageText: OFFSET must not be negative
    File: nodeLimit.c
    Line: 373
    Routine: recompute_limits
2026-07-29 15:41:41.888 +05:30 [ERR] Unhandled exception
Npgsql.PostgresException (0x80004005): 2201X: OFFSET must not be negative
   at Npgsql.Internal.NpgsqlConnector.ReadMessageLong(Boolean async, DataRowLoadingMode dataRowLoadingMode, Boolean readingNotifications, Boolean isReadingPrependedMessage)
   at System.Runtime.CompilerServices.PoolingAsyncValueTaskMethodBuilder`1.StateMachineBox`1.System.Threading.Tasks.Sources.IValueTaskSource<TResult>.GetResult(Int16 token)
   at Npgsql.NpgsqlDataReader.NextResult(Boolean async, Boolean isConsuming, CancellationToken cancellationToken)
   at Npgsql.NpgsqlDataReader.NextResult(Boolean async, Boolean isConsuming, CancellationToken cancellationToken)
   at Npgsql.NpgsqlCommand.ExecuteReader(Boolean async, CommandBehavior behavior, CancellationToken cancellationToken)
   at Npgsql.NpgsqlCommand.ExecuteReader(Boolean async, CommandBehavior behavior, CancellationToken cancellationToken)
   at Npgsql.NpgsqlCommand.ExecuteDbDataReaderAsync(CommandBehavior behavior, CancellationToken cancellationToken)
   at Microsoft.EntityFrameworkCore.Storage.RelationalCommand.ExecuteReaderAsync(RelationalCommandParameterObject parameterObject, CancellationToken cancellationToken)
   at Microsoft.EntityFrameworkCore.Storage.RelationalCommand.ExecuteReaderAsync(RelationalCommandParameterObject parameterObject, CancellationToken cancellationToken)
   at Microsoft.EntityFrameworkCore.Query.Internal.SingleQueryingEnumerable`1.AsyncEnumerator.InitializeReaderAsync(AsyncEnumerator enumerator, CancellationToken cancellationToken)
   at Npgsql.EntityFrameworkCore.PostgreSQL.Storage.Internal.NpgsqlExecutionStrategy.ExecuteAsync[TState,TResult](TState state, Func`4 operation, Func`4 verifySucceeded, CancellationToken cancellationToken)
   at Microsoft.EntityFrameworkCore.Query.Internal.SingleQueryingEnumerable`1.AsyncEnumerator.MoveNextAsync()
   at Microsoft.EntityFrameworkCore.EntityFrameworkQueryableExtensions.ToListAsync[TSource](IQueryable`1 source, CancellationToken cancellationToken)
   at Microsoft.EntityFrameworkCore.EntityFrameworkQueryableExtensions.ToListAsync[TSource](IQueryable`1 source, CancellationToken cancellationToken)
   at FIT.Infrastructure.Persistence.Repositories.FieldIssueRepository.GetAllAsync(FieldIssueFilter filter, CancellationToken ct) in /Users/lalit.tak/Documents/Workspace/FIT/src/FIT.Infrastructure/Persistence/Repositories/FieldIssueRepository.cs:line 44
   at FIT.Application.Features.Issues.Queries.GetIssuesQueryHandler.Handle(GetIssuesQuery request, CancellationToken cancellationToken) in /Users/lalit.tak/Documents/Workspace/FIT/src/FIT.Application/Features/Issues/Queries/GetIssuesQuery.cs:line 53
   at FIT.API.Controllers.IssuesController.GetAll(GetIssuesQuery query, CancellationToken ct) in /Users/lalit.tak/Documents/Workspace/FIT/src/FIT.API/Controllers/IssuesController.cs:line 30
   at Microsoft.AspNetCore.Mvc.Infrastructure.ActionMethodExecutor.TaskOfIActionResultExecutor.Execute(ActionContext actionContext, IActionResultTypeMapper mapper, ObjectMethodExecutor executor, Object controller, Object[] arguments)
   at Microsoft.AspNetCore.Mvc.Infrastructure.ControllerActionInvoker.<InvokeActionMethodAsync>g__Awaited|12_0(ControllerActionInvoker invoker, ValueTask`1 actionResultValueTask)
   at Microsoft.AspNetCore.Mvc.Infrastructure.ControllerActionInvoker.<InvokeNextActionFilterAsync>g__Awaited|10_0(ControllerActionInvoker invoker, Task lastTask, State next, Scope scope, Object state, Boolean isCompleted)
   at Microsoft.AspNetCore.Mvc.Infrastructure.ControllerActionInvoker.Rethrow(ActionExecutedContextSealed context)
   at Microsoft.AspNetCore.Mvc.Infrastructure.ControllerActionInvoker.Next(State& next, Scope& scope, Object& state, Boolean& isCompleted)
   at Microsoft.AspNetCore.Mvc.Infrastructure.ControllerActionInvoker.<InvokeInnerFilterAsync>g__Awaited|13_0(ControllerActionInvoker invoker, Task lastTask, State next, Scope scope, Object state, Boolean isCompleted)
   at Microsoft.AspNetCore.Mvc.Infrastructure.ResourceInvoker.<InvokeFilterPipelineAsync>g__Awaited|20_0(ResourceInvoker invoker, Task lastTask, State next, Scope scope, Object state, Boolean isCompleted)
   at Microsoft.AspNetCore.Mvc.Infrastructure.ResourceInvoker.<InvokeAsync>g__Awaited|17_0(ResourceInvoker invoker, Task task, IDisposable scope)
   at Microsoft.AspNetCore.Mvc.Infrastructure.ResourceInvoker.<InvokeAsync>g__Awaited|17_0(ResourceInvoker invoker, Task task, IDisposable scope)
   at Microsoft.AspNetCore.Authorization.AuthorizationMiddleware.Invoke(HttpContext context)
   at Microsoft.AspNetCore.Authentication.AuthenticationMiddleware.Invoke(HttpContext context)
   at Serilog.AspNetCore.RequestLoggingMiddleware.Invoke(HttpContext httpContext)
   at Microsoft.AspNetCore.Diagnostics.ExceptionHandlerMiddlewareImpl.<Invoke>g__Awaited|10_0(ExceptionHandlerMiddlewareImpl middleware, HttpContext context, Task task)
  Exception data:
    Severity: ERROR
    SqlState: 2201X
    MessageText: OFFSET must not be negative
    File: nodeLimit.c
    Line: 373
    Routine: recompute_limits
2026-07-29 15:41:51.107 +05:30 [ERR] Failed executing DbCommand (4ms) [Parameters=[@__p_1='?' (DbType = Int32), @__p_0='?' (DbType = Int32)], CommandType='"Text"', CommandTimeout='30']
SELECT f0.id, f0.actual_behavior, f0.approved_at, f0.assigned_developer_id, f0.category, f0.closed_at, f0.comm_type, f0.created_at, f0.customer_id, f0.customer_site_address, f0.description, f0.development_started_at, f0.expected_behavior, f0.field_observations, f0.issue_number, f0.jira_key, f0.jira_url, f0.firmware_version, f0.meter_serial, f0.meter_type, f0.priority, f0.reporter_id, f0.review_started_at, f0.severity, f0.status, f0.steps_to_reproduce, f0.submitted_at, f0.summary, f0.updated_at, f0.validation_started_at, u.id, u.created_at, u.department, u.email, u.first_name, u.is_active, u.last_login_at, u.last_name, u.password_hash, u.phone_number, u.role, u.updated_at, u0.id, u0.created_at, u0.department, u0.email, u0.first_name, u0.is_active, u0.last_login_at, u0.last_name, u0.password_hash, u0.phone_number, u0.role, u0.updated_at
FROM (
    SELECT f.id, f.actual_behavior, f.approved_at, f.assigned_developer_id, f.category, f.closed_at, f.comm_type, f.created_at, f.customer_id, f.customer_site_address, f.description, f.development_started_at, f.expected_behavior, f.field_observations, f.issue_number, f.jira_key, f.jira_url, f.firmware_version, f.meter_serial, f.meter_type, f.priority, f.reporter_id, f.review_started_at, f.severity, f.status, f.steps_to_reproduce, f.submitted_at, f.summary, f.updated_at, f.validation_started_at
    FROM field_issues AS f
    ORDER BY f.created_at DESC
    LIMIT @__p_1 OFFSET @__p_0
) AS f0
INNER JOIN users AS u ON f0.reporter_id = u.id
LEFT JOIN users AS u0 ON f0.assigned_developer_id = u0.id
ORDER BY f0.created_at DESC
2026-07-29 15:41:51.111 +05:30 [ERR] An exception occurred while iterating over the results of a query for context type 'FIT.Infrastructure.Persistence.FitDbContext'.
Npgsql.PostgresException (0x80004005): 2201X: OFFSET must not be negative
   at Npgsql.Internal.NpgsqlConnector.ReadMessageLong(Boolean async, DataRowLoadingMode dataRowLoadingMode, Boolean readingNotifications, Boolean isReadingPrependedMessage)
   at System.Runtime.CompilerServices.PoolingAsyncValueTaskMethodBuilder`1.StateMachineBox`1.System.Threading.Tasks.Sources.IValueTaskSource<TResult>.GetResult(Int16 token)
   at Npgsql.NpgsqlDataReader.NextResult(Boolean async, Boolean isConsuming, CancellationToken cancellationToken)
   at Npgsql.NpgsqlDataReader.NextResult(Boolean async, Boolean isConsuming, CancellationToken cancellationToken)
   at Npgsql.NpgsqlCommand.ExecuteReader(Boolean async, CommandBehavior behavior, CancellationToken cancellationToken)
   at Npgsql.NpgsqlCommand.ExecuteReader(Boolean async, CommandBehavior behavior, CancellationToken cancellationToken)
   at Npgsql.NpgsqlCommand.ExecuteDbDataReaderAsync(CommandBehavior behavior, CancellationToken cancellationToken)
   at Microsoft.EntityFrameworkCore.Storage.RelationalCommand.ExecuteReaderAsync(RelationalCommandParameterObject parameterObject, CancellationToken cancellationToken)
   at Microsoft.EntityFrameworkCore.Storage.RelationalCommand.ExecuteReaderAsync(RelationalCommandParameterObject parameterObject, CancellationToken cancellationToken)
   at Microsoft.EntityFrameworkCore.Query.Internal.SingleQueryingEnumerable`1.AsyncEnumerator.InitializeReaderAsync(AsyncEnumerator enumerator, CancellationToken cancellationToken)
   at Npgsql.EntityFrameworkCore.PostgreSQL.Storage.Internal.NpgsqlExecutionStrategy.ExecuteAsync[TState,TResult](TState state, Func`4 operation, Func`4 verifySucceeded, CancellationToken cancellationToken)
   at Microsoft.EntityFrameworkCore.Query.Internal.SingleQueryingEnumerable`1.AsyncEnumerator.MoveNextAsync()
  Exception data:
    Severity: ERROR
    SqlState: 2201X
    MessageText: OFFSET must not be negative
    File: nodeLimit.c
    Line: 373
    Routine: recompute_limits
Npgsql.PostgresException (0x80004005): 2201X: OFFSET must not be negative
   at Npgsql.Internal.NpgsqlConnector.ReadMessageLong(Boolean async, DataRowLoadingMode dataRowLoadingMode, Boolean readingNotifications, Boolean isReadingPrependedMessage)
   at System.Runtime.CompilerServices.PoolingAsyncValueTaskMethodBuilder`1.StateMachineBox`1.System.Threading.Tasks.Sources.IValueTaskSource<TResult>.GetResult(Int16 token)
   at Npgsql.NpgsqlDataReader.NextResult(Boolean async, Boolean isConsuming, CancellationToken cancellationToken)
   at Npgsql.NpgsqlDataReader.NextResult(Boolean async, Boolean isConsuming, CancellationToken cancellationToken)
   at Npgsql.NpgsqlCommand.ExecuteReader(Boolean async, CommandBehavior behavior, CancellationToken cancellationToken)
   at Npgsql.NpgsqlCommand.ExecuteReader(Boolean async, CommandBehavior behavior, CancellationToken cancellationToken)
   at Npgsql.NpgsqlCommand.ExecuteDbDataReaderAsync(CommandBehavior behavior, CancellationToken cancellationToken)
   at Microsoft.EntityFrameworkCore.Storage.RelationalCommand.ExecuteReaderAsync(RelationalCommandParameterObject parameterObject, CancellationToken cancellationToken)
   at Microsoft.EntityFrameworkCore.Storage.RelationalCommand.ExecuteReaderAsync(RelationalCommandParameterObject parameterObject, CancellationToken cancellationToken)
   at Microsoft.EntityFrameworkCore.Query.Internal.SingleQueryingEnumerable`1.AsyncEnumerator.InitializeReaderAsync(AsyncEnumerator enumerator, CancellationToken cancellationToken)
   at Npgsql.EntityFrameworkCore.PostgreSQL.Storage.Internal.NpgsqlExecutionStrategy.ExecuteAsync[TState,TResult](TState state, Func`4 operation, Func`4 verifySucceeded, CancellationToken cancellationToken)
   at Microsoft.EntityFrameworkCore.Query.Internal.SingleQueryingEnumerable`1.AsyncEnumerator.MoveNextAsync()
  Exception data:
    Severity: ERROR
    SqlState: 2201X
    MessageText: OFFSET must not be negative
    File: nodeLimit.c
    Line: 373
    Routine: recompute_limits
2026-07-29 15:41:51.113 +05:30 [ERR] HTTP GET /api/issues responded 500 in 19.7548 ms
Npgsql.PostgresException (0x80004005): 2201X: OFFSET must not be negative
   at Npgsql.Internal.NpgsqlConnector.ReadMessageLong(Boolean async, DataRowLoadingMode dataRowLoadingMode, Boolean readingNotifications, Boolean isReadingPrependedMessage)
   at System.Runtime.CompilerServices.PoolingAsyncValueTaskMethodBuilder`1.StateMachineBox`1.System.Threading.Tasks.Sources.IValueTaskSource<TResult>.GetResult(Int16 token)
   at Npgsql.NpgsqlDataReader.NextResult(Boolean async, Boolean isConsuming, CancellationToken cancellationToken)
   at Npgsql.NpgsqlDataReader.NextResult(Boolean async, Boolean isConsuming, CancellationToken cancellationToken)
   at Npgsql.NpgsqlCommand.ExecuteReader(Boolean async, CommandBehavior behavior, CancellationToken cancellationToken)
   at Npgsql.NpgsqlCommand.ExecuteReader(Boolean async, CommandBehavior behavior, CancellationToken cancellationToken)
   at Npgsql.NpgsqlCommand.ExecuteDbDataReaderAsync(CommandBehavior behavior, CancellationToken cancellationToken)
   at Microsoft.EntityFrameworkCore.Storage.RelationalCommand.ExecuteReaderAsync(RelationalCommandParameterObject parameterObject, CancellationToken cancellationToken)
   at Microsoft.EntityFrameworkCore.Storage.RelationalCommand.ExecuteReaderAsync(RelationalCommandParameterObject parameterObject, CancellationToken cancellationToken)
   at Microsoft.EntityFrameworkCore.Query.Internal.SingleQueryingEnumerable`1.AsyncEnumerator.InitializeReaderAsync(AsyncEnumerator enumerator, CancellationToken cancellationToken)
   at Npgsql.EntityFrameworkCore.PostgreSQL.Storage.Internal.NpgsqlExecutionStrategy.ExecuteAsync[TState,TResult](TState state, Func`4 operation, Func`4 verifySucceeded, CancellationToken cancellationToken)
   at Microsoft.EntityFrameworkCore.Query.Internal.SingleQueryingEnumerable`1.AsyncEnumerator.MoveNextAsync()
   at Microsoft.EntityFrameworkCore.EntityFrameworkQueryableExtensions.ToListAsync[TSource](IQueryable`1 source, CancellationToken cancellationToken)
   at Microsoft.EntityFrameworkCore.EntityFrameworkQueryableExtensions.ToListAsync[TSource](IQueryable`1 source, CancellationToken cancellationToken)
   at FIT.Infrastructure.Persistence.Repositories.FieldIssueRepository.GetAllAsync(FieldIssueFilter filter, CancellationToken ct) in /Users/lalit.tak/Documents/Workspace/FIT/src/FIT.Infrastructure/Persistence/Repositories/FieldIssueRepository.cs:line 44
   at FIT.Application.Features.Issues.Queries.GetIssuesQueryHandler.Handle(GetIssuesQuery request, CancellationToken cancellationToken) in /Users/lalit.tak/Documents/Workspace/FIT/src/FIT.Application/Features/Issues/Queries/GetIssuesQuery.cs:line 53
   at FIT.API.Controllers.IssuesController.GetAll(GetIssuesQuery query, CancellationToken ct) in /Users/lalit.tak/Documents/Workspace/FIT/src/FIT.API/Controllers/IssuesController.cs:line 30
   at Microsoft.AspNetCore.Mvc.Infrastructure.ActionMethodExecutor.TaskOfIActionResultExecutor.Execute(ActionContext actionContext, IActionResultTypeMapper mapper, ObjectMethodExecutor executor, Object controller, Object[] arguments)
   at Microsoft.AspNetCore.Mvc.Infrastructure.ControllerActionInvoker.<InvokeActionMethodAsync>g__Awaited|12_0(ControllerActionInvoker invoker, ValueTask`1 actionResultValueTask)
   at Microsoft.AspNetCore.Mvc.Infrastructure.ControllerActionInvoker.<InvokeNextActionFilterAsync>g__Awaited|10_0(ControllerActionInvoker invoker, Task lastTask, State next, Scope scope, Object state, Boolean isCompleted)
   at Microsoft.AspNetCore.Mvc.Infrastructure.ControllerActionInvoker.Rethrow(ActionExecutedContextSealed context)
   at Microsoft.AspNetCore.Mvc.Infrastructure.ControllerActionInvoker.Next(State& next, Scope& scope, Object& state, Boolean& isCompleted)
   at Microsoft.AspNetCore.Mvc.Infrastructure.ControllerActionInvoker.<InvokeInnerFilterAsync>g__Awaited|13_0(ControllerActionInvoker invoker, Task lastTask, State next, Scope scope, Object state, Boolean isCompleted)
   at Microsoft.AspNetCore.Mvc.Infrastructure.ResourceInvoker.<InvokeFilterPipelineAsync>g__Awaited|20_0(ResourceInvoker invoker, Task lastTask, State next, Scope scope, Object state, Boolean isCompleted)
   at Microsoft.AspNetCore.Mvc.Infrastructure.ResourceInvoker.<InvokeAsync>g__Awaited|17_0(ResourceInvoker invoker, Task task, IDisposable scope)
   at Microsoft.AspNetCore.Mvc.Infrastructure.ResourceInvoker.<InvokeAsync>g__Awaited|17_0(ResourceInvoker invoker, Task task, IDisposable scope)
   at Microsoft.AspNetCore.Authorization.AuthorizationMiddleware.Invoke(HttpContext context)
   at Microsoft.AspNetCore.Authentication.AuthenticationMiddleware.Invoke(HttpContext context)
   at Serilog.AspNetCore.RequestLoggingMiddleware.Invoke(HttpContext httpContext)
  Exception data:
    Severity: ERROR
    SqlState: 2201X
    MessageText: OFFSET must not be negative
    File: nodeLimit.c
    Line: 373
    Routine: recompute_limits
2026-07-29 15:41:51.116 +05:30 [ERR] An unhandled exception has occurred while executing the request.
Npgsql.PostgresException (0x80004005): 2201X: OFFSET must not be negative
   at Npgsql.Internal.NpgsqlConnector.ReadMessageLong(Boolean async, DataRowLoadingMode dataRowLoadingMode, Boolean readingNotifications, Boolean isReadingPrependedMessage)
   at System.Runtime.CompilerServices.PoolingAsyncValueTaskMethodBuilder`1.StateMachineBox`1.System.Threading.Tasks.Sources.IValueTaskSource<TResult>.GetResult(Int16 token)
   at Npgsql.NpgsqlDataReader.NextResult(Boolean async, Boolean isConsuming, CancellationToken cancellationToken)
   at Npgsql.NpgsqlDataReader.NextResult(Boolean async, Boolean isConsuming, CancellationToken cancellationToken)
   at Npgsql.NpgsqlCommand.ExecuteReader(Boolean async, CommandBehavior behavior, CancellationToken cancellationToken)
   at Npgsql.NpgsqlCommand.ExecuteReader(Boolean async, CommandBehavior behavior, CancellationToken cancellationToken)
   at Npgsql.NpgsqlCommand.ExecuteDbDataReaderAsync(CommandBehavior behavior, CancellationToken cancellationToken)
   at Microsoft.EntityFrameworkCore.Storage.RelationalCommand.ExecuteReaderAsync(RelationalCommandParameterObject parameterObject, CancellationToken cancellationToken)
   at Microsoft.EntityFrameworkCore.Storage.RelationalCommand.ExecuteReaderAsync(RelationalCommandParameterObject parameterObject, CancellationToken cancellationToken)
   at Microsoft.EntityFrameworkCore.Query.Internal.SingleQueryingEnumerable`1.AsyncEnumerator.InitializeReaderAsync(AsyncEnumerator enumerator, CancellationToken cancellationToken)
   at Npgsql.EntityFrameworkCore.PostgreSQL.Storage.Internal.NpgsqlExecutionStrategy.ExecuteAsync[TState,TResult](TState state, Func`4 operation, Func`4 verifySucceeded, CancellationToken cancellationToken)
   at Microsoft.EntityFrameworkCore.Query.Internal.SingleQueryingEnumerable`1.AsyncEnumerator.MoveNextAsync()
   at Microsoft.EntityFrameworkCore.EntityFrameworkQueryableExtensions.ToListAsync[TSource](IQueryable`1 source, CancellationToken cancellationToken)
   at Microsoft.EntityFrameworkCore.EntityFrameworkQueryableExtensions.ToListAsync[TSource](IQueryable`1 source, CancellationToken cancellationToken)
   at FIT.Infrastructure.Persistence.Repositories.FieldIssueRepository.GetAllAsync(FieldIssueFilter filter, CancellationToken ct) in /Users/lalit.tak/Documents/Workspace/FIT/src/FIT.Infrastructure/Persistence/Repositories/FieldIssueRepository.cs:line 44
   at FIT.Application.Features.Issues.Queries.GetIssuesQueryHandler.Handle(GetIssuesQuery request, CancellationToken cancellationToken) in /Users/lalit.tak/Documents/Workspace/FIT/src/FIT.Application/Features/Issues/Queries/GetIssuesQuery.cs:line 53
   at FIT.API.Controllers.IssuesController.GetAll(GetIssuesQuery query, CancellationToken ct) in /Users/lalit.tak/Documents/Workspace/FIT/src/FIT.API/Controllers/IssuesController.cs:line 30
   at Microsoft.AspNetCore.Mvc.Infrastructure.ActionMethodExecutor.TaskOfIActionResultExecutor.Execute(ActionContext actionContext, IActionResultTypeMapper mapper, ObjectMethodExecutor executor, Object controller, Object[] arguments)
   at Microsoft.AspNetCore.Mvc.Infrastructure.ControllerActionInvoker.<InvokeActionMethodAsync>g__Awaited|12_0(ControllerActionInvoker invoker, ValueTask`1 actionResultValueTask)
   at Microsoft.AspNetCore.Mvc.Infrastructure.ControllerActionInvoker.<InvokeNextActionFilterAsync>g__Awaited|10_0(ControllerActionInvoker invoker, Task lastTask, State next, Scope scope, Object state, Boolean isCompleted)
   at Microsoft.AspNetCore.Mvc.Infrastructure.ControllerActionInvoker.Rethrow(ActionExecutedContextSealed context)
   at Microsoft.AspNetCore.Mvc.Infrastructure.ControllerActionInvoker.Next(State& next, Scope& scope, Object& state, Boolean& isCompleted)
   at Microsoft.AspNetCore.Mvc.Infrastructure.ControllerActionInvoker.<InvokeInnerFilterAsync>g__Awaited|13_0(ControllerActionInvoker invoker, Task lastTask, State next, Scope scope, Object state, Boolean isCompleted)
   at Microsoft.AspNetCore.Mvc.Infrastructure.ResourceInvoker.<InvokeFilterPipelineAsync>g__Awaited|20_0(ResourceInvoker invoker, Task lastTask, State next, Scope scope, Object state, Boolean isCompleted)
   at Microsoft.AspNetCore.Mvc.Infrastructure.ResourceInvoker.<InvokeAsync>g__Awaited|17_0(ResourceInvoker invoker, Task task, IDisposable scope)
   at Microsoft.AspNetCore.Mvc.Infrastructure.ResourceInvoker.<InvokeAsync>g__Awaited|17_0(ResourceInvoker invoker, Task task, IDisposable scope)
   at Microsoft.AspNetCore.Authorization.AuthorizationMiddleware.Invoke(HttpContext context)
   at Microsoft.AspNetCore.Authentication.AuthenticationMiddleware.Invoke(HttpContext context)
   at Serilog.AspNetCore.RequestLoggingMiddleware.Invoke(HttpContext httpContext)
   at Microsoft.AspNetCore.Diagnostics.ExceptionHandlerMiddlewareImpl.<Invoke>g__Awaited|10_0(ExceptionHandlerMiddlewareImpl middleware, HttpContext context, Task task)
  Exception data:
    Severity: ERROR
    SqlState: 2201X
    MessageText: OFFSET must not be negative
    File: nodeLimit.c
    Line: 373
    Routine: recompute_limits
2026-07-29 15:41:51.120 +05:30 [ERR] Unhandled exception
Npgsql.PostgresException (0x80004005): 2201X: OFFSET must not be negative
   at Npgsql.Internal.NpgsqlConnector.ReadMessageLong(Boolean async, DataRowLoadingMode dataRowLoadingMode, Boolean readingNotifications, Boolean isReadingPrependedMessage)
   at System.Runtime.CompilerServices.PoolingAsyncValueTaskMethodBuilder`1.StateMachineBox`1.System.Threading.Tasks.Sources.IValueTaskSource<TResult>.GetResult(Int16 token)
   at Npgsql.NpgsqlDataReader.NextResult(Boolean async, Boolean isConsuming, CancellationToken cancellationToken)
   at Npgsql.NpgsqlDataReader.NextResult(Boolean async, Boolean isConsuming, CancellationToken cancellationToken)
   at Npgsql.NpgsqlCommand.ExecuteReader(Boolean async, CommandBehavior behavior, CancellationToken cancellationToken)
   at Npgsql.NpgsqlCommand.ExecuteReader(Boolean async, CommandBehavior behavior, CancellationToken cancellationToken)
   at Npgsql.NpgsqlCommand.ExecuteDbDataReaderAsync(CommandBehavior behavior, CancellationToken cancellationToken)
   at Microsoft.EntityFrameworkCore.Storage.RelationalCommand.ExecuteReaderAsync(RelationalCommandParameterObject parameterObject, CancellationToken cancellationToken)
   at Microsoft.EntityFrameworkCore.Storage.RelationalCommand.ExecuteReaderAsync(RelationalCommandParameterObject parameterObject, CancellationToken cancellationToken)
   at Microsoft.EntityFrameworkCore.Query.Internal.SingleQueryingEnumerable`1.AsyncEnumerator.InitializeReaderAsync(AsyncEnumerator enumerator, CancellationToken cancellationToken)
   at Npgsql.EntityFrameworkCore.PostgreSQL.Storage.Internal.NpgsqlExecutionStrategy.ExecuteAsync[TState,TResult](TState state, Func`4 operation, Func`4 verifySucceeded, CancellationToken cancellationToken)
   at Microsoft.EntityFrameworkCore.Query.Internal.SingleQueryingEnumerable`1.AsyncEnumerator.MoveNextAsync()
   at Microsoft.EntityFrameworkCore.EntityFrameworkQueryableExtensions.ToListAsync[TSource](IQueryable`1 source, CancellationToken cancellationToken)
   at Microsoft.EntityFrameworkCore.EntityFrameworkQueryableExtensions.ToListAsync[TSource](IQueryable`1 source, CancellationToken cancellationToken)
   at FIT.Infrastructure.Persistence.Repositories.FieldIssueRepository.GetAllAsync(FieldIssueFilter filter, CancellationToken ct) in /Users/lalit.tak/Documents/Workspace/FIT/src/FIT.Infrastructure/Persistence/Repositories/FieldIssueRepository.cs:line 44
   at FIT.Application.Features.Issues.Queries.GetIssuesQueryHandler.Handle(GetIssuesQuery request, CancellationToken cancellationToken) in /Users/lalit.tak/Documents/Workspace/FIT/src/FIT.Application/Features/Issues/Queries/GetIssuesQuery.cs:line 53
   at FIT.API.Controllers.IssuesController.GetAll(GetIssuesQuery query, CancellationToken ct) in /Users/lalit.tak/Documents/Workspace/FIT/src/FIT.API/Controllers/IssuesController.cs:line 30
   at Microsoft.AspNetCore.Mvc.Infrastructure.ActionMethodExecutor.TaskOfIActionResultExecutor.Execute(ActionContext actionContext, IActionResultTypeMapper mapper, ObjectMethodExecutor executor, Object controller, Object[] arguments)
   at Microsoft.AspNetCore.Mvc.Infrastructure.ControllerActionInvoker.<InvokeActionMethodAsync>g__Awaited|12_0(ControllerActionInvoker invoker, ValueTask`1 actionResultValueTask)
   at Microsoft.AspNetCore.Mvc.Infrastructure.ControllerActionInvoker.<InvokeNextActionFilterAsync>g__Awaited|10_0(ControllerActionInvoker invoker, Task lastTask, State next, Scope scope, Object state, Boolean isCompleted)
   at Microsoft.AspNetCore.Mvc.Infrastructure.ControllerActionInvoker.Rethrow(ActionExecutedContextSealed context)
   at Microsoft.AspNetCore.Mvc.Infrastructure.ControllerActionInvoker.Next(State& next, Scope& scope, Object& state, Boolean& isCompleted)
   at Microsoft.AspNetCore.Mvc.Infrastructure.ControllerActionInvoker.<InvokeInnerFilterAsync>g__Awaited|13_0(ControllerActionInvoker invoker, Task lastTask, State next, Scope scope, Object state, Boolean isCompleted)
   at Microsoft.AspNetCore.Mvc.Infrastructure.ResourceInvoker.<InvokeFilterPipelineAsync>g__Awaited|20_0(ResourceInvoker invoker, Task lastTask, State next, Scope scope, Object state, Boolean isCompleted)
   at Microsoft.AspNetCore.Mvc.Infrastructure.ResourceInvoker.<InvokeAsync>g__Awaited|17_0(ResourceInvoker invoker, Task task, IDisposable scope)
   at Microsoft.AspNetCore.Mvc.Infrastructure.ResourceInvoker.<InvokeAsync>g__Awaited|17_0(ResourceInvoker invoker, Task task, IDisposable scope)
   at Microsoft.AspNetCore.Authorization.AuthorizationMiddleware.Invoke(HttpContext context)
   at Microsoft.AspNetCore.Authentication.AuthenticationMiddleware.Invoke(HttpContext context)
   at Serilog.AspNetCore.RequestLoggingMiddleware.Invoke(HttpContext httpContext)
   at Microsoft.AspNetCore.Diagnostics.ExceptionHandlerMiddlewareImpl.<Invoke>g__Awaited|10_0(ExceptionHandlerMiddlewareImpl middleware, HttpContext context, Task task)
  Exception data:
    Severity: ERROR
    SqlState: 2201X
    MessageText: OFFSET must not be negative
    File: nodeLimit.c
    Line: 373
    Routine: recompute_limits
2026-07-29 15:41:53.283 +05:30 [ERR] Failed executing DbCommand (10ms) [Parameters=[@__p_1='?' (DbType = Int32), @__p_0='?' (DbType = Int32)], CommandType='"Text"', CommandTimeout='30']
SELECT f0.id, f0.actual_behavior, f0.approved_at, f0.assigned_developer_id, f0.category, f0.closed_at, f0.comm_type, f0.created_at, f0.customer_id, f0.customer_site_address, f0.description, f0.development_started_at, f0.expected_behavior, f0.field_observations, f0.issue_number, f0.jira_key, f0.jira_url, f0.firmware_version, f0.meter_serial, f0.meter_type, f0.priority, f0.reporter_id, f0.review_started_at, f0.severity, f0.status, f0.steps_to_reproduce, f0.submitted_at, f0.summary, f0.updated_at, f0.validation_started_at, u.id, u.created_at, u.department, u.email, u.first_name, u.is_active, u.last_login_at, u.last_name, u.password_hash, u.phone_number, u.role, u.updated_at, u0.id, u0.created_at, u0.department, u0.email, u0.first_name, u0.is_active, u0.last_login_at, u0.last_name, u0.password_hash, u0.phone_number, u0.role, u0.updated_at
FROM (
    SELECT f.id, f.actual_behavior, f.approved_at, f.assigned_developer_id, f.category, f.closed_at, f.comm_type, f.created_at, f.customer_id, f.customer_site_address, f.description, f.development_started_at, f.expected_behavior, f.field_observations, f.issue_number, f.jira_key, f.jira_url, f.firmware_version, f.meter_serial, f.meter_type, f.priority, f.reporter_id, f.review_started_at, f.severity, f.status, f.steps_to_reproduce, f.submitted_at, f.summary, f.updated_at, f.validation_started_at
    FROM field_issues AS f
    ORDER BY f.created_at DESC
    LIMIT @__p_1 OFFSET @__p_0
) AS f0
INNER JOIN users AS u ON f0.reporter_id = u.id
LEFT JOIN users AS u0 ON f0.assigned_developer_id = u0.id
ORDER BY f0.created_at DESC
2026-07-29 15:41:53.285 +05:30 [ERR] An exception occurred while iterating over the results of a query for context type 'FIT.Infrastructure.Persistence.FitDbContext'.
Npgsql.PostgresException (0x80004005): 2201X: OFFSET must not be negative
   at Npgsql.Internal.NpgsqlConnector.ReadMessageLong(Boolean async, DataRowLoadingMode dataRowLoadingMode, Boolean readingNotifications, Boolean isReadingPrependedMessage)
   at System.Runtime.CompilerServices.PoolingAsyncValueTaskMethodBuilder`1.StateMachineBox`1.System.Threading.Tasks.Sources.IValueTaskSource<TResult>.GetResult(Int16 token)
   at Npgsql.NpgsqlDataReader.NextResult(Boolean async, Boolean isConsuming, CancellationToken cancellationToken)
   at Npgsql.NpgsqlDataReader.NextResult(Boolean async, Boolean isConsuming, CancellationToken cancellationToken)
   at Npgsql.NpgsqlCommand.ExecuteReader(Boolean async, CommandBehavior behavior, CancellationToken cancellationToken)
   at Npgsql.NpgsqlCommand.ExecuteReader(Boolean async, CommandBehavior behavior, CancellationToken cancellationToken)
   at Npgsql.NpgsqlCommand.ExecuteDbDataReaderAsync(CommandBehavior behavior, CancellationToken cancellationToken)
   at Microsoft.EntityFrameworkCore.Storage.RelationalCommand.ExecuteReaderAsync(RelationalCommandParameterObject parameterObject, CancellationToken cancellationToken)
   at Microsoft.EntityFrameworkCore.Storage.RelationalCommand.ExecuteReaderAsync(RelationalCommandParameterObject parameterObject, CancellationToken cancellationToken)
   at Microsoft.EntityFrameworkCore.Query.Internal.SingleQueryingEnumerable`1.AsyncEnumerator.InitializeReaderAsync(AsyncEnumerator enumerator, CancellationToken cancellationToken)
   at Npgsql.EntityFrameworkCore.PostgreSQL.Storage.Internal.NpgsqlExecutionStrategy.ExecuteAsync[TState,TResult](TState state, Func`4 operation, Func`4 verifySucceeded, CancellationToken cancellationToken)
   at Microsoft.EntityFrameworkCore.Query.Internal.SingleQueryingEnumerable`1.AsyncEnumerator.MoveNextAsync()
  Exception data:
    Severity: ERROR
    SqlState: 2201X
    MessageText: OFFSET must not be negative
    File: nodeLimit.c
    Line: 373
    Routine: recompute_limits
Npgsql.PostgresException (0x80004005): 2201X: OFFSET must not be negative
   at Npgsql.Internal.NpgsqlConnector.ReadMessageLong(Boolean async, DataRowLoadingMode dataRowLoadingMode, Boolean readingNotifications, Boolean isReadingPrependedMessage)
   at System.Runtime.CompilerServices.PoolingAsyncValueTaskMethodBuilder`1.StateMachineBox`1.System.Threading.Tasks.Sources.IValueTaskSource<TResult>.GetResult(Int16 token)
   at Npgsql.NpgsqlDataReader.NextResult(Boolean async, Boolean isConsuming, CancellationToken cancellationToken)
   at Npgsql.NpgsqlDataReader.NextResult(Boolean async, Boolean isConsuming, CancellationToken cancellationToken)
   at Npgsql.NpgsqlCommand.ExecuteReader(Boolean async, CommandBehavior behavior, CancellationToken cancellationToken)
   at Npgsql.NpgsqlCommand.ExecuteReader(Boolean async, CommandBehavior behavior, CancellationToken cancellationToken)
   at Npgsql.NpgsqlCommand.ExecuteDbDataReaderAsync(CommandBehavior behavior, CancellationToken cancellationToken)
   at Microsoft.EntityFrameworkCore.Storage.RelationalCommand.ExecuteReaderAsync(RelationalCommandParameterObject parameterObject, CancellationToken cancellationToken)
   at Microsoft.EntityFrameworkCore.Storage.RelationalCommand.ExecuteReaderAsync(RelationalCommandParameterObject parameterObject, CancellationToken cancellationToken)
   at Microsoft.EntityFrameworkCore.Query.Internal.SingleQueryingEnumerable`1.AsyncEnumerator.InitializeReaderAsync(AsyncEnumerator enumerator, CancellationToken cancellationToken)
   at Npgsql.EntityFrameworkCore.PostgreSQL.Storage.Internal.NpgsqlExecutionStrategy.ExecuteAsync[TState,TResult](TState state, Func`4 operation, Func`4 verifySucceeded, CancellationToken cancellationToken)
   at Microsoft.EntityFrameworkCore.Query.Internal.SingleQueryingEnumerable`1.AsyncEnumerator.MoveNextAsync()
  Exception data:
    Severity: ERROR
    SqlState: 2201X
    MessageText: OFFSET must not be negative
    File: nodeLimit.c
    Line: 373
    Routine: recompute_limits
2026-07-29 15:41:53.288 +05:30 [ERR] HTTP GET /api/issues responded 500 in 25.5168 ms
Npgsql.PostgresException (0x80004005): 2201X: OFFSET must not be negative
   at Npgsql.Internal.NpgsqlConnector.ReadMessageLong(Boolean async, DataRowLoadingMode dataRowLoadingMode, Boolean readingNotifications, Boolean isReadingPrependedMessage)
   at System.Runtime.CompilerServices.PoolingAsyncValueTaskMethodBuilder`1.StateMachineBox`1.System.Threading.Tasks.Sources.IValueTaskSource<TResult>.GetResult(Int16 token)
   at Npgsql.NpgsqlDataReader.NextResult(Boolean async, Boolean isConsuming, CancellationToken cancellationToken)
   at Npgsql.NpgsqlDataReader.NextResult(Boolean async, Boolean isConsuming, CancellationToken cancellationToken)
   at Npgsql.NpgsqlCommand.ExecuteReader(Boolean async, CommandBehavior behavior, CancellationToken cancellationToken)
   at Npgsql.NpgsqlCommand.ExecuteReader(Boolean async, CommandBehavior behavior, CancellationToken cancellationToken)
   at Npgsql.NpgsqlCommand.ExecuteDbDataReaderAsync(CommandBehavior behavior, CancellationToken cancellationToken)
   at Microsoft.EntityFrameworkCore.Storage.RelationalCommand.ExecuteReaderAsync(RelationalCommandParameterObject parameterObject, CancellationToken cancellationToken)
   at Microsoft.EntityFrameworkCore.Storage.RelationalCommand.ExecuteReaderAsync(RelationalCommandParameterObject parameterObject, CancellationToken cancellationToken)
   at Microsoft.EntityFrameworkCore.Query.Internal.SingleQueryingEnumerable`1.AsyncEnumerator.InitializeReaderAsync(AsyncEnumerator enumerator, CancellationToken cancellationToken)
   at Npgsql.EntityFrameworkCore.PostgreSQL.Storage.Internal.NpgsqlExecutionStrategy.ExecuteAsync[TState,TResult](TState state, Func`4 operation, Func`4 verifySucceeded, CancellationToken cancellationToken)
   at Microsoft.EntityFrameworkCore.Query.Internal.SingleQueryingEnumerable`1.AsyncEnumerator.MoveNextAsync()
   at Microsoft.EntityFrameworkCore.EntityFrameworkQueryableExtensions.ToListAsync[TSource](IQueryable`1 source, CancellationToken cancellationToken)
   at Microsoft.EntityFrameworkCore.EntityFrameworkQueryableExtensions.ToListAsync[TSource](IQueryable`1 source, CancellationToken cancellationToken)
   at FIT.Infrastructure.Persistence.Repositories.FieldIssueRepository.GetAllAsync(FieldIssueFilter filter, CancellationToken ct) in /Users/lalit.tak/Documents/Workspace/FIT/src/FIT.Infrastructure/Persistence/Repositories/FieldIssueRepository.cs:line 44
   at FIT.Application.Features.Issues.Queries.GetIssuesQueryHandler.Handle(GetIssuesQuery request, CancellationToken cancellationToken) in /Users/lalit.tak/Documents/Workspace/FIT/src/FIT.Application/Features/Issues/Queries/GetIssuesQuery.cs:line 53
   at FIT.API.Controllers.IssuesController.GetAll(GetIssuesQuery query, CancellationToken ct) in /Users/lalit.tak/Documents/Workspace/FIT/src/FIT.API/Controllers/IssuesController.cs:line 30
   at Microsoft.AspNetCore.Mvc.Infrastructure.ActionMethodExecutor.TaskOfIActionResultExecutor.Execute(ActionContext actionContext, IActionResultTypeMapper mapper, ObjectMethodExecutor executor, Object controller, Object[] arguments)
   at Microsoft.AspNetCore.Mvc.Infrastructure.ControllerActionInvoker.<InvokeActionMethodAsync>g__Awaited|12_0(ControllerActionInvoker invoker, ValueTask`1 actionResultValueTask)
   at Microsoft.AspNetCore.Mvc.Infrastructure.ControllerActionInvoker.<InvokeNextActionFilterAsync>g__Awaited|10_0(ControllerActionInvoker invoker, Task lastTask, State next, Scope scope, Object state, Boolean isCompleted)
   at Microsoft.AspNetCore.Mvc.Infrastructure.ControllerActionInvoker.Rethrow(ActionExecutedContextSealed context)
   at Microsoft.AspNetCore.Mvc.Infrastructure.ControllerActionInvoker.Next(State& next, Scope& scope, Object& state, Boolean& isCompleted)
   at Microsoft.AspNetCore.Mvc.Infrastructure.ControllerActionInvoker.<InvokeInnerFilterAsync>g__Awaited|13_0(ControllerActionInvoker invoker, Task lastTask, State next, Scope scope, Object state, Boolean isCompleted)
   at Microsoft.AspNetCore.Mvc.Infrastructure.ResourceInvoker.<InvokeFilterPipelineAsync>g__Awaited|20_0(ResourceInvoker invoker, Task lastTask, State next, Scope scope, Object state, Boolean isCompleted)
   at Microsoft.AspNetCore.Mvc.Infrastructure.ResourceInvoker.<InvokeAsync>g__Awaited|17_0(ResourceInvoker invoker, Task task, IDisposable scope)
   at Microsoft.AspNetCore.Mvc.Infrastructure.ResourceInvoker.<InvokeAsync>g__Awaited|17_0(ResourceInvoker invoker, Task task, IDisposable scope)
   at Microsoft.AspNetCore.Authorization.AuthorizationMiddleware.Invoke(HttpContext context)
   at Microsoft.AspNetCore.Authentication.AuthenticationMiddleware.Invoke(HttpContext context)
   at Serilog.AspNetCore.RequestLoggingMiddleware.Invoke(HttpContext httpContext)
  Exception data:
    Severity: ERROR
    SqlState: 2201X
    MessageText: OFFSET must not be negative
    File: nodeLimit.c
    Line: 373
    Routine: recompute_limits
2026-07-29 15:41:53.293 +05:30 [ERR] An unhandled exception has occurred while executing the request.
Npgsql.PostgresException (0x80004005): 2201X: OFFSET must not be negative
   at Npgsql.Internal.NpgsqlConnector.ReadMessageLong(Boolean async, DataRowLoadingMode dataRowLoadingMode, Boolean readingNotifications, Boolean isReadingPrependedMessage)
   at System.Runtime.CompilerServices.PoolingAsyncValueTaskMethodBuilder`1.StateMachineBox`1.System.Threading.Tasks.Sources.IValueTaskSource<TResult>.GetResult(Int16 token)
   at Npgsql.NpgsqlDataReader.NextResult(Boolean async, Boolean isConsuming, CancellationToken cancellationToken)
   at Npgsql.NpgsqlDataReader.NextResult(Boolean async, Boolean isConsuming, CancellationToken cancellationToken)
   at Npgsql.NpgsqlCommand.ExecuteReader(Boolean async, CommandBehavior behavior, CancellationToken cancellationToken)
   at Npgsql.NpgsqlCommand.ExecuteReader(Boolean async, CommandBehavior behavior, CancellationToken cancellationToken)
   at Npgsql.NpgsqlCommand.ExecuteDbDataReaderAsync(CommandBehavior behavior, CancellationToken cancellationToken)
   at Microsoft.EntityFrameworkCore.Storage.RelationalCommand.ExecuteReaderAsync(RelationalCommandParameterObject parameterObject, CancellationToken cancellationToken)
   at Microsoft.EntityFrameworkCore.Storage.RelationalCommand.ExecuteReaderAsync(RelationalCommandParameterObject parameterObject, CancellationToken cancellationToken)
   at Microsoft.EntityFrameworkCore.Query.Internal.SingleQueryingEnumerable`1.AsyncEnumerator.InitializeReaderAsync(AsyncEnumerator enumerator, CancellationToken cancellationToken)
   at Npgsql.EntityFrameworkCore.PostgreSQL.Storage.Internal.NpgsqlExecutionStrategy.ExecuteAsync[TState,TResult](TState state, Func`4 operation, Func`4 verifySucceeded, CancellationToken cancellationToken)
   at Microsoft.EntityFrameworkCore.Query.Internal.SingleQueryingEnumerable`1.AsyncEnumerator.MoveNextAsync()
   at Microsoft.EntityFrameworkCore.EntityFrameworkQueryableExtensions.ToListAsync[TSource](IQueryable`1 source, CancellationToken cancellationToken)
   at Microsoft.EntityFrameworkCore.EntityFrameworkQueryableExtensions.ToListAsync[TSource](IQueryable`1 source, CancellationToken cancellationToken)
   at FIT.Infrastructure.Persistence.Repositories.FieldIssueRepository.GetAllAsync(FieldIssueFilter filter, CancellationToken ct) in /Users/lalit.tak/Documents/Workspace/FIT/src/FIT.Infrastructure/Persistence/Repositories/FieldIssueRepository.cs:line 44
   at FIT.Application.Features.Issues.Queries.GetIssuesQueryHandler.Handle(GetIssuesQuery request, CancellationToken cancellationToken) in /Users/lalit.tak/Documents/Workspace/FIT/src/FIT.Application/Features/Issues/Queries/GetIssuesQuery.cs:line 53
   at FIT.API.Controllers.IssuesController.GetAll(GetIssuesQuery query, CancellationToken ct) in /Users/lalit.tak/Documents/Workspace/FIT/src/FIT.API/Controllers/IssuesController.cs:line 30
   at Microsoft.AspNetCore.Mvc.Infrastructure.ActionMethodExecutor.TaskOfIActionResultExecutor.Execute(ActionContext actionContext, IActionResultTypeMapper mapper, ObjectMethodExecutor executor, Object controller, Object[] arguments)
   at Microsoft.AspNetCore.Mvc.Infrastructure.ControllerActionInvoker.<InvokeActionMethodAsync>g__Awaited|12_0(ControllerActionInvoker invoker, ValueTask`1 actionResultValueTask)
   at Microsoft.AspNetCore.Mvc.Infrastructure.ControllerActionInvoker.<InvokeNextActionFilterAsync>g__Awaited|10_0(ControllerActionInvoker invoker, Task lastTask, State next, Scope scope, Object state, Boolean isCompleted)
   at Microsoft.AspNetCore.Mvc.Infrastructure.ControllerActionInvoker.Rethrow(ActionExecutedContextSealed context)
   at Microsoft.AspNetCore.Mvc.Infrastructure.ControllerActionInvoker.Next(State& next, Scope& scope, Object& state, Boolean& isCompleted)
   at Microsoft.AspNetCore.Mvc.Infrastructure.ControllerActionInvoker.<InvokeInnerFilterAsync>g__Awaited|13_0(ControllerActionInvoker invoker, Task lastTask, State next, Scope scope, Object state, Boolean isCompleted)
   at Microsoft.AspNetCore.Mvc.Infrastructure.ResourceInvoker.<InvokeFilterPipelineAsync>g__Awaited|20_0(ResourceInvoker invoker, Task lastTask, State next, Scope scope, Object state, Boolean isCompleted)
   at Microsoft.AspNetCore.Mvc.Infrastructure.ResourceInvoker.<InvokeAsync>g__Awaited|17_0(ResourceInvoker invoker, Task task, IDisposable scope)
   at Microsoft.AspNetCore.Mvc.Infrastructure.ResourceInvoker.<InvokeAsync>g__Awaited|17_0(ResourceInvoker invoker, Task task, IDisposable scope)
   at Microsoft.AspNetCore.Authorization.AuthorizationMiddleware.Invoke(HttpContext context)
   at Microsoft.AspNetCore.Authentication.AuthenticationMiddleware.Invoke(HttpContext context)
   at Serilog.AspNetCore.RequestLoggingMiddleware.Invoke(HttpContext httpContext)
   at Microsoft.AspNetCore.Diagnostics.ExceptionHandlerMiddlewareImpl.<Invoke>g__Awaited|10_0(ExceptionHandlerMiddlewareImpl middleware, HttpContext context, Task task)
  Exception data:
    Severity: ERROR
    SqlState: 2201X
    MessageText: OFFSET must not be negative
    File: nodeLimit.c
    Line: 373
    Routine: recompute_limits
2026-07-29 15:41:53.297 +05:30 [ERR] Unhandled exception
Npgsql.PostgresException (0x80004005): 2201X: OFFSET must not be negative
   at Npgsql.Internal.NpgsqlConnector.ReadMessageLong(Boolean async, DataRowLoadingMode dataRowLoadingMode, Boolean readingNotifications, Boolean isReadingPrependedMessage)
   at System.Runtime.CompilerServices.PoolingAsyncValueTaskMethodBuilder`1.StateMachineBox`1.System.Threading.Tasks.Sources.IValueTaskSource<TResult>.GetResult(Int16 token)
   at Npgsql.NpgsqlDataReader.NextResult(Boolean async, Boolean isConsuming, CancellationToken cancellationToken)
   at Npgsql.NpgsqlDataReader.NextResult(Boolean async, Boolean isConsuming, CancellationToken cancellationToken)
   at Npgsql.NpgsqlCommand.ExecuteReader(Boolean async, CommandBehavior behavior, CancellationToken cancellationToken)
   at Npgsql.NpgsqlCommand.ExecuteReader(Boolean async, CommandBehavior behavior, CancellationToken cancellationToken)
   at Npgsql.NpgsqlCommand.ExecuteDbDataReaderAsync(CommandBehavior behavior, CancellationToken cancellationToken)
   at Microsoft.EntityFrameworkCore.Storage.RelationalCommand.ExecuteReaderAsync(RelationalCommandParameterObject parameterObject, CancellationToken cancellationToken)
   at Microsoft.EntityFrameworkCore.Storage.RelationalCommand.ExecuteReaderAsync(RelationalCommandParameterObject parameterObject, CancellationToken cancellationToken)
   at Microsoft.EntityFrameworkCore.Query.Internal.SingleQueryingEnumerable`1.AsyncEnumerator.InitializeReaderAsync(AsyncEnumerator enumerator, CancellationToken cancellationToken)
   at Npgsql.EntityFrameworkCore.PostgreSQL.Storage.Internal.NpgsqlExecutionStrategy.ExecuteAsync[TState,TResult](TState state, Func`4 operation, Func`4 verifySucceeded, CancellationToken cancellationToken)
   at Microsoft.EntityFrameworkCore.Query.Internal.SingleQueryingEnumerable`1.AsyncEnumerator.MoveNextAsync()
   at Microsoft.EntityFrameworkCore.EntityFrameworkQueryableExtensions.ToListAsync[TSource](IQueryable`1 source, CancellationToken cancellationToken)
   at Microsoft.EntityFrameworkCore.EntityFrameworkQueryableExtensions.ToListAsync[TSource](IQueryable`1 source, CancellationToken cancellationToken)
   at FIT.Infrastructure.Persistence.Repositories.FieldIssueRepository.GetAllAsync(FieldIssueFilter filter, CancellationToken ct) in /Users/lalit.tak/Documents/Workspace/FIT/src/FIT.Infrastructure/Persistence/Repositories/FieldIssueRepository.cs:line 44
   at FIT.Application.Features.Issues.Queries.GetIssuesQueryHandler.Handle(GetIssuesQuery request, CancellationToken cancellationToken) in /Users/lalit.tak/Documents/Workspace/FIT/src/FIT.Application/Features/Issues/Queries/GetIssuesQuery.cs:line 53
   at FIT.API.Controllers.IssuesController.GetAll(GetIssuesQuery query, CancellationToken ct) in /Users/lalit.tak/Documents/Workspace/FIT/src/FIT.API/Controllers/IssuesController.cs:line 30
   at Microsoft.AspNetCore.Mvc.Infrastructure.ActionMethodExecutor.TaskOfIActionResultExecutor.Execute(ActionContext actionContext, IActionResultTypeMapper mapper, ObjectMethodExecutor executor, Object controller, Object[] arguments)
   at Microsoft.AspNetCore.Mvc.Infrastructure.ControllerActionInvoker.<InvokeActionMethodAsync>g__Awaited|12_0(ControllerActionInvoker invoker, ValueTask`1 actionResultValueTask)
   at Microsoft.AspNetCore.Mvc.Infrastructure.ControllerActionInvoker.<InvokeNextActionFilterAsync>g__Awaited|10_0(ControllerActionInvoker invoker, Task lastTask, State next, Scope scope, Object state, Boolean isCompleted)
   at Microsoft.AspNetCore.Mvc.Infrastructure.ControllerActionInvoker.Rethrow(ActionExecutedContextSealed context)
   at Microsoft.AspNetCore.Mvc.Infrastructure.ControllerActionInvoker.Next(State& next, Scope& scope, Object& state, Boolean& isCompleted)
   at Microsoft.AspNetCore.Mvc.Infrastructure.ControllerActionInvoker.<InvokeInnerFilterAsync>g__Awaited|13_0(ControllerActionInvoker invoker, Task lastTask, State next, Scope scope, Object state, Boolean isCompleted)
   at Microsoft.AspNetCore.Mvc.Infrastructure.ResourceInvoker.<InvokeFilterPipelineAsync>g__Awaited|20_0(ResourceInvoker invoker, Task lastTask, State next, Scope scope, Object state, Boolean isCompleted)
   at Microsoft.AspNetCore.Mvc.Infrastructure.ResourceInvoker.<InvokeAsync>g__Awaited|17_0(ResourceInvoker invoker, Task task, IDisposable scope)
   at Microsoft.AspNetCore.Mvc.Infrastructure.ResourceInvoker.<InvokeAsync>g__Awaited|17_0(ResourceInvoker invoker, Task task, IDisposable scope)
   at Microsoft.AspNetCore.Authorization.AuthorizationMiddleware.Invoke(HttpContext context)
   at Microsoft.AspNetCore.Authentication.AuthenticationMiddleware.Invoke(HttpContext context)
   at Serilog.AspNetCore.RequestLoggingMiddleware.Invoke(HttpContext httpContext)
   at Microsoft.AspNetCore.Diagnostics.ExceptionHandlerMiddlewareImpl.<Invoke>g__Awaited|10_0(ExceptionHandlerMiddlewareImpl middleware, HttpContext context, Task task)
  Exception data:
    Severity: ERROR
    SqlState: 2201X
    MessageText: OFFSET must not be negative
    File: nodeLimit.c
    Line: 373
    Routine: recompute_limits
2026-07-29 15:41:54.604 +05:30 [ERR] Failed executing DbCommand (2ms) [Parameters=[@__p_1='?' (DbType = Int32), @__p_0='?' (DbType = Int32)], CommandType='"Text"', CommandTimeout='30']
SELECT f0.id, f0.actual_behavior, f0.approved_at, f0.assigned_developer_id, f0.category, f0.closed_at, f0.comm_type, f0.created_at, f0.customer_id, f0.customer_site_address, f0.description, f0.development_started_at, f0.expected_behavior, f0.field_observations, f0.issue_number, f0.jira_key, f0.jira_url, f0.firmware_version, f0.meter_serial, f0.meter_type, f0.priority, f0.reporter_id, f0.review_started_at, f0.severity, f0.status, f0.steps_to_reproduce, f0.submitted_at, f0.summary, f0.updated_at, f0.validation_started_at, u.id, u.created_at, u.department, u.email, u.first_name, u.is_active, u.last_login_at, u.last_name, u.password_hash, u.phone_number, u.role, u.updated_at, u0.id, u0.created_at, u0.department, u0.email, u0.first_name, u0.is_active, u0.last_login_at, u0.last_name, u0.password_hash, u0.phone_number, u0.role, u0.updated_at
FROM (
    SELECT f.id, f.actual_behavior, f.approved_at, f.assigned_developer_id, f.category, f.closed_at, f.comm_type, f.created_at, f.customer_id, f.customer_site_address, f.description, f.development_started_at, f.expected_behavior, f.field_observations, f.issue_number, f.jira_key, f.jira_url, f.firmware_version, f.meter_serial, f.meter_type, f.priority, f.reporter_id, f.review_started_at, f.severity, f.status, f.steps_to_reproduce, f.submitted_at, f.summary, f.updated_at, f.validation_started_at
    FROM field_issues AS f
    ORDER BY f.created_at DESC
    LIMIT @__p_1 OFFSET @__p_0
) AS f0
INNER JOIN users AS u ON f0.reporter_id = u.id
LEFT JOIN users AS u0 ON f0.assigned_developer_id = u0.id
ORDER BY f0.created_at DESC
2026-07-29 15:41:54.606 +05:30 [ERR] An exception occurred while iterating over the results of a query for context type 'FIT.Infrastructure.Persistence.FitDbContext'.
Npgsql.PostgresException (0x80004005): 2201X: OFFSET must not be negative
   at Npgsql.Internal.NpgsqlConnector.ReadMessageLong(Boolean async, DataRowLoadingMode dataRowLoadingMode, Boolean readingNotifications, Boolean isReadingPrependedMessage)
   at System.Runtime.CompilerServices.PoolingAsyncValueTaskMethodBuilder`1.StateMachineBox`1.System.Threading.Tasks.Sources.IValueTaskSource<TResult>.GetResult(Int16 token)
   at Npgsql.NpgsqlDataReader.NextResult(Boolean async, Boolean isConsuming, CancellationToken cancellationToken)
   at Npgsql.NpgsqlDataReader.NextResult(Boolean async, Boolean isConsuming, CancellationToken cancellationToken)
   at Npgsql.NpgsqlCommand.ExecuteReader(Boolean async, CommandBehavior behavior, CancellationToken cancellationToken)
   at Npgsql.NpgsqlCommand.ExecuteReader(Boolean async, CommandBehavior behavior, CancellationToken cancellationToken)
   at Npgsql.NpgsqlCommand.ExecuteDbDataReaderAsync(CommandBehavior behavior, CancellationToken cancellationToken)
   at Microsoft.EntityFrameworkCore.Storage.RelationalCommand.ExecuteReaderAsync(RelationalCommandParameterObject parameterObject, CancellationToken cancellationToken)
   at Microsoft.EntityFrameworkCore.Storage.RelationalCommand.ExecuteReaderAsync(RelationalCommandParameterObject parameterObject, CancellationToken cancellationToken)
   at Microsoft.EntityFrameworkCore.Query.Internal.SingleQueryingEnumerable`1.AsyncEnumerator.InitializeReaderAsync(AsyncEnumerator enumerator, CancellationToken cancellationToken)
   at Npgsql.EntityFrameworkCore.PostgreSQL.Storage.Internal.NpgsqlExecutionStrategy.ExecuteAsync[TState,TResult](TState state, Func`4 operation, Func`4 verifySucceeded, CancellationToken cancellationToken)
   at Microsoft.EntityFrameworkCore.Query.Internal.SingleQueryingEnumerable`1.AsyncEnumerator.MoveNextAsync()
  Exception data:
    Severity: ERROR
    SqlState: 2201X
    MessageText: OFFSET must not be negative
    File: nodeLimit.c
    Line: 373
    Routine: recompute_limits
Npgsql.PostgresException (0x80004005): 2201X: OFFSET must not be negative
   at Npgsql.Internal.NpgsqlConnector.ReadMessageLong(Boolean async, DataRowLoadingMode dataRowLoadingMode, Boolean readingNotifications, Boolean isReadingPrependedMessage)
   at System.Runtime.CompilerServices.PoolingAsyncValueTaskMethodBuilder`1.StateMachineBox`1.System.Threading.Tasks.Sources.IValueTaskSource<TResult>.GetResult(Int16 token)
   at Npgsql.NpgsqlDataReader.NextResult(Boolean async, Boolean isConsuming, CancellationToken cancellationToken)
   at Npgsql.NpgsqlDataReader.NextResult(Boolean async, Boolean isConsuming, CancellationToken cancellationToken)
   at Npgsql.NpgsqlCommand.ExecuteReader(Boolean async, CommandBehavior behavior, CancellationToken cancellationToken)
   at Npgsql.NpgsqlCommand.ExecuteReader(Boolean async, CommandBehavior behavior, CancellationToken cancellationToken)
   at Npgsql.NpgsqlCommand.ExecuteDbDataReaderAsync(CommandBehavior behavior, CancellationToken cancellationToken)
   at Microsoft.EntityFrameworkCore.Storage.RelationalCommand.ExecuteReaderAsync(RelationalCommandParameterObject parameterObject, CancellationToken cancellationToken)
   at Microsoft.EntityFrameworkCore.Storage.RelationalCommand.ExecuteReaderAsync(RelationalCommandParameterObject parameterObject, CancellationToken cancellationToken)
   at Microsoft.EntityFrameworkCore.Query.Internal.SingleQueryingEnumerable`1.AsyncEnumerator.InitializeReaderAsync(AsyncEnumerator enumerator, CancellationToken cancellationToken)
   at Npgsql.EntityFrameworkCore.PostgreSQL.Storage.Internal.NpgsqlExecutionStrategy.ExecuteAsync[TState,TResult](TState state, Func`4 operation, Func`4 verifySucceeded, CancellationToken cancellationToken)
   at Microsoft.EntityFrameworkCore.Query.Internal.SingleQueryingEnumerable`1.AsyncEnumerator.MoveNextAsync()
  Exception data:
    Severity: ERROR
    SqlState: 2201X
    MessageText: OFFSET must not be negative
    File: nodeLimit.c
    Line: 373
    Routine: recompute_limits
2026-07-29 15:41:54.609 +05:30 [ERR] HTTP GET /api/issues responded 500 in 12.0843 ms
Npgsql.PostgresException (0x80004005): 2201X: OFFSET must not be negative
   at Npgsql.Internal.NpgsqlConnector.ReadMessageLong(Boolean async, DataRowLoadingMode dataRowLoadingMode, Boolean readingNotifications, Boolean isReadingPrependedMessage)
   at System.Runtime.CompilerServices.PoolingAsyncValueTaskMethodBuilder`1.StateMachineBox`1.System.Threading.Tasks.Sources.IValueTaskSource<TResult>.GetResult(Int16 token)
   at Npgsql.NpgsqlDataReader.NextResult(Boolean async, Boolean isConsuming, CancellationToken cancellationToken)
   at Npgsql.NpgsqlDataReader.NextResult(Boolean async, Boolean isConsuming, CancellationToken cancellationToken)
   at Npgsql.NpgsqlCommand.ExecuteReader(Boolean async, CommandBehavior behavior, CancellationToken cancellationToken)
   at Npgsql.NpgsqlCommand.ExecuteReader(Boolean async, CommandBehavior behavior, CancellationToken cancellationToken)
   at Npgsql.NpgsqlCommand.ExecuteDbDataReaderAsync(CommandBehavior behavior, CancellationToken cancellationToken)
   at Microsoft.EntityFrameworkCore.Storage.RelationalCommand.ExecuteReaderAsync(RelationalCommandParameterObject parameterObject, CancellationToken cancellationToken)
   at Microsoft.EntityFrameworkCore.Storage.RelationalCommand.ExecuteReaderAsync(RelationalCommandParameterObject parameterObject, CancellationToken cancellationToken)
   at Microsoft.EntityFrameworkCore.Query.Internal.SingleQueryingEnumerable`1.AsyncEnumerator.InitializeReaderAsync(AsyncEnumerator enumerator, CancellationToken cancellationToken)
   at Npgsql.EntityFrameworkCore.PostgreSQL.Storage.Internal.NpgsqlExecutionStrategy.ExecuteAsync[TState,TResult](TState state, Func`4 operation, Func`4 verifySucceeded, CancellationToken cancellationToken)
   at Microsoft.EntityFrameworkCore.Query.Internal.SingleQueryingEnumerable`1.AsyncEnumerator.MoveNextAsync()
   at Microsoft.EntityFrameworkCore.EntityFrameworkQueryableExtensions.ToListAsync[TSource](IQueryable`1 source, CancellationToken cancellationToken)
   at Microsoft.EntityFrameworkCore.EntityFrameworkQueryableExtensions.ToListAsync[TSource](IQueryable`1 source, CancellationToken cancellationToken)
   at FIT.Infrastructure.Persistence.Repositories.FieldIssueRepository.GetAllAsync(FieldIssueFilter filter, CancellationToken ct) in /Users/lalit.tak/Documents/Workspace/FIT/src/FIT.Infrastructure/Persistence/Repositories/FieldIssueRepository.cs:line 44
   at FIT.Application.Features.Issues.Queries.GetIssuesQueryHandler.Handle(GetIssuesQuery request, CancellationToken cancellationToken) in /Users/lalit.tak/Documents/Workspace/FIT/src/FIT.Application/Features/Issues/Queries/GetIssuesQuery.cs:line 53
   at FIT.API.Controllers.IssuesController.GetAll(GetIssuesQuery query, CancellationToken ct) in /Users/lalit.tak/Documents/Workspace/FIT/src/FIT.API/Controllers/IssuesController.cs:line 30
   at Microsoft.AspNetCore.Mvc.Infrastructure.ActionMethodExecutor.TaskOfIActionResultExecutor.Execute(ActionContext actionContext, IActionResultTypeMapper mapper, ObjectMethodExecutor executor, Object controller, Object[] arguments)
   at Microsoft.AspNetCore.Mvc.Infrastructure.ControllerActionInvoker.<InvokeActionMethodAsync>g__Awaited|12_0(ControllerActionInvoker invoker, ValueTask`1 actionResultValueTask)
   at Microsoft.AspNetCore.Mvc.Infrastructure.ControllerActionInvoker.<InvokeNextActionFilterAsync>g__Awaited|10_0(ControllerActionInvoker invoker, Task lastTask, State next, Scope scope, Object state, Boolean isCompleted)
   at Microsoft.AspNetCore.Mvc.Infrastructure.ControllerActionInvoker.Rethrow(ActionExecutedContextSealed context)
   at Microsoft.AspNetCore.Mvc.Infrastructure.ControllerActionInvoker.Next(State& next, Scope& scope, Object& state, Boolean& isCompleted)
   at Microsoft.AspNetCore.Mvc.Infrastructure.ControllerActionInvoker.<InvokeInnerFilterAsync>g__Awaited|13_0(ControllerActionInvoker invoker, Task lastTask, State next, Scope scope, Object state, Boolean isCompleted)
   at Microsoft.AspNetCore.Mvc.Infrastructure.ResourceInvoker.<InvokeFilterPipelineAsync>g__Awaited|20_0(ResourceInvoker invoker, Task lastTask, State next, Scope scope, Object state, Boolean isCompleted)
   at Microsoft.AspNetCore.Mvc.Infrastructure.ResourceInvoker.<InvokeAsync>g__Awaited|17_0(ResourceInvoker invoker, Task task, IDisposable scope)
   at Microsoft.AspNetCore.Mvc.Infrastructure.ResourceInvoker.<InvokeAsync>g__Awaited|17_0(ResourceInvoker invoker, Task task, IDisposable scope)
   at Microsoft.AspNetCore.Authorization.AuthorizationMiddleware.Invoke(HttpContext context)
   at Microsoft.AspNetCore.Authentication.AuthenticationMiddleware.Invoke(HttpContext context)
   at Serilog.AspNetCore.RequestLoggingMiddleware.Invoke(HttpContext httpContext)
  Exception data:
    Severity: ERROR
    SqlState: 2201X
    MessageText: OFFSET must not be negative
    File: nodeLimit.c
    Line: 373
    Routine: recompute_limits
2026-07-29 15:41:54.613 +05:30 [ERR] An unhandled exception has occurred while executing the request.
Npgsql.PostgresException (0x80004005): 2201X: OFFSET must not be negative
   at Npgsql.Internal.NpgsqlConnector.ReadMessageLong(Boolean async, DataRowLoadingMode dataRowLoadingMode, Boolean readingNotifications, Boolean isReadingPrependedMessage)
   at System.Runtime.CompilerServices.PoolingAsyncValueTaskMethodBuilder`1.StateMachineBox`1.System.Threading.Tasks.Sources.IValueTaskSource<TResult>.GetResult(Int16 token)
   at Npgsql.NpgsqlDataReader.NextResult(Boolean async, Boolean isConsuming, CancellationToken cancellationToken)
   at Npgsql.NpgsqlDataReader.NextResult(Boolean async, Boolean isConsuming, CancellationToken cancellationToken)
   at Npgsql.NpgsqlCommand.ExecuteReader(Boolean async, CommandBehavior behavior, CancellationToken cancellationToken)
   at Npgsql.NpgsqlCommand.ExecuteReader(Boolean async, CommandBehavior behavior, CancellationToken cancellationToken)
   at Npgsql.NpgsqlCommand.ExecuteDbDataReaderAsync(CommandBehavior behavior, CancellationToken cancellationToken)
   at Microsoft.EntityFrameworkCore.Storage.RelationalCommand.ExecuteReaderAsync(RelationalCommandParameterObject parameterObject, CancellationToken cancellationToken)
   at Microsoft.EntityFrameworkCore.Storage.RelationalCommand.ExecuteReaderAsync(RelationalCommandParameterObject parameterObject, CancellationToken cancellationToken)
   at Microsoft.EntityFrameworkCore.Query.Internal.SingleQueryingEnumerable`1.AsyncEnumerator.InitializeReaderAsync(AsyncEnumerator enumerator, CancellationToken cancellationToken)
   at Npgsql.EntityFrameworkCore.PostgreSQL.Storage.Internal.NpgsqlExecutionStrategy.ExecuteAsync[TState,TResult](TState state, Func`4 operation, Func`4 verifySucceeded, CancellationToken cancellationToken)
   at Microsoft.EntityFrameworkCore.Query.Internal.SingleQueryingEnumerable`1.AsyncEnumerator.MoveNextAsync()
   at Microsoft.EntityFrameworkCore.EntityFrameworkQueryableExtensions.ToListAsync[TSource](IQueryable`1 source, CancellationToken cancellationToken)
   at Microsoft.EntityFrameworkCore.EntityFrameworkQueryableExtensions.ToListAsync[TSource](IQueryable`1 source, CancellationToken cancellationToken)
   at FIT.Infrastructure.Persistence.Repositories.FieldIssueRepository.GetAllAsync(FieldIssueFilter filter, CancellationToken ct) in /Users/lalit.tak/Documents/Workspace/FIT/src/FIT.Infrastructure/Persistence/Repositories/FieldIssueRepository.cs:line 44
   at FIT.Application.Features.Issues.Queries.GetIssuesQueryHandler.Handle(GetIssuesQuery request, CancellationToken cancellationToken) in /Users/lalit.tak/Documents/Workspace/FIT/src/FIT.Application/Features/Issues/Queries/GetIssuesQuery.cs:line 53
   at FIT.API.Controllers.IssuesController.GetAll(GetIssuesQuery query, CancellationToken ct) in /Users/lalit.tak/Documents/Workspace/FIT/src/FIT.API/Controllers/IssuesController.cs:line 30
   at Microsoft.AspNetCore.Mvc.Infrastructure.ActionMethodExecutor.TaskOfIActionResultExecutor.Execute(ActionContext actionContext, IActionResultTypeMapper mapper, ObjectMethodExecutor executor, Object controller, Object[] arguments)
   at Microsoft.AspNetCore.Mvc.Infrastructure.ControllerActionInvoker.<InvokeActionMethodAsync>g__Awaited|12_0(ControllerActionInvoker invoker, ValueTask`1 actionResultValueTask)
   at Microsoft.AspNetCore.Mvc.Infrastructure.ControllerActionInvoker.<InvokeNextActionFilterAsync>g__Awaited|10_0(ControllerActionInvoker invoker, Task lastTask, State next, Scope scope, Object state, Boolean isCompleted)
   at Microsoft.AspNetCore.Mvc.Infrastructure.ControllerActionInvoker.Rethrow(ActionExecutedContextSealed context)
   at Microsoft.AspNetCore.Mvc.Infrastructure.ControllerActionInvoker.Next(State& next, Scope& scope, Object& state, Boolean& isCompleted)
   at Microsoft.AspNetCore.Mvc.Infrastructure.ControllerActionInvoker.<InvokeInnerFilterAsync>g__Awaited|13_0(ControllerActionInvoker invoker, Task lastTask, State next, Scope scope, Object state, Boolean isCompleted)
   at Microsoft.AspNetCore.Mvc.Infrastructure.ResourceInvoker.<InvokeFilterPipelineAsync>g__Awaited|20_0(ResourceInvoker invoker, Task lastTask, State next, Scope scope, Object state, Boolean isCompleted)
   at Microsoft.AspNetCore.Mvc.Infrastructure.ResourceInvoker.<InvokeAsync>g__Awaited|17_0(ResourceInvoker invoker, Task task, IDisposable scope)
   at Microsoft.AspNetCore.Mvc.Infrastructure.ResourceInvoker.<InvokeAsync>g__Awaited|17_0(ResourceInvoker invoker, Task task, IDisposable scope)
   at Microsoft.AspNetCore.Authorization.AuthorizationMiddleware.Invoke(HttpContext context)
   at Microsoft.AspNetCore.Authentication.AuthenticationMiddleware.Invoke(HttpContext context)
   at Serilog.AspNetCore.RequestLoggingMiddleware.Invoke(HttpContext httpContext)
   at Microsoft.AspNetCore.Diagnostics.ExceptionHandlerMiddlewareImpl.<Invoke>g__Awaited|10_0(ExceptionHandlerMiddlewareImpl middleware, HttpContext context, Task task)
  Exception data:
    Severity: ERROR
    SqlState: 2201X
    MessageText: OFFSET must not be negative
    File: nodeLimit.c
    Line: 373
    Routine: recompute_limits
2026-07-29 15:41:54.617 +05:30 [ERR] Unhandled exception
Npgsql.PostgresException (0x80004005): 2201X: OFFSET must not be negative
   at Npgsql.Internal.NpgsqlConnector.ReadMessageLong(Boolean async, DataRowLoadingMode dataRowLoadingMode, Boolean readingNotifications, Boolean isReadingPrependedMessage)
   at System.Runtime.CompilerServices.PoolingAsyncValueTaskMethodBuilder`1.StateMachineBox`1.System.Threading.Tasks.Sources.IValueTaskSource<TResult>.GetResult(Int16 token)
   at Npgsql.NpgsqlDataReader.NextResult(Boolean async, Boolean isConsuming, CancellationToken cancellationToken)
   at Npgsql.NpgsqlDataReader.NextResult(Boolean async, Boolean isConsuming, CancellationToken cancellationToken)
   at Npgsql.NpgsqlCommand.ExecuteReader(Boolean async, CommandBehavior behavior, CancellationToken cancellationToken)
   at Npgsql.NpgsqlCommand.ExecuteReader(Boolean async, CommandBehavior behavior, CancellationToken cancellationToken)
   at Npgsql.NpgsqlCommand.ExecuteDbDataReaderAsync(CommandBehavior behavior, CancellationToken cancellationToken)
   at Microsoft.EntityFrameworkCore.Storage.RelationalCommand.ExecuteReaderAsync(RelationalCommandParameterObject parameterObject, CancellationToken cancellationToken)
   at Microsoft.EntityFrameworkCore.Storage.RelationalCommand.ExecuteReaderAsync(RelationalCommandParameterObject parameterObject, CancellationToken cancellationToken)
   at Microsoft.EntityFrameworkCore.Query.Internal.SingleQueryingEnumerable`1.AsyncEnumerator.InitializeReaderAsync(AsyncEnumerator enumerator, CancellationToken cancellationToken)
   at Npgsql.EntityFrameworkCore.PostgreSQL.Storage.Internal.NpgsqlExecutionStrategy.ExecuteAsync[TState,TResult](TState state, Func`4 operation, Func`4 verifySucceeded, CancellationToken cancellationToken)
   at Microsoft.EntityFrameworkCore.Query.Internal.SingleQueryingEnumerable`1.AsyncEnumerator.MoveNextAsync()
   at Microsoft.EntityFrameworkCore.EntityFrameworkQueryableExtensions.ToListAsync[TSource](IQueryable`1 source, CancellationToken cancellationToken)
   at Microsoft.EntityFrameworkCore.EntityFrameworkQueryableExtensions.ToListAsync[TSource](IQueryable`1 source, CancellationToken cancellationToken)
   at FIT.Infrastructure.Persistence.Repositories.FieldIssueRepository.GetAllAsync(FieldIssueFilter filter, CancellationToken ct) in /Users/lalit.tak/Documents/Workspace/FIT/src/FIT.Infrastructure/Persistence/Repositories/FieldIssueRepository.cs:line 44
   at FIT.Application.Features.Issues.Queries.GetIssuesQueryHandler.Handle(GetIssuesQuery request, CancellationToken cancellationToken) in /Users/lalit.tak/Documents/Workspace/FIT/src/FIT.Application/Features/Issues/Queries/GetIssuesQuery.cs:line 53
   at FIT.API.Controllers.IssuesController.GetAll(GetIssuesQuery query, CancellationToken ct) in /Users/lalit.tak/Documents/Workspace/FIT/src/FIT.API/Controllers/IssuesController.cs:line 30
   at Microsoft.AspNetCore.Mvc.Infrastructure.ActionMethodExecutor.TaskOfIActionResultExecutor.Execute(ActionContext actionContext, IActionResultTypeMapper mapper, ObjectMethodExecutor executor, Object controller, Object[] arguments)
   at Microsoft.AspNetCore.Mvc.Infrastructure.ControllerActionInvoker.<InvokeActionMethodAsync>g__Awaited|12_0(ControllerActionInvoker invoker, ValueTask`1 actionResultValueTask)
   at Microsoft.AspNetCore.Mvc.Infrastructure.ControllerActionInvoker.<InvokeNextActionFilterAsync>g__Awaited|10_0(ControllerActionInvoker invoker, Task lastTask, State next, Scope scope, Object state, Boolean isCompleted)
   at Microsoft.AspNetCore.Mvc.Infrastructure.ControllerActionInvoker.Rethrow(ActionExecutedContextSealed context)
   at Microsoft.AspNetCore.Mvc.Infrastructure.ControllerActionInvoker.Next(State& next, Scope& scope, Object& state, Boolean& isCompleted)
   at Microsoft.AspNetCore.Mvc.Infrastructure.ControllerActionInvoker.<InvokeInnerFilterAsync>g__Awaited|13_0(ControllerActionInvoker invoker, Task lastTask, State next, Scope scope, Object state, Boolean isCompleted)
   at Microsoft.AspNetCore.Mvc.Infrastructure.ResourceInvoker.<InvokeFilterPipelineAsync>g__Awaited|20_0(ResourceInvoker invoker, Task lastTask, State next, Scope scope, Object state, Boolean isCompleted)
   at Microsoft.AspNetCore.Mvc.Infrastructure.ResourceInvoker.<InvokeAsync>g__Awaited|17_0(ResourceInvoker invoker, Task task, IDisposable scope)
   at Microsoft.AspNetCore.Mvc.Infrastructure.ResourceInvoker.<InvokeAsync>g__Awaited|17_0(ResourceInvoker invoker, Task task, IDisposable scope)
   at Microsoft.AspNetCore.Authorization.AuthorizationMiddleware.Invoke(HttpContext context)
   at Microsoft.AspNetCore.Authentication.AuthenticationMiddleware.Invoke(HttpContext context)
   at Serilog.AspNetCore.RequestLoggingMiddleware.Invoke(HttpContext httpContext)
   at Microsoft.AspNetCore.Diagnostics.ExceptionHandlerMiddlewareImpl.<Invoke>g__Awaited|10_0(ExceptionHandlerMiddlewareImpl middleware, HttpContext context, Task task)
  Exception data:
    Severity: ERROR
    SqlState: 2201X
    MessageText: OFFSET must not be negative
    File: nodeLimit.c
    Line: 373
    Routine: recompute_limits
2026-07-29 15:43:48.704 +05:30 [INF] HTTP POST /api/auth/login responded 200 in 412.3313 ms
2026-07-29 15:43:48.730 +05:30 [INF] HTTP GET /api/customers responded 404 in 0.7682 ms
2026-07-29 15:43:54.762 +05:30 [INF] HTTP POST /api/auth/login responded 200 in 403.4573 ms
2026-07-29 15:43:54.790 +05:30 [INF] HTTP GET /api/customers responded 404 in 0.1994 ms
2026-07-29 15:45:32.300 +05:30 [INF] Application is shutting down...
2026-07-29 15:45:35.719 +05:30 [WRN] The WebRootPath was not found: /Users/lalit.tak/Documents/Workspace/FIT/src/FIT.API/wwwroot. Static files may be unavailable.
2026-07-29 15:45:35.830 +05:30 [INF] Now listening on: http://localhost:5000
2026-07-29 15:45:35.831 +05:30 [INF] Application started. Press Ctrl+C to shut down.
2026-07-29 15:45:35.831 +05:30 [INF] Hosting environment: Production
2026-07-29 15:45:35.831 +05:30 [INF] Content root path: /Users/lalit.tak/Documents/Workspace/FIT/src/FIT.API
2026-07-29 15:45:36.474 +05:30 [INF] HTTP GET /health responded 200 in 83.2340 ms
2026-07-29 15:45:44.293 +05:30 [INF] HTTP POST /api/auth/login responded 200 in 1745.8590 ms
2026-07-29 15:45:44.397 +05:30 [ERR] Failed executing DbCommand (5ms) [Parameters=[], CommandType='"Text"', CommandTimeout='30']
SELECT c."Id", c."Name", c."State", c."City"
FROM "Customers" AS c
WHERE c."IsActive"
ORDER BY c."Name"
2026-07-29 15:45:44.407 +05:30 [ERR] An exception occurred while iterating over the results of a query for context type 'FIT.Infrastructure.Persistence.FitDbContext'.
Npgsql.PostgresException (0x80004005): 42P01: relation "Customers" does not exist

POSITION: 51
   at Npgsql.Internal.NpgsqlConnector.ReadMessageLong(Boolean async, DataRowLoadingMode dataRowLoadingMode, Boolean readingNotifications, Boolean isReadingPrependedMessage)
   at System.Runtime.CompilerServices.PoolingAsyncValueTaskMethodBuilder`1.StateMachineBox`1.System.Threading.Tasks.Sources.IValueTaskSource<TResult>.GetResult(Int16 token)
   at Npgsql.NpgsqlDataReader.NextResult(Boolean async, Boolean isConsuming, CancellationToken cancellationToken)
   at Npgsql.NpgsqlDataReader.NextResult(Boolean async, Boolean isConsuming, CancellationToken cancellationToken)
   at Npgsql.NpgsqlCommand.ExecuteReader(Boolean async, CommandBehavior behavior, CancellationToken cancellationToken)
   at Npgsql.NpgsqlCommand.ExecuteReader(Boolean async, CommandBehavior behavior, CancellationToken cancellationToken)
   at Npgsql.NpgsqlCommand.ExecuteDbDataReaderAsync(CommandBehavior behavior, CancellationToken cancellationToken)
   at Microsoft.EntityFrameworkCore.Storage.RelationalCommand.ExecuteReaderAsync(RelationalCommandParameterObject parameterObject, CancellationToken cancellationToken)
   at Microsoft.EntityFrameworkCore.Storage.RelationalCommand.ExecuteReaderAsync(RelationalCommandParameterObject parameterObject, CancellationToken cancellationToken)
   at Microsoft.EntityFrameworkCore.Query.Internal.SingleQueryingEnumerable`1.AsyncEnumerator.InitializeReaderAsync(AsyncEnumerator enumerator, CancellationToken cancellationToken)
   at Npgsql.EntityFrameworkCore.PostgreSQL.Storage.Internal.NpgsqlExecutionStrategy.ExecuteAsync[TState,TResult](TState state, Func`4 operation, Func`4 verifySucceeded, CancellationToken cancellationToken)
   at Microsoft.EntityFrameworkCore.Query.Internal.SingleQueryingEnumerable`1.AsyncEnumerator.MoveNextAsync()
  Exception data:
    Severity: ERROR
    SqlState: 42P01
    MessageText: relation "Customers" does not exist
    Position: 51
    File: parse_relation.c
    Line: 1469
    Routine: parserOpenTable
Npgsql.PostgresException (0x80004005): 42P01: relation "Customers" does not exist

POSITION: 51
   at Npgsql.Internal.NpgsqlConnector.ReadMessageLong(Boolean async, DataRowLoadingMode dataRowLoadingMode, Boolean readingNotifications, Boolean isReadingPrependedMessage)
   at System.Runtime.CompilerServices.PoolingAsyncValueTaskMethodBuilder`1.StateMachineBox`1.System.Threading.Tasks.Sources.IValueTaskSource<TResult>.GetResult(Int16 token)
   at Npgsql.NpgsqlDataReader.NextResult(Boolean async, Boolean isConsuming, CancellationToken cancellationToken)
   at Npgsql.NpgsqlDataReader.NextResult(Boolean async, Boolean isConsuming, CancellationToken cancellationToken)
   at Npgsql.NpgsqlCommand.ExecuteReader(Boolean async, CommandBehavior behavior, CancellationToken cancellationToken)
   at Npgsql.NpgsqlCommand.ExecuteReader(Boolean async, CommandBehavior behavior, CancellationToken cancellationToken)
   at Npgsql.NpgsqlCommand.ExecuteDbDataReaderAsync(CommandBehavior behavior, CancellationToken cancellationToken)
   at Microsoft.EntityFrameworkCore.Storage.RelationalCommand.ExecuteReaderAsync(RelationalCommandParameterObject parameterObject, CancellationToken cancellationToken)
   at Microsoft.EntityFrameworkCore.Storage.RelationalCommand.ExecuteReaderAsync(RelationalCommandParameterObject parameterObject, CancellationToken cancellationToken)
   at Microsoft.EntityFrameworkCore.Query.Internal.SingleQueryingEnumerable`1.AsyncEnumerator.InitializeReaderAsync(AsyncEnumerator enumerator, CancellationToken cancellationToken)
   at Npgsql.EntityFrameworkCore.PostgreSQL.Storage.Internal.NpgsqlExecutionStrategy.ExecuteAsync[TState,TResult](TState state, Func`4 operation, Func`4 verifySucceeded, CancellationToken cancellationToken)
   at Microsoft.EntityFrameworkCore.Query.Internal.SingleQueryingEnumerable`1.AsyncEnumerator.MoveNextAsync()
  Exception data:
    Severity: ERROR
    SqlState: 42P01
    MessageText: relation "Customers" does not exist
    Position: 51
    File: parse_relation.c
    Line: 1469
    Routine: parserOpenTable
2026-07-29 15:45:44.409 +05:30 [ERR] HTTP GET /api/customers responded 500 in 84.5585 ms
Npgsql.PostgresException (0x80004005): 42P01: relation "Customers" does not exist

POSITION: 51
   at Npgsql.Internal.NpgsqlConnector.ReadMessageLong(Boolean async, DataRowLoadingMode dataRowLoadingMode, Boolean readingNotifications, Boolean isReadingPrependedMessage)
   at System.Runtime.CompilerServices.PoolingAsyncValueTaskMethodBuilder`1.StateMachineBox`1.System.Threading.Tasks.Sources.IValueTaskSource<TResult>.GetResult(Int16 token)
   at Npgsql.NpgsqlDataReader.NextResult(Boolean async, Boolean isConsuming, CancellationToken cancellationToken)
   at Npgsql.NpgsqlDataReader.NextResult(Boolean async, Boolean isConsuming, CancellationToken cancellationToken)
   at Npgsql.NpgsqlCommand.ExecuteReader(Boolean async, CommandBehavior behavior, CancellationToken cancellationToken)
   at Npgsql.NpgsqlCommand.ExecuteReader(Boolean async, CommandBehavior behavior, CancellationToken cancellationToken)
   at Npgsql.NpgsqlCommand.ExecuteDbDataReaderAsync(CommandBehavior behavior, CancellationToken cancellationToken)
   at Microsoft.EntityFrameworkCore.Storage.RelationalCommand.ExecuteReaderAsync(RelationalCommandParameterObject parameterObject, CancellationToken cancellationToken)
   at Microsoft.EntityFrameworkCore.Storage.RelationalCommand.ExecuteReaderAsync(RelationalCommandParameterObject parameterObject, CancellationToken cancellationToken)
   at Microsoft.EntityFrameworkCore.Query.Internal.SingleQueryingEnumerable`1.AsyncEnumerator.InitializeReaderAsync(AsyncEnumerator enumerator, CancellationToken cancellationToken)
   at Npgsql.EntityFrameworkCore.PostgreSQL.Storage.Internal.NpgsqlExecutionStrategy.ExecuteAsync[TState,TResult](TState state, Func`4 operation, Func`4 verifySucceeded, CancellationToken cancellationToken)
   at Microsoft.EntityFrameworkCore.Query.Internal.SingleQueryingEnumerable`1.AsyncEnumerator.MoveNextAsync()
   at Microsoft.EntityFrameworkCore.EntityFrameworkQueryableExtensions.ToListAsync[TSource](IQueryable`1 source, CancellationToken cancellationToken)
   at Microsoft.EntityFrameworkCore.EntityFrameworkQueryableExtensions.ToListAsync[TSource](IQueryable`1 source, CancellationToken cancellationToken)
   at FIT.API.Controllers.CustomersController.GetAll(CancellationToken ct) in /Users/lalit.tak/Documents/Workspace/FIT/src/FIT.API/Controllers/CustomersController.cs:line 20
   at Microsoft.AspNetCore.Mvc.Infrastructure.ActionMethodExecutor.TaskOfIActionResultExecutor.Execute(ActionContext actionContext, IActionResultTypeMapper mapper, ObjectMethodExecutor executor, Object controller, Object[] arguments)
   at Microsoft.AspNetCore.Mvc.Infrastructure.ControllerActionInvoker.<InvokeActionMethodAsync>g__Awaited|12_0(ControllerActionInvoker invoker, ValueTask`1 actionResultValueTask)
   at Microsoft.AspNetCore.Mvc.Infrastructure.ControllerActionInvoker.<InvokeNextActionFilterAsync>g__Awaited|10_0(ControllerActionInvoker invoker, Task lastTask, State next, Scope scope, Object state, Boolean isCompleted)
   at Microsoft.AspNetCore.Mvc.Infrastructure.ControllerActionInvoker.Rethrow(ActionExecutedContextSealed context)
   at Microsoft.AspNetCore.Mvc.Infrastructure.ControllerActionInvoker.Next(State& next, Scope& scope, Object& state, Boolean& isCompleted)
   at Microsoft.AspNetCore.Mvc.Infrastructure.ControllerActionInvoker.<InvokeInnerFilterAsync>g__Awaited|13_0(ControllerActionInvoker invoker, Task lastTask, State next, Scope scope, Object state, Boolean isCompleted)
   at Microsoft.AspNetCore.Mvc.Infrastructure.ResourceInvoker.<InvokeFilterPipelineAsync>g__Awaited|20_0(ResourceInvoker invoker, Task lastTask, State next, Scope scope, Object state, Boolean isCompleted)
   at Microsoft.AspNetCore.Mvc.Infrastructure.ResourceInvoker.<InvokeAsync>g__Awaited|17_0(ResourceInvoker invoker, Task task, IDisposable scope)
   at Microsoft.AspNetCore.Mvc.Infrastructure.ResourceInvoker.<InvokeAsync>g__Awaited|17_0(ResourceInvoker invoker, Task task, IDisposable scope)
   at Microsoft.AspNetCore.Authorization.AuthorizationMiddleware.Invoke(HttpContext context)
   at Microsoft.AspNetCore.Authentication.AuthenticationMiddleware.Invoke(HttpContext context)
   at Serilog.AspNetCore.RequestLoggingMiddleware.Invoke(HttpContext httpContext)
  Exception data:
    Severity: ERROR
    SqlState: 42P01
    MessageText: relation "Customers" does not exist
    Position: 51
    File: parse_relation.c
    Line: 1469
    Routine: parserOpenTable
2026-07-29 15:45:44.421 +05:30 [ERR] An unhandled exception has occurred while executing the request.
Npgsql.PostgresException (0x80004005): 42P01: relation "Customers" does not exist

POSITION: 51
   at Npgsql.Internal.NpgsqlConnector.ReadMessageLong(Boolean async, DataRowLoadingMode dataRowLoadingMode, Boolean readingNotifications, Boolean isReadingPrependedMessage)
   at System.Runtime.CompilerServices.PoolingAsyncValueTaskMethodBuilder`1.StateMachineBox`1.System.Threading.Tasks.Sources.IValueTaskSource<TResult>.GetResult(Int16 token)
   at Npgsql.NpgsqlDataReader.NextResult(Boolean async, Boolean isConsuming, CancellationToken cancellationToken)
   at Npgsql.NpgsqlDataReader.NextResult(Boolean async, Boolean isConsuming, CancellationToken cancellationToken)
   at Npgsql.NpgsqlCommand.ExecuteReader(Boolean async, CommandBehavior behavior, CancellationToken cancellationToken)
   at Npgsql.NpgsqlCommand.ExecuteReader(Boolean async, CommandBehavior behavior, CancellationToken cancellationToken)
   at Npgsql.NpgsqlCommand.ExecuteDbDataReaderAsync(CommandBehavior behavior, CancellationToken cancellationToken)
   at Microsoft.EntityFrameworkCore.Storage.RelationalCommand.ExecuteReaderAsync(RelationalCommandParameterObject parameterObject, CancellationToken cancellationToken)
   at Microsoft.EntityFrameworkCore.Storage.RelationalCommand.ExecuteReaderAsync(RelationalCommandParameterObject parameterObject, CancellationToken cancellationToken)
   at Microsoft.EntityFrameworkCore.Query.Internal.SingleQueryingEnumerable`1.AsyncEnumerator.InitializeReaderAsync(AsyncEnumerator enumerator, CancellationToken cancellationToken)
   at Npgsql.EntityFrameworkCore.PostgreSQL.Storage.Internal.NpgsqlExecutionStrategy.ExecuteAsync[TState,TResult](TState state, Func`4 operation, Func`4 verifySucceeded, CancellationToken cancellationToken)
   at Microsoft.EntityFrameworkCore.Query.Internal.SingleQueryingEnumerable`1.AsyncEnumerator.MoveNextAsync()
   at Microsoft.EntityFrameworkCore.EntityFrameworkQueryableExtensions.ToListAsync[TSource](IQueryable`1 source, CancellationToken cancellationToken)
   at Microsoft.EntityFrameworkCore.EntityFrameworkQueryableExtensions.ToListAsync[TSource](IQueryable`1 source, CancellationToken cancellationToken)
   at FIT.API.Controllers.CustomersController.GetAll(CancellationToken ct) in /Users/lalit.tak/Documents/Workspace/FIT/src/FIT.API/Controllers/CustomersController.cs:line 20
   at Microsoft.AspNetCore.Mvc.Infrastructure.ActionMethodExecutor.TaskOfIActionResultExecutor.Execute(ActionContext actionContext, IActionResultTypeMapper mapper, ObjectMethodExecutor executor, Object controller, Object[] arguments)
   at Microsoft.AspNetCore.Mvc.Infrastructure.ControllerActionInvoker.<InvokeActionMethodAsync>g__Awaited|12_0(ControllerActionInvoker invoker, ValueTask`1 actionResultValueTask)
   at Microsoft.AspNetCore.Mvc.Infrastructure.ControllerActionInvoker.<InvokeNextActionFilterAsync>g__Awaited|10_0(ControllerActionInvoker invoker, Task lastTask, State next, Scope scope, Object state, Boolean isCompleted)
   at Microsoft.AspNetCore.Mvc.Infrastructure.ControllerActionInvoker.Rethrow(ActionExecutedContextSealed context)
   at Microsoft.AspNetCore.Mvc.Infrastructure.ControllerActionInvoker.Next(State& next, Scope& scope, Object& state, Boolean& isCompleted)
   at Microsoft.AspNetCore.Mvc.Infrastructure.ControllerActionInvoker.<InvokeInnerFilterAsync>g__Awaited|13_0(ControllerActionInvoker invoker, Task lastTask, State next, Scope scope, Object state, Boolean isCompleted)
   at Microsoft.AspNetCore.Mvc.Infrastructure.ResourceInvoker.<InvokeFilterPipelineAsync>g__Awaited|20_0(ResourceInvoker invoker, Task lastTask, State next, Scope scope, Object state, Boolean isCompleted)
   at Microsoft.AspNetCore.Mvc.Infrastructure.ResourceInvoker.<InvokeAsync>g__Awaited|17_0(ResourceInvoker invoker, Task task, IDisposable scope)
   at Microsoft.AspNetCore.Mvc.Infrastructure.ResourceInvoker.<InvokeAsync>g__Awaited|17_0(ResourceInvoker invoker, Task task, IDisposable scope)
   at Microsoft.AspNetCore.Authorization.AuthorizationMiddleware.Invoke(HttpContext context)
   at Microsoft.AspNetCore.Authentication.AuthenticationMiddleware.Invoke(HttpContext context)
   at Serilog.AspNetCore.RequestLoggingMiddleware.Invoke(HttpContext httpContext)
   at Microsoft.AspNetCore.Diagnostics.ExceptionHandlerMiddlewareImpl.<Invoke>g__Awaited|10_0(ExceptionHandlerMiddlewareImpl middleware, HttpContext context, Task task)
  Exception data:
    Severity: ERROR
    SqlState: 42P01
    MessageText: relation "Customers" does not exist
    Position: 51
    File: parse_relation.c
    Line: 1469
    Routine: parserOpenTable
2026-07-29 15:45:44.424 +05:30 [ERR] Unhandled exception
Npgsql.PostgresException (0x80004005): 42P01: relation "Customers" does not exist

POSITION: 51
   at Npgsql.Internal.NpgsqlConnector.ReadMessageLong(Boolean async, DataRowLoadingMode dataRowLoadingMode, Boolean readingNotifications, Boolean isReadingPrependedMessage)
   at System.Runtime.CompilerServices.PoolingAsyncValueTaskMethodBuilder`1.StateMachineBox`1.System.Threading.Tasks.Sources.IValueTaskSource<TResult>.GetResult(Int16 token)
   at Npgsql.NpgsqlDataReader.NextResult(Boolean async, Boolean isConsuming, CancellationToken cancellationToken)
   at Npgsql.NpgsqlDataReader.NextResult(Boolean async, Boolean isConsuming, CancellationToken cancellationToken)
   at Npgsql.NpgsqlCommand.ExecuteReader(Boolean async, CommandBehavior behavior, CancellationToken cancellationToken)
   at Npgsql.NpgsqlCommand.ExecuteReader(Boolean async, CommandBehavior behavior, CancellationToken cancellationToken)
   at Npgsql.NpgsqlCommand.ExecuteDbDataReaderAsync(CommandBehavior behavior, CancellationToken cancellationToken)
   at Microsoft.EntityFrameworkCore.Storage.RelationalCommand.ExecuteReaderAsync(RelationalCommandParameterObject parameterObject, CancellationToken cancellationToken)
   at Microsoft.EntityFrameworkCore.Storage.RelationalCommand.ExecuteReaderAsync(RelationalCommandParameterObject parameterObject, CancellationToken cancellationToken)
   at Microsoft.EntityFrameworkCore.Query.Internal.SingleQueryingEnumerable`1.AsyncEnumerator.InitializeReaderAsync(AsyncEnumerator enumerator, CancellationToken cancellationToken)
   at Npgsql.EntityFrameworkCore.PostgreSQL.Storage.Internal.NpgsqlExecutionStrategy.ExecuteAsync[TState,TResult](TState state, Func`4 operation, Func`4 verifySucceeded, CancellationToken cancellationToken)
   at Microsoft.EntityFrameworkCore.Query.Internal.SingleQueryingEnumerable`1.AsyncEnumerator.MoveNextAsync()
   at Microsoft.EntityFrameworkCore.EntityFrameworkQueryableExtensions.ToListAsync[TSource](IQueryable`1 source, CancellationToken cancellationToken)
   at Microsoft.EntityFrameworkCore.EntityFrameworkQueryableExtensions.ToListAsync[TSource](IQueryable`1 source, CancellationToken cancellationToken)
   at FIT.API.Controllers.CustomersController.GetAll(CancellationToken ct) in /Users/lalit.tak/Documents/Workspace/FIT/src/FIT.API/Controllers/CustomersController.cs:line 20
   at Microsoft.AspNetCore.Mvc.Infrastructure.ActionMethodExecutor.TaskOfIActionResultExecutor.Execute(ActionContext actionContext, IActionResultTypeMapper mapper, ObjectMethodExecutor executor, Object controller, Object[] arguments)
   at Microsoft.AspNetCore.Mvc.Infrastructure.ControllerActionInvoker.<InvokeActionMethodAsync>g__Awaited|12_0(ControllerActionInvoker invoker, ValueTask`1 actionResultValueTask)
   at Microsoft.AspNetCore.Mvc.Infrastructure.ControllerActionInvoker.<InvokeNextActionFilterAsync>g__Awaited|10_0(ControllerActionInvoker invoker, Task lastTask, State next, Scope scope, Object state, Boolean isCompleted)
   at Microsoft.AspNetCore.Mvc.Infrastructure.ControllerActionInvoker.Rethrow(ActionExecutedContextSealed context)
   at Microsoft.AspNetCore.Mvc.Infrastructure.ControllerActionInvoker.Next(State& next, Scope& scope, Object& state, Boolean& isCompleted)
   at Microsoft.AspNetCore.Mvc.Infrastructure.ControllerActionInvoker.<InvokeInnerFilterAsync>g__Awaited|13_0(ControllerActionInvoker invoker, Task lastTask, State next, Scope scope, Object state, Boolean isCompleted)
   at Microsoft.AspNetCore.Mvc.Infrastructure.ResourceInvoker.<InvokeFilterPipelineAsync>g__Awaited|20_0(ResourceInvoker invoker, Task lastTask, State next, Scope scope, Object state, Boolean isCompleted)
   at Microsoft.AspNetCore.Mvc.Infrastructure.ResourceInvoker.<InvokeAsync>g__Awaited|17_0(ResourceInvoker invoker, Task task, IDisposable scope)
   at Microsoft.AspNetCore.Mvc.Infrastructure.ResourceInvoker.<InvokeAsync>g__Awaited|17_0(ResourceInvoker invoker, Task task, IDisposable scope)
   at Microsoft.AspNetCore.Authorization.AuthorizationMiddleware.Invoke(HttpContext context)
   at Microsoft.AspNetCore.Authentication.AuthenticationMiddleware.Invoke(HttpContext context)
   at Serilog.AspNetCore.RequestLoggingMiddleware.Invoke(HttpContext httpContext)
   at Microsoft.AspNetCore.Diagnostics.ExceptionHandlerMiddlewareImpl.<Invoke>g__Awaited|10_0(ExceptionHandlerMiddlewareImpl middleware, HttpContext context, Task task)
  Exception data:
    Severity: ERROR
    SqlState: 42P01
    MessageText: relation "Customers" does not exist
    Position: 51
    File: parse_relation.c
    Line: 1469
    Routine: parserOpenTable
2026-07-29 15:45:50.001 +05:30 [INF] HTTP POST /api/auth/login responded 200 in 421.4412 ms
2026-07-29 15:45:50.036 +05:30 [ERR] Failed executing DbCommand (2ms) [Parameters=[], CommandType='"Text"', CommandTimeout='30']
SELECT c."Id", c."Name", c."State", c."City"
FROM "Customers" AS c
WHERE c."IsActive"
ORDER BY c."Name"
2026-07-29 15:45:50.037 +05:30 [ERR] An exception occurred while iterating over the results of a query for context type 'FIT.Infrastructure.Persistence.FitDbContext'.
Npgsql.PostgresException (0x80004005): 42P01: relation "Customers" does not exist

POSITION: 51
   at Npgsql.Internal.NpgsqlConnector.ReadMessageLong(Boolean async, DataRowLoadingMode dataRowLoadingMode, Boolean readingNotifications, Boolean isReadingPrependedMessage)
   at System.Runtime.CompilerServices.PoolingAsyncValueTaskMethodBuilder`1.StateMachineBox`1.System.Threading.Tasks.Sources.IValueTaskSource<TResult>.GetResult(Int16 token)
   at Npgsql.NpgsqlDataReader.NextResult(Boolean async, Boolean isConsuming, CancellationToken cancellationToken)
   at Npgsql.NpgsqlDataReader.NextResult(Boolean async, Boolean isConsuming, CancellationToken cancellationToken)
   at Npgsql.NpgsqlCommand.ExecuteReader(Boolean async, CommandBehavior behavior, CancellationToken cancellationToken)
   at Npgsql.NpgsqlCommand.ExecuteReader(Boolean async, CommandBehavior behavior, CancellationToken cancellationToken)
   at Npgsql.NpgsqlCommand.ExecuteDbDataReaderAsync(CommandBehavior behavior, CancellationToken cancellationToken)
   at Microsoft.EntityFrameworkCore.Storage.RelationalCommand.ExecuteReaderAsync(RelationalCommandParameterObject parameterObject, CancellationToken cancellationToken)
   at Microsoft.EntityFrameworkCore.Storage.RelationalCommand.ExecuteReaderAsync(RelationalCommandParameterObject parameterObject, CancellationToken cancellationToken)
   at Microsoft.EntityFrameworkCore.Query.Internal.SingleQueryingEnumerable`1.AsyncEnumerator.InitializeReaderAsync(AsyncEnumerator enumerator, CancellationToken cancellationToken)
   at Npgsql.EntityFrameworkCore.PostgreSQL.Storage.Internal.NpgsqlExecutionStrategy.ExecuteAsync[TState,TResult](TState state, Func`4 operation, Func`4 verifySucceeded, CancellationToken cancellationToken)
   at Microsoft.EntityFrameworkCore.Query.Internal.SingleQueryingEnumerable`1.AsyncEnumerator.MoveNextAsync()
  Exception data:
    Severity: ERROR
    SqlState: 42P01
    MessageText: relation "Customers" does not exist
    Position: 51
    File: parse_relation.c
    Line: 1469
    Routine: parserOpenTable
Npgsql.PostgresException (0x80004005): 42P01: relation "Customers" does not exist

POSITION: 51
   at Npgsql.Internal.NpgsqlConnector.ReadMessageLong(Boolean async, DataRowLoadingMode dataRowLoadingMode, Boolean readingNotifications, Boolean isReadingPrependedMessage)
   at System.Runtime.CompilerServices.PoolingAsyncValueTaskMethodBuilder`1.StateMachineBox`1.System.Threading.Tasks.Sources.IValueTaskSource<TResult>.GetResult(Int16 token)
   at Npgsql.NpgsqlDataReader.NextResult(Boolean async, Boolean isConsuming, CancellationToken cancellationToken)
   at Npgsql.NpgsqlDataReader.NextResult(Boolean async, Boolean isConsuming, CancellationToken cancellationToken)
   at Npgsql.NpgsqlCommand.ExecuteReader(Boolean async, CommandBehavior behavior, CancellationToken cancellationToken)
   at Npgsql.NpgsqlCommand.ExecuteReader(Boolean async, CommandBehavior behavior, CancellationToken cancellationToken)
   at Npgsql.NpgsqlCommand.ExecuteDbDataReaderAsync(CommandBehavior behavior, CancellationToken cancellationToken)
   at Microsoft.EntityFrameworkCore.Storage.RelationalCommand.ExecuteReaderAsync(RelationalCommandParameterObject parameterObject, CancellationToken cancellationToken)
   at Microsoft.EntityFrameworkCore.Storage.RelationalCommand.ExecuteReaderAsync(RelationalCommandParameterObject parameterObject, CancellationToken cancellationToken)
   at Microsoft.EntityFrameworkCore.Query.Internal.SingleQueryingEnumerable`1.AsyncEnumerator.InitializeReaderAsync(AsyncEnumerator enumerator, CancellationToken cancellationToken)
   at Npgsql.EntityFrameworkCore.PostgreSQL.Storage.Internal.NpgsqlExecutionStrategy.ExecuteAsync[TState,TResult](TState state, Func`4 operation, Func`4 verifySucceeded, CancellationToken cancellationToken)
   at Microsoft.EntityFrameworkCore.Query.Internal.SingleQueryingEnumerable`1.AsyncEnumerator.MoveNextAsync()
  Exception data:
    Severity: ERROR
    SqlState: 42P01
    MessageText: relation "Customers" does not exist
    Position: 51
    File: parse_relation.c
    Line: 1469
    Routine: parserOpenTable
2026-07-29 15:45:50.039 +05:30 [ERR] HTTP GET /api/customers responded 500 in 7.7598 ms
Npgsql.PostgresException (0x80004005): 42P01: relation "Customers" does not exist

POSITION: 51
   at Npgsql.Internal.NpgsqlConnector.ReadMessageLong(Boolean async, DataRowLoadingMode dataRowLoadingMode, Boolean readingNotifications, Boolean isReadingPrependedMessage)
   at System.Runtime.CompilerServices.PoolingAsyncValueTaskMethodBuilder`1.StateMachineBox`1.System.Threading.Tasks.Sources.IValueTaskSource<TResult>.GetResult(Int16 token)
   at Npgsql.NpgsqlDataReader.NextResult(Boolean async, Boolean isConsuming, CancellationToken cancellationToken)
   at Npgsql.NpgsqlDataReader.NextResult(Boolean async, Boolean isConsuming, CancellationToken cancellationToken)
   at Npgsql.NpgsqlCommand.ExecuteReader(Boolean async, CommandBehavior behavior, CancellationToken cancellationToken)
   at Npgsql.NpgsqlCommand.ExecuteReader(Boolean async, CommandBehavior behavior, CancellationToken cancellationToken)
   at Npgsql.NpgsqlCommand.ExecuteDbDataReaderAsync(CommandBehavior behavior, CancellationToken cancellationToken)
   at Microsoft.EntityFrameworkCore.Storage.RelationalCommand.ExecuteReaderAsync(RelationalCommandParameterObject parameterObject, CancellationToken cancellationToken)
   at Microsoft.EntityFrameworkCore.Storage.RelationalCommand.ExecuteReaderAsync(RelationalCommandParameterObject parameterObject, CancellationToken cancellationToken)
   at Microsoft.EntityFrameworkCore.Query.Internal.SingleQueryingEnumerable`1.AsyncEnumerator.InitializeReaderAsync(AsyncEnumerator enumerator, CancellationToken cancellationToken)
   at Npgsql.EntityFrameworkCore.PostgreSQL.Storage.Internal.NpgsqlExecutionStrategy.ExecuteAsync[TState,TResult](TState state, Func`4 operation, Func`4 verifySucceeded, CancellationToken cancellationToken)
   at Microsoft.EntityFrameworkCore.Query.Internal.SingleQueryingEnumerable`1.AsyncEnumerator.MoveNextAsync()
   at Microsoft.EntityFrameworkCore.EntityFrameworkQueryableExtensions.ToListAsync[TSource](IQueryable`1 source, CancellationToken cancellationToken)
   at Microsoft.EntityFrameworkCore.EntityFrameworkQueryableExtensions.ToListAsync[TSource](IQueryable`1 source, CancellationToken cancellationToken)
   at FIT.API.Controllers.CustomersController.GetAll(CancellationToken ct) in /Users/lalit.tak/Documents/Workspace/FIT/src/FIT.API/Controllers/CustomersController.cs:line 20
   at Microsoft.AspNetCore.Mvc.Infrastructure.ActionMethodExecutor.TaskOfIActionResultExecutor.Execute(ActionContext actionContext, IActionResultTypeMapper mapper, ObjectMethodExecutor executor, Object controller, Object[] arguments)
   at Microsoft.AspNetCore.Mvc.Infrastructure.ControllerActionInvoker.<InvokeActionMethodAsync>g__Awaited|12_0(ControllerActionInvoker invoker, ValueTask`1 actionResultValueTask)
   at Microsoft.AspNetCore.Mvc.Infrastructure.ControllerActionInvoker.<InvokeNextActionFilterAsync>g__Awaited|10_0(ControllerActionInvoker invoker, Task lastTask, State next, Scope scope, Object state, Boolean isCompleted)
   at Microsoft.AspNetCore.Mvc.Infrastructure.ControllerActionInvoker.Rethrow(ActionExecutedContextSealed context)
   at Microsoft.AspNetCore.Mvc.Infrastructure.ControllerActionInvoker.Next(State& next, Scope& scope, Object& state, Boolean& isCompleted)
   at Microsoft.AspNetCore.Mvc.Infrastructure.ControllerActionInvoker.<InvokeInnerFilterAsync>g__Awaited|13_0(ControllerActionInvoker invoker, Task lastTask, State next, Scope scope, Object state, Boolean isCompleted)
   at Microsoft.AspNetCore.Mvc.Infrastructure.ResourceInvoker.<InvokeFilterPipelineAsync>g__Awaited|20_0(ResourceInvoker invoker, Task lastTask, State next, Scope scope, Object state, Boolean isCompleted)
   at Microsoft.AspNetCore.Mvc.Infrastructure.ResourceInvoker.<InvokeAsync>g__Awaited|17_0(ResourceInvoker invoker, Task task, IDisposable scope)
   at Microsoft.AspNetCore.Mvc.Infrastructure.ResourceInvoker.<InvokeAsync>g__Awaited|17_0(ResourceInvoker invoker, Task task, IDisposable scope)
   at Microsoft.AspNetCore.Authorization.AuthorizationMiddleware.Invoke(HttpContext context)
   at Microsoft.AspNetCore.Authentication.AuthenticationMiddleware.Invoke(HttpContext context)
   at Serilog.AspNetCore.RequestLoggingMiddleware.Invoke(HttpContext httpContext)
  Exception data:
    Severity: ERROR
    SqlState: 42P01
    MessageText: relation "Customers" does not exist
    Position: 51
    File: parse_relation.c
    Line: 1469
    Routine: parserOpenTable
2026-07-29 15:45:50.041 +05:30 [ERR] An unhandled exception has occurred while executing the request.
Npgsql.PostgresException (0x80004005): 42P01: relation "Customers" does not exist

POSITION: 51
   at Npgsql.Internal.NpgsqlConnector.ReadMessageLong(Boolean async, DataRowLoadingMode dataRowLoadingMode, Boolean readingNotifications, Boolean isReadingPrependedMessage)
   at System.Runtime.CompilerServices.PoolingAsyncValueTaskMethodBuilder`1.StateMachineBox`1.System.Threading.Tasks.Sources.IValueTaskSource<TResult>.GetResult(Int16 token)
   at Npgsql.NpgsqlDataReader.NextResult(Boolean async, Boolean isConsuming, CancellationToken cancellationToken)
   at Npgsql.NpgsqlDataReader.NextResult(Boolean async, Boolean isConsuming, CancellationToken cancellationToken)
   at Npgsql.NpgsqlCommand.ExecuteReader(Boolean async, CommandBehavior behavior, CancellationToken cancellationToken)
   at Npgsql.NpgsqlCommand.ExecuteReader(Boolean async, CommandBehavior behavior, CancellationToken cancellationToken)
   at Npgsql.NpgsqlCommand.ExecuteDbDataReaderAsync(CommandBehavior behavior, CancellationToken cancellationToken)
   at Microsoft.EntityFrameworkCore.Storage.RelationalCommand.ExecuteReaderAsync(RelationalCommandParameterObject parameterObject, CancellationToken cancellationToken)
   at Microsoft.EntityFrameworkCore.Storage.RelationalCommand.ExecuteReaderAsync(RelationalCommandParameterObject parameterObject, CancellationToken cancellationToken)
   at Microsoft.EntityFrameworkCore.Query.Internal.SingleQueryingEnumerable`1.AsyncEnumerator.InitializeReaderAsync(AsyncEnumerator enumerator, CancellationToken cancellationToken)
   at Npgsql.EntityFrameworkCore.PostgreSQL.Storage.Internal.NpgsqlExecutionStrategy.ExecuteAsync[TState,TResult](TState state, Func`4 operation, Func`4 verifySucceeded, CancellationToken cancellationToken)
   at Microsoft.EntityFrameworkCore.Query.Internal.SingleQueryingEnumerable`1.AsyncEnumerator.MoveNextAsync()
   at Microsoft.EntityFrameworkCore.EntityFrameworkQueryableExtensions.ToListAsync[TSource](IQueryable`1 source, CancellationToken cancellationToken)
   at Microsoft.EntityFrameworkCore.EntityFrameworkQueryableExtensions.ToListAsync[TSource](IQueryable`1 source, CancellationToken cancellationToken)
   at FIT.API.Controllers.CustomersController.GetAll(CancellationToken ct) in /Users/lalit.tak/Documents/Workspace/FIT/src/FIT.API/Controllers/CustomersController.cs:line 20
   at Microsoft.AspNetCore.Mvc.Infrastructure.ActionMethodExecutor.TaskOfIActionResultExecutor.Execute(ActionContext actionContext, IActionResultTypeMapper mapper, ObjectMethodExecutor executor, Object controller, Object[] arguments)
   at Microsoft.AspNetCore.Mvc.Infrastructure.ControllerActionInvoker.<InvokeActionMethodAsync>g__Awaited|12_0(ControllerActionInvoker invoker, ValueTask`1 actionResultValueTask)
   at Microsoft.AspNetCore.Mvc.Infrastructure.ControllerActionInvoker.<InvokeNextActionFilterAsync>g__Awaited|10_0(ControllerActionInvoker invoker, Task lastTask, State next, Scope scope, Object state, Boolean isCompleted)
   at Microsoft.AspNetCore.Mvc.Infrastructure.ControllerActionInvoker.Rethrow(ActionExecutedContextSealed context)
   at Microsoft.AspNetCore.Mvc.Infrastructure.ControllerActionInvoker.Next(State& next, Scope& scope, Object& state, Boolean& isCompleted)
   at Microsoft.AspNetCore.Mvc.Infrastructure.ControllerActionInvoker.<InvokeInnerFilterAsync>g__Awaited|13_0(ControllerActionInvoker invoker, Task lastTask, State next, Scope scope, Object state, Boolean isCompleted)
   at Microsoft.AspNetCore.Mvc.Infrastructure.ResourceInvoker.<InvokeFilterPipelineAsync>g__Awaited|20_0(ResourceInvoker invoker, Task lastTask, State next, Scope scope, Object state, Boolean isCompleted)
   at Microsoft.AspNetCore.Mvc.Infrastructure.ResourceInvoker.<InvokeAsync>g__Awaited|17_0(ResourceInvoker invoker, Task task, IDisposable scope)
   at Microsoft.AspNetCore.Mvc.Infrastructure.ResourceInvoker.<InvokeAsync>g__Awaited|17_0(ResourceInvoker invoker, Task task, IDisposable scope)
   at Microsoft.AspNetCore.Authorization.AuthorizationMiddleware.Invoke(HttpContext context)
   at Microsoft.AspNetCore.Authentication.AuthenticationMiddleware.Invoke(HttpContext context)
   at Serilog.AspNetCore.RequestLoggingMiddleware.Invoke(HttpContext httpContext)
   at Microsoft.AspNetCore.Diagnostics.ExceptionHandlerMiddlewareImpl.<Invoke>g__Awaited|10_0(ExceptionHandlerMiddlewareImpl middleware, HttpContext context, Task task)
  Exception data:
    Severity: ERROR
    SqlState: 42P01
    MessageText: relation "Customers" does not exist
    Position: 51
    File: parse_relation.c
    Line: 1469
    Routine: parserOpenTable
2026-07-29 15:45:50.044 +05:30 [ERR] Unhandled exception
Npgsql.PostgresException (0x80004005): 42P01: relation "Customers" does not exist

POSITION: 51
   at Npgsql.Internal.NpgsqlConnector.ReadMessageLong(Boolean async, DataRowLoadingMode dataRowLoadingMode, Boolean readingNotifications, Boolean isReadingPrependedMessage)
   at System.Runtime.CompilerServices.PoolingAsyncValueTaskMethodBuilder`1.StateMachineBox`1.System.Threading.Tasks.Sources.IValueTaskSource<TResult>.GetResult(Int16 token)
   at Npgsql.NpgsqlDataReader.NextResult(Boolean async, Boolean isConsuming, CancellationToken cancellationToken)
   at Npgsql.NpgsqlDataReader.NextResult(Boolean async, Boolean isConsuming, CancellationToken cancellationToken)
   at Npgsql.NpgsqlCommand.ExecuteReader(Boolean async, CommandBehavior behavior, CancellationToken cancellationToken)
   at Npgsql.NpgsqlCommand.ExecuteReader(Boolean async, CommandBehavior behavior, CancellationToken cancellationToken)
   at Npgsql.NpgsqlCommand.ExecuteDbDataReaderAsync(CommandBehavior behavior, CancellationToken cancellationToken)
   at Microsoft.EntityFrameworkCore.Storage.RelationalCommand.ExecuteReaderAsync(RelationalCommandParameterObject parameterObject, CancellationToken cancellationToken)
   at Microsoft.EntityFrameworkCore.Storage.RelationalCommand.ExecuteReaderAsync(RelationalCommandParameterObject parameterObject, CancellationToken cancellationToken)
   at Microsoft.EntityFrameworkCore.Query.Internal.SingleQueryingEnumerable`1.AsyncEnumerator.InitializeReaderAsync(AsyncEnumerator enumerator, CancellationToken cancellationToken)
   at Npgsql.EntityFrameworkCore.PostgreSQL.Storage.Internal.NpgsqlExecutionStrategy.ExecuteAsync[TState,TResult](TState state, Func`4 operation, Func`4 verifySucceeded, CancellationToken cancellationToken)
   at Microsoft.EntityFrameworkCore.Query.Internal.SingleQueryingEnumerable`1.AsyncEnumerator.MoveNextAsync()
   at Microsoft.EntityFrameworkCore.EntityFrameworkQueryableExtensions.ToListAsync[TSource](IQueryable`1 source, CancellationToken cancellationToken)
   at Microsoft.EntityFrameworkCore.EntityFrameworkQueryableExtensions.ToListAsync[TSource](IQueryable`1 source, CancellationToken cancellationToken)
   at FIT.API.Controllers.CustomersController.GetAll(CancellationToken ct) in /Users/lalit.tak/Documents/Workspace/FIT/src/FIT.API/Controllers/CustomersController.cs:line 20
   at Microsoft.AspNetCore.Mvc.Infrastructure.ActionMethodExecutor.TaskOfIActionResultExecutor.Execute(ActionContext actionContext, IActionResultTypeMapper mapper, ObjectMethodExecutor executor, Object controller, Object[] arguments)
   at Microsoft.AspNetCore.Mvc.Infrastructure.ControllerActionInvoker.<InvokeActionMethodAsync>g__Awaited|12_0(ControllerActionInvoker invoker, ValueTask`1 actionResultValueTask)
   at Microsoft.AspNetCore.Mvc.Infrastructure.ControllerActionInvoker.<InvokeNextActionFilterAsync>g__Awaited|10_0(ControllerActionInvoker invoker, Task lastTask, State next, Scope scope, Object state, Boolean isCompleted)
   at Microsoft.AspNetCore.Mvc.Infrastructure.ControllerActionInvoker.Rethrow(ActionExecutedContextSealed context)
   at Microsoft.AspNetCore.Mvc.Infrastructure.ControllerActionInvoker.Next(State& next, Scope& scope, Object& state, Boolean& isCompleted)
   at Microsoft.AspNetCore.Mvc.Infrastructure.ControllerActionInvoker.<InvokeInnerFilterAsync>g__Awaited|13_0(ControllerActionInvoker invoker, Task lastTask, State next, Scope scope, Object state, Boolean isCompleted)
   at Microsoft.AspNetCore.Mvc.Infrastructure.ResourceInvoker.<InvokeFilterPipelineAsync>g__Awaited|20_0(ResourceInvoker invoker, Task lastTask, State next, Scope scope, Object state, Boolean isCompleted)
   at Microsoft.AspNetCore.Mvc.Infrastructure.ResourceInvoker.<InvokeAsync>g__Awaited|17_0(ResourceInvoker invoker, Task task, IDisposable scope)
   at Microsoft.AspNetCore.Mvc.Infrastructure.ResourceInvoker.<InvokeAsync>g__Awaited|17_0(ResourceInvoker invoker, Task task, IDisposable scope)
   at Microsoft.AspNetCore.Authorization.AuthorizationMiddleware.Invoke(HttpContext context)
   at Microsoft.AspNetCore.Authentication.AuthenticationMiddleware.Invoke(HttpContext context)
   at Serilog.AspNetCore.RequestLoggingMiddleware.Invoke(HttpContext httpContext)
   at Microsoft.AspNetCore.Diagnostics.ExceptionHandlerMiddlewareImpl.<Invoke>g__Awaited|10_0(ExceptionHandlerMiddlewareImpl middleware, HttpContext context, Task task)
  Exception data:
    Severity: ERROR
    SqlState: 42P01
    MessageText: relation "Customers" does not exist
    Position: 51
    File: parse_relation.c
    Line: 1469
    Routine: parserOpenTable
2026-07-29 15:46:54.335 +05:30 [INF] Application is shutting down...
2026-07-29 15:46:57.052 +05:30 [WRN] The WebRootPath was not found: /Users/lalit.tak/Documents/Workspace/FIT/src/FIT.API/wwwroot. Static files may be unavailable.
2026-07-29 15:46:57.164 +05:30 [INF] Now listening on: http://localhost:5000
2026-07-29 15:46:57.164 +05:30 [INF] Application started. Press Ctrl+C to shut down.
2026-07-29 15:46:57.165 +05:30 [INF] Hosting environment: Production
2026-07-29 15:46:57.165 +05:30 [INF] Content root path: /Users/lalit.tak/Documents/Workspace/FIT/src/FIT.API
2026-07-29 15:47:01.006 +05:30 [INF] HTTP POST /api/auth/login responded 200 in 1589.4576 ms
2026-07-29 15:47:01.114 +05:30 [INF] HTTP GET /api/customers responded 200 in 70.2890 ms
2026-07-29 15:49:10.393 +05:30 [INF] HTTP GET /api/dashboard responded 200 in 287.3546 ms
2026-07-29 15:49:16.405 +05:30 [WRN] Compiling a query which loads related collections for more than one collection navigation, either via 'Include' or through projection, but no 'QuerySplittingBehavior' has been configured. By default, Entity Framework will use 'QuerySplittingBehavior.SingleQuery', which can potentially result in slow query performance. See https://go.microsoft.com/fwlink/?linkid=2134277 for more information. To identify the query that's triggering this warning call 'ConfigureWarnings(w => w.Throw(RelationalEventId.MultipleCollectionIncludeWarning))'.
2026-07-29 15:49:16.579 +05:30 [INF] HTTP GET /api/issues/65e22d66-9eb9-4ac2-8996-53889b959264 responded 200 in 287.0280 ms
2026-07-29 15:49:37.220 +05:30 [INF] HTTP GET /api/issues/63428303-8c9f-4e13-bc46-ea01b49e506d responded 200 in 37.4319 ms
2026-07-29 15:52:11.541 +05:30 [ERR] Failed executing DbCommand (13ms) [Parameters=[@__p_1='?' (DbType = Int32), @__p_0='?' (DbType = Int32)], CommandType='"Text"', CommandTimeout='30']
SELECT f0.id, f0.actual_behavior, f0.approved_at, f0.assigned_developer_id, f0.category, f0.closed_at, f0.comm_type, f0.created_at, f0.customer_id, f0.customer_site_address, f0.description, f0.development_started_at, f0.expected_behavior, f0.field_observations, f0.issue_number, f0.jira_key, f0.jira_url, f0.firmware_version, f0.meter_serial, f0.meter_type, f0.priority, f0.reporter_id, f0.review_started_at, f0.severity, f0.status, f0.steps_to_reproduce, f0.submitted_at, f0.summary, f0.updated_at, f0.validation_started_at, u.id, u.created_at, u.department, u.email, u.first_name, u.is_active, u.last_login_at, u.last_name, u.password_hash, u.phone_number, u.role, u.updated_at, u0.id, u0.created_at, u0.department, u0.email, u0.first_name, u0.is_active, u0.last_login_at, u0.last_name, u0.password_hash, u0.phone_number, u0.role, u0.updated_at
FROM (
    SELECT f.id, f.actual_behavior, f.approved_at, f.assigned_developer_id, f.category, f.closed_at, f.comm_type, f.created_at, f.customer_id, f.customer_site_address, f.description, f.development_started_at, f.expected_behavior, f.field_observations, f.issue_number, f.jira_key, f.jira_url, f.firmware_version, f.meter_serial, f.meter_type, f.priority, f.reporter_id, f.review_started_at, f.severity, f.status, f.steps_to_reproduce, f.submitted_at, f.summary, f.updated_at, f.validation_started_at
    FROM field_issues AS f
    ORDER BY f.created_at DESC
    LIMIT @__p_1 OFFSET @__p_0
) AS f0
INNER JOIN users AS u ON f0.reporter_id = u.id
LEFT JOIN users AS u0 ON f0.assigned_developer_id = u0.id
ORDER BY f0.created_at DESC
2026-07-29 15:52:11.556 +05:30 [ERR] An exception occurred while iterating over the results of a query for context type 'FIT.Infrastructure.Persistence.FitDbContext'.
Npgsql.PostgresException (0x80004005): 2201X: OFFSET must not be negative
   at Npgsql.Internal.NpgsqlConnector.ReadMessageLong(Boolean async, DataRowLoadingMode dataRowLoadingMode, Boolean readingNotifications, Boolean isReadingPrependedMessage)
   at System.Runtime.CompilerServices.PoolingAsyncValueTaskMethodBuilder`1.StateMachineBox`1.System.Threading.Tasks.Sources.IValueTaskSource<TResult>.GetResult(Int16 token)
   at Npgsql.NpgsqlDataReader.NextResult(Boolean async, Boolean isConsuming, CancellationToken cancellationToken)
   at Npgsql.NpgsqlDataReader.NextResult(Boolean async, Boolean isConsuming, CancellationToken cancellationToken)
   at Npgsql.NpgsqlCommand.ExecuteReader(Boolean async, CommandBehavior behavior, CancellationToken cancellationToken)
   at Npgsql.NpgsqlCommand.ExecuteReader(Boolean async, CommandBehavior behavior, CancellationToken cancellationToken)
   at Npgsql.NpgsqlCommand.ExecuteDbDataReaderAsync(CommandBehavior behavior, CancellationToken cancellationToken)
   at Microsoft.EntityFrameworkCore.Storage.RelationalCommand.ExecuteReaderAsync(RelationalCommandParameterObject parameterObject, CancellationToken cancellationToken)
   at Microsoft.EntityFrameworkCore.Storage.RelationalCommand.ExecuteReaderAsync(RelationalCommandParameterObject parameterObject, CancellationToken cancellationToken)
   at Microsoft.EntityFrameworkCore.Query.Internal.SingleQueryingEnumerable`1.AsyncEnumerator.InitializeReaderAsync(AsyncEnumerator enumerator, CancellationToken cancellationToken)
   at Npgsql.EntityFrameworkCore.PostgreSQL.Storage.Internal.NpgsqlExecutionStrategy.ExecuteAsync[TState,TResult](TState state, Func`4 operation, Func`4 verifySucceeded, CancellationToken cancellationToken)
   at Microsoft.EntityFrameworkCore.Query.Internal.SingleQueryingEnumerable`1.AsyncEnumerator.MoveNextAsync()
  Exception data:
    Severity: ERROR
    SqlState: 2201X
    MessageText: OFFSET must not be negative
    File: nodeLimit.c
    Line: 373
    Routine: recompute_limits
Npgsql.PostgresException (0x80004005): 2201X: OFFSET must not be negative
   at Npgsql.Internal.NpgsqlConnector.ReadMessageLong(Boolean async, DataRowLoadingMode dataRowLoadingMode, Boolean readingNotifications, Boolean isReadingPrependedMessage)
   at System.Runtime.CompilerServices.PoolingAsyncValueTaskMethodBuilder`1.StateMachineBox`1.System.Threading.Tasks.Sources.IValueTaskSource<TResult>.GetResult(Int16 token)
   at Npgsql.NpgsqlDataReader.NextResult(Boolean async, Boolean isConsuming, CancellationToken cancellationToken)
   at Npgsql.NpgsqlDataReader.NextResult(Boolean async, Boolean isConsuming, CancellationToken cancellationToken)
   at Npgsql.NpgsqlCommand.ExecuteReader(Boolean async, CommandBehavior behavior, CancellationToken cancellationToken)
   at Npgsql.NpgsqlCommand.ExecuteReader(Boolean async, CommandBehavior behavior, CancellationToken cancellationToken)
   at Npgsql.NpgsqlCommand.ExecuteDbDataReaderAsync(CommandBehavior behavior, CancellationToken cancellationToken)
   at Microsoft.EntityFrameworkCore.Storage.RelationalCommand.ExecuteReaderAsync(RelationalCommandParameterObject parameterObject, CancellationToken cancellationToken)
   at Microsoft.EntityFrameworkCore.Storage.RelationalCommand.ExecuteReaderAsync(RelationalCommandParameterObject parameterObject, CancellationToken cancellationToken)
   at Microsoft.EntityFrameworkCore.Query.Internal.SingleQueryingEnumerable`1.AsyncEnumerator.InitializeReaderAsync(AsyncEnumerator enumerator, CancellationToken cancellationToken)
   at Npgsql.EntityFrameworkCore.PostgreSQL.Storage.Internal.NpgsqlExecutionStrategy.ExecuteAsync[TState,TResult](TState state, Func`4 operation, Func`4 verifySucceeded, CancellationToken cancellationToken)
   at Microsoft.EntityFrameworkCore.Query.Internal.SingleQueryingEnumerable`1.AsyncEnumerator.MoveNextAsync()
  Exception data:
    Severity: ERROR
    SqlState: 2201X
    MessageText: OFFSET must not be negative
    File: nodeLimit.c
    Line: 373
    Routine: recompute_limits
2026-07-29 15:52:11.558 +05:30 [ERR] HTTP GET /api/issues responded 500 in 128.9258 ms
Npgsql.PostgresException (0x80004005): 2201X: OFFSET must not be negative
   at Npgsql.Internal.NpgsqlConnector.ReadMessageLong(Boolean async, DataRowLoadingMode dataRowLoadingMode, Boolean readingNotifications, Boolean isReadingPrependedMessage)
   at System.Runtime.CompilerServices.PoolingAsyncValueTaskMethodBuilder`1.StateMachineBox`1.System.Threading.Tasks.Sources.IValueTaskSource<TResult>.GetResult(Int16 token)
   at Npgsql.NpgsqlDataReader.NextResult(Boolean async, Boolean isConsuming, CancellationToken cancellationToken)
   at Npgsql.NpgsqlDataReader.NextResult(Boolean async, Boolean isConsuming, CancellationToken cancellationToken)
   at Npgsql.NpgsqlCommand.ExecuteReader(Boolean async, CommandBehavior behavior, CancellationToken cancellationToken)
   at Npgsql.NpgsqlCommand.ExecuteReader(Boolean async, CommandBehavior behavior, CancellationToken cancellationToken)
   at Npgsql.NpgsqlCommand.ExecuteDbDataReaderAsync(CommandBehavior behavior, CancellationToken cancellationToken)
   at Microsoft.EntityFrameworkCore.Storage.RelationalCommand.ExecuteReaderAsync(RelationalCommandParameterObject parameterObject, CancellationToken cancellationToken)
   at Microsoft.EntityFrameworkCore.Storage.RelationalCommand.ExecuteReaderAsync(RelationalCommandParameterObject parameterObject, CancellationToken cancellationToken)
   at Microsoft.EntityFrameworkCore.Query.Internal.SingleQueryingEnumerable`1.AsyncEnumerator.InitializeReaderAsync(AsyncEnumerator enumerator, CancellationToken cancellationToken)
   at Npgsql.EntityFrameworkCore.PostgreSQL.Storage.Internal.NpgsqlExecutionStrategy.ExecuteAsync[TState,TResult](TState state, Func`4 operation, Func`4 verifySucceeded, CancellationToken cancellationToken)
   at Microsoft.EntityFrameworkCore.Query.Internal.SingleQueryingEnumerable`1.AsyncEnumerator.MoveNextAsync()
   at Microsoft.EntityFrameworkCore.EntityFrameworkQueryableExtensions.ToListAsync[TSource](IQueryable`1 source, CancellationToken cancellationToken)
   at Microsoft.EntityFrameworkCore.EntityFrameworkQueryableExtensions.ToListAsync[TSource](IQueryable`1 source, CancellationToken cancellationToken)
   at FIT.Infrastructure.Persistence.Repositories.FieldIssueRepository.GetAllAsync(FieldIssueFilter filter, CancellationToken ct) in /Users/lalit.tak/Documents/Workspace/FIT/src/FIT.Infrastructure/Persistence/Repositories/FieldIssueRepository.cs:line 44
   at FIT.Application.Features.Issues.Queries.GetIssuesQueryHandler.Handle(GetIssuesQuery request, CancellationToken cancellationToken) in /Users/lalit.tak/Documents/Workspace/FIT/src/FIT.Application/Features/Issues/Queries/GetIssuesQuery.cs:line 53
   at FIT.API.Controllers.IssuesController.GetAll(GetIssuesQuery query, CancellationToken ct) in /Users/lalit.tak/Documents/Workspace/FIT/src/FIT.API/Controllers/IssuesController.cs:line 30
   at Microsoft.AspNetCore.Mvc.Infrastructure.ActionMethodExecutor.TaskOfIActionResultExecutor.Execute(ActionContext actionContext, IActionResultTypeMapper mapper, ObjectMethodExecutor executor, Object controller, Object[] arguments)
   at Microsoft.AspNetCore.Mvc.Infrastructure.ControllerActionInvoker.<InvokeActionMethodAsync>g__Awaited|12_0(ControllerActionInvoker invoker, ValueTask`1 actionResultValueTask)
   at Microsoft.AspNetCore.Mvc.Infrastructure.ControllerActionInvoker.<InvokeNextActionFilterAsync>g__Awaited|10_0(ControllerActionInvoker invoker, Task lastTask, State next, Scope scope, Object state, Boolean isCompleted)
   at Microsoft.AspNetCore.Mvc.Infrastructure.ControllerActionInvoker.Rethrow(ActionExecutedContextSealed context)
   at Microsoft.AspNetCore.Mvc.Infrastructure.ControllerActionInvoker.Next(State& next, Scope& scope, Object& state, Boolean& isCompleted)
   at Microsoft.AspNetCore.Mvc.Infrastructure.ControllerActionInvoker.<InvokeInnerFilterAsync>g__Awaited|13_0(ControllerActionInvoker invoker, Task lastTask, State next, Scope scope, Object state, Boolean isCompleted)
   at Microsoft.AspNetCore.Mvc.Infrastructure.ResourceInvoker.<InvokeFilterPipelineAsync>g__Awaited|20_0(ResourceInvoker invoker, Task lastTask, State next, Scope scope, Object state, Boolean isCompleted)
   at Microsoft.AspNetCore.Mvc.Infrastructure.ResourceInvoker.<InvokeAsync>g__Awaited|17_0(ResourceInvoker invoker, Task task, IDisposable scope)
   at Microsoft.AspNetCore.Mvc.Infrastructure.ResourceInvoker.<InvokeAsync>g__Awaited|17_0(ResourceInvoker invoker, Task task, IDisposable scope)
   at Microsoft.AspNetCore.Authorization.AuthorizationMiddleware.Invoke(HttpContext context)
   at Microsoft.AspNetCore.Authentication.AuthenticationMiddleware.Invoke(HttpContext context)
   at Serilog.AspNetCore.RequestLoggingMiddleware.Invoke(HttpContext httpContext)
  Exception data:
    Severity: ERROR
    SqlState: 2201X
    MessageText: OFFSET must not be negative
    File: nodeLimit.c
    Line: 373
    Routine: recompute_limits
2026-07-29 15:52:11.582 +05:30 [ERR] An unhandled exception has occurred while executing the request.
Npgsql.PostgresException (0x80004005): 2201X: OFFSET must not be negative
   at Npgsql.Internal.NpgsqlConnector.ReadMessageLong(Boolean async, DataRowLoadingMode dataRowLoadingMode, Boolean readingNotifications, Boolean isReadingPrependedMessage)
   at System.Runtime.CompilerServices.PoolingAsyncValueTaskMethodBuilder`1.StateMachineBox`1.System.Threading.Tasks.Sources.IValueTaskSource<TResult>.GetResult(Int16 token)
   at Npgsql.NpgsqlDataReader.NextResult(Boolean async, Boolean isConsuming, CancellationToken cancellationToken)
   at Npgsql.NpgsqlDataReader.NextResult(Boolean async, Boolean isConsuming, CancellationToken cancellationToken)
   at Npgsql.NpgsqlCommand.ExecuteReader(Boolean async, CommandBehavior behavior, CancellationToken cancellationToken)
   at Npgsql.NpgsqlCommand.ExecuteReader(Boolean async, CommandBehavior behavior, CancellationToken cancellationToken)
   at Npgsql.NpgsqlCommand.ExecuteDbDataReaderAsync(CommandBehavior behavior, CancellationToken cancellationToken)
   at Microsoft.EntityFrameworkCore.Storage.RelationalCommand.ExecuteReaderAsync(RelationalCommandParameterObject parameterObject, CancellationToken cancellationToken)
   at Microsoft.EntityFrameworkCore.Storage.RelationalCommand.ExecuteReaderAsync(RelationalCommandParameterObject parameterObject, CancellationToken cancellationToken)
   at Microsoft.EntityFrameworkCore.Query.Internal.SingleQueryingEnumerable`1.AsyncEnumerator.InitializeReaderAsync(AsyncEnumerator enumerator, CancellationToken cancellationToken)
   at Npgsql.EntityFrameworkCore.PostgreSQL.Storage.Internal.NpgsqlExecutionStrategy.ExecuteAsync[TState,TResult](TState state, Func`4 operation, Func`4 verifySucceeded, CancellationToken cancellationToken)
   at Microsoft.EntityFrameworkCore.Query.Internal.SingleQueryingEnumerable`1.AsyncEnumerator.MoveNextAsync()
   at Microsoft.EntityFrameworkCore.EntityFrameworkQueryableExtensions.ToListAsync[TSource](IQueryable`1 source, CancellationToken cancellationToken)
   at Microsoft.EntityFrameworkCore.EntityFrameworkQueryableExtensions.ToListAsync[TSource](IQueryable`1 source, CancellationToken cancellationToken)
   at FIT.Infrastructure.Persistence.Repositories.FieldIssueRepository.GetAllAsync(FieldIssueFilter filter, CancellationToken ct) in /Users/lalit.tak/Documents/Workspace/FIT/src/FIT.Infrastructure/Persistence/Repositories/FieldIssueRepository.cs:line 44
   at FIT.Application.Features.Issues.Queries.GetIssuesQueryHandler.Handle(GetIssuesQuery request, CancellationToken cancellationToken) in /Users/lalit.tak/Documents/Workspace/FIT/src/FIT.Application/Features/Issues/Queries/GetIssuesQuery.cs:line 53
   at FIT.API.Controllers.IssuesController.GetAll(GetIssuesQuery query, CancellationToken ct) in /Users/lalit.tak/Documents/Workspace/FIT/src/FIT.API/Controllers/IssuesController.cs:line 30
   at Microsoft.AspNetCore.Mvc.Infrastructure.ActionMethodExecutor.TaskOfIActionResultExecutor.Execute(ActionContext actionContext, IActionResultTypeMapper mapper, ObjectMethodExecutor executor, Object controller, Object[] arguments)
   at Microsoft.AspNetCore.Mvc.Infrastructure.ControllerActionInvoker.<InvokeActionMethodAsync>g__Awaited|12_0(ControllerActionInvoker invoker, ValueTask`1 actionResultValueTask)
   at Microsoft.AspNetCore.Mvc.Infrastructure.ControllerActionInvoker.<InvokeNextActionFilterAsync>g__Awaited|10_0(ControllerActionInvoker invoker, Task lastTask, State next, Scope scope, Object state, Boolean isCompleted)
   at Microsoft.AspNetCore.Mvc.Infrastructure.ControllerActionInvoker.Rethrow(ActionExecutedContextSealed context)
   at Microsoft.AspNetCore.Mvc.Infrastructure.ControllerActionInvoker.Next(State& next, Scope& scope, Object& state, Boolean& isCompleted)
   at Microsoft.AspNetCore.Mvc.Infrastructure.ControllerActionInvoker.<InvokeInnerFilterAsync>g__Awaited|13_0(ControllerActionInvoker invoker, Task lastTask, State next, Scope scope, Object state, Boolean isCompleted)
   at Microsoft.AspNetCore.Mvc.Infrastructure.ResourceInvoker.<InvokeFilterPipelineAsync>g__Awaited|20_0(ResourceInvoker invoker, Task lastTask, State next, Scope scope, Object state, Boolean isCompleted)
   at Microsoft.AspNetCore.Mvc.Infrastructure.ResourceInvoker.<InvokeAsync>g__Awaited|17_0(ResourceInvoker invoker, Task task, IDisposable scope)
   at Microsoft.AspNetCore.Mvc.Infrastructure.ResourceInvoker.<InvokeAsync>g__Awaited|17_0(ResourceInvoker invoker, Task task, IDisposable scope)
   at Microsoft.AspNetCore.Authorization.AuthorizationMiddleware.Invoke(HttpContext context)
   at Microsoft.AspNetCore.Authentication.AuthenticationMiddleware.Invoke(HttpContext context)
   at Serilog.AspNetCore.RequestLoggingMiddleware.Invoke(HttpContext httpContext)
   at Microsoft.AspNetCore.Diagnostics.ExceptionHandlerMiddlewareImpl.<Invoke>g__Awaited|10_0(ExceptionHandlerMiddlewareImpl middleware, HttpContext context, Task task)
  Exception data:
    Severity: ERROR
    SqlState: 2201X
    MessageText: OFFSET must not be negative
    File: nodeLimit.c
    Line: 373
    Routine: recompute_limits
2026-07-29 15:52:11.586 +05:30 [ERR] Unhandled exception
Npgsql.PostgresException (0x80004005): 2201X: OFFSET must not be negative
   at Npgsql.Internal.NpgsqlConnector.ReadMessageLong(Boolean async, DataRowLoadingMode dataRowLoadingMode, Boolean readingNotifications, Boolean isReadingPrependedMessage)
   at System.Runtime.CompilerServices.PoolingAsyncValueTaskMethodBuilder`1.StateMachineBox`1.System.Threading.Tasks.Sources.IValueTaskSource<TResult>.GetResult(Int16 token)
   at Npgsql.NpgsqlDataReader.NextResult(Boolean async, Boolean isConsuming, CancellationToken cancellationToken)
   at Npgsql.NpgsqlDataReader.NextResult(Boolean async, Boolean isConsuming, CancellationToken cancellationToken)
   at Npgsql.NpgsqlCommand.ExecuteReader(Boolean async, CommandBehavior behavior, CancellationToken cancellationToken)
   at Npgsql.NpgsqlCommand.ExecuteReader(Boolean async, CommandBehavior behavior, CancellationToken cancellationToken)
   at Npgsql.NpgsqlCommand.ExecuteDbDataReaderAsync(CommandBehavior behavior, CancellationToken cancellationToken)
   at Microsoft.EntityFrameworkCore.Storage.RelationalCommand.ExecuteReaderAsync(RelationalCommandParameterObject parameterObject, CancellationToken cancellationToken)
   at Microsoft.EntityFrameworkCore.Storage.RelationalCommand.ExecuteReaderAsync(RelationalCommandParameterObject parameterObject, CancellationToken cancellationToken)
   at Microsoft.EntityFrameworkCore.Query.Internal.SingleQueryingEnumerable`1.AsyncEnumerator.InitializeReaderAsync(AsyncEnumerator enumerator, CancellationToken cancellationToken)
   at Npgsql.EntityFrameworkCore.PostgreSQL.Storage.Internal.NpgsqlExecutionStrategy.ExecuteAsync[TState,TResult](TState state, Func`4 operation, Func`4 verifySucceeded, CancellationToken cancellationToken)
   at Microsoft.EntityFrameworkCore.Query.Internal.SingleQueryingEnumerable`1.AsyncEnumerator.MoveNextAsync()
   at Microsoft.EntityFrameworkCore.EntityFrameworkQueryableExtensions.ToListAsync[TSource](IQueryable`1 source, CancellationToken cancellationToken)
   at Microsoft.EntityFrameworkCore.EntityFrameworkQueryableExtensions.ToListAsync[TSource](IQueryable`1 source, CancellationToken cancellationToken)
   at FIT.Infrastructure.Persistence.Repositories.FieldIssueRepository.GetAllAsync(FieldIssueFilter filter, CancellationToken ct) in /Users/lalit.tak/Documents/Workspace/FIT/src/FIT.Infrastructure/Persistence/Repositories/FieldIssueRepository.cs:line 44
   at FIT.Application.Features.Issues.Queries.GetIssuesQueryHandler.Handle(GetIssuesQuery request, CancellationToken cancellationToken) in /Users/lalit.tak/Documents/Workspace/FIT/src/FIT.Application/Features/Issues/Queries/GetIssuesQuery.cs:line 53
   at FIT.API.Controllers.IssuesController.GetAll(GetIssuesQuery query, CancellationToken ct) in /Users/lalit.tak/Documents/Workspace/FIT/src/FIT.API/Controllers/IssuesController.cs:line 30
   at Microsoft.AspNetCore.Mvc.Infrastructure.ActionMethodExecutor.TaskOfIActionResultExecutor.Execute(ActionContext actionContext, IActionResultTypeMapper mapper, ObjectMethodExecutor executor, Object controller, Object[] arguments)
   at Microsoft.AspNetCore.Mvc.Infrastructure.ControllerActionInvoker.<InvokeActionMethodAsync>g__Awaited|12_0(ControllerActionInvoker invoker, ValueTask`1 actionResultValueTask)
   at Microsoft.AspNetCore.Mvc.Infrastructure.ControllerActionInvoker.<InvokeNextActionFilterAsync>g__Awaited|10_0(ControllerActionInvoker invoker, Task lastTask, State next, Scope scope, Object state, Boolean isCompleted)
   at Microsoft.AspNetCore.Mvc.Infrastructure.ControllerActionInvoker.Rethrow(ActionExecutedContextSealed context)
   at Microsoft.AspNetCore.Mvc.Infrastructure.ControllerActionInvoker.Next(State& next, Scope& scope, Object& state, Boolean& isCompleted)
   at Microsoft.AspNetCore.Mvc.Infrastructure.ControllerActionInvoker.<InvokeInnerFilterAsync>g__Awaited|13_0(ControllerActionInvoker invoker, Task lastTask, State next, Scope scope, Object state, Boolean isCompleted)
   at Microsoft.AspNetCore.Mvc.Infrastructure.ResourceInvoker.<InvokeFilterPipelineAsync>g__Awaited|20_0(ResourceInvoker invoker, Task lastTask, State next, Scope scope, Object state, Boolean isCompleted)
   at Microsoft.AspNetCore.Mvc.Infrastructure.ResourceInvoker.<InvokeAsync>g__Awaited|17_0(ResourceInvoker invoker, Task task, IDisposable scope)
   at Microsoft.AspNetCore.Mvc.Infrastructure.ResourceInvoker.<InvokeAsync>g__Awaited|17_0(ResourceInvoker invoker, Task task, IDisposable scope)
   at Microsoft.AspNetCore.Authorization.AuthorizationMiddleware.Invoke(HttpContext context)
   at Microsoft.AspNetCore.Authentication.AuthenticationMiddleware.Invoke(HttpContext context)
   at Serilog.AspNetCore.RequestLoggingMiddleware.Invoke(HttpContext httpContext)
   at Microsoft.AspNetCore.Diagnostics.ExceptionHandlerMiddlewareImpl.<Invoke>g__Awaited|10_0(ExceptionHandlerMiddlewareImpl middleware, HttpContext context, Task task)
  Exception data:
    Severity: ERROR
    SqlState: 2201X
    MessageText: OFFSET must not be negative
    File: nodeLimit.c
    Line: 373
    Routine: recompute_limits
2026-07-29 15:52:12.630 +05:30 [ERR] Failed executing DbCommand (4ms) [Parameters=[@__p_1='?' (DbType = Int32), @__p_0='?' (DbType = Int32)], CommandType='"Text"', CommandTimeout='30']
SELECT f0.id, f0.actual_behavior, f0.approved_at, f0.assigned_developer_id, f0.category, f0.closed_at, f0.comm_type, f0.created_at, f0.customer_id, f0.customer_site_address, f0.description, f0.development_started_at, f0.expected_behavior, f0.field_observations, f0.issue_number, f0.jira_key, f0.jira_url, f0.firmware_version, f0.meter_serial, f0.meter_type, f0.priority, f0.reporter_id, f0.review_started_at, f0.severity, f0.status, f0.steps_to_reproduce, f0.submitted_at, f0.summary, f0.updated_at, f0.validation_started_at, u.id, u.created_at, u.department, u.email, u.first_name, u.is_active, u.last_login_at, u.last_name, u.password_hash, u.phone_number, u.role, u.updated_at, u0.id, u0.created_at, u0.department, u0.email, u0.first_name, u0.is_active, u0.last_login_at, u0.last_name, u0.password_hash, u0.phone_number, u0.role, u0.updated_at
FROM (
    SELECT f.id, f.actual_behavior, f.approved_at, f.assigned_developer_id, f.category, f.closed_at, f.comm_type, f.created_at, f.customer_id, f.customer_site_address, f.description, f.development_started_at, f.expected_behavior, f.field_observations, f.issue_number, f.jira_key, f.jira_url, f.firmware_version, f.meter_serial, f.meter_type, f.priority, f.reporter_id, f.review_started_at, f.severity, f.status, f.steps_to_reproduce, f.submitted_at, f.summary, f.updated_at, f.validation_started_at
    FROM field_issues AS f
    ORDER BY f.created_at DESC
    LIMIT @__p_1 OFFSET @__p_0
) AS f0
INNER JOIN users AS u ON f0.reporter_id = u.id
LEFT JOIN users AS u0 ON f0.assigned_developer_id = u0.id
ORDER BY f0.created_at DESC
2026-07-29 15:52:12.633 +05:30 [ERR] An exception occurred while iterating over the results of a query for context type 'FIT.Infrastructure.Persistence.FitDbContext'.
Npgsql.PostgresException (0x80004005): 2201X: OFFSET must not be negative
   at Npgsql.Internal.NpgsqlConnector.ReadMessageLong(Boolean async, DataRowLoadingMode dataRowLoadingMode, Boolean readingNotifications, Boolean isReadingPrependedMessage)
   at System.Runtime.CompilerServices.PoolingAsyncValueTaskMethodBuilder`1.StateMachineBox`1.System.Threading.Tasks.Sources.IValueTaskSource<TResult>.GetResult(Int16 token)
   at Npgsql.NpgsqlDataReader.NextResult(Boolean async, Boolean isConsuming, CancellationToken cancellationToken)
   at Npgsql.NpgsqlDataReader.NextResult(Boolean async, Boolean isConsuming, CancellationToken cancellationToken)
   at Npgsql.NpgsqlCommand.ExecuteReader(Boolean async, CommandBehavior behavior, CancellationToken cancellationToken)
   at Npgsql.NpgsqlCommand.ExecuteReader(Boolean async, CommandBehavior behavior, CancellationToken cancellationToken)
   at Npgsql.NpgsqlCommand.ExecuteDbDataReaderAsync(CommandBehavior behavior, CancellationToken cancellationToken)
   at Microsoft.EntityFrameworkCore.Storage.RelationalCommand.ExecuteReaderAsync(RelationalCommandParameterObject parameterObject, CancellationToken cancellationToken)
   at Microsoft.EntityFrameworkCore.Storage.RelationalCommand.ExecuteReaderAsync(RelationalCommandParameterObject parameterObject, CancellationToken cancellationToken)
   at Microsoft.EntityFrameworkCore.Query.Internal.SingleQueryingEnumerable`1.AsyncEnumerator.InitializeReaderAsync(AsyncEnumerator enumerator, CancellationToken cancellationToken)
   at Npgsql.EntityFrameworkCore.PostgreSQL.Storage.Internal.NpgsqlExecutionStrategy.ExecuteAsync[TState,TResult](TState state, Func`4 operation, Func`4 verifySucceeded, CancellationToken cancellationToken)
   at Microsoft.EntityFrameworkCore.Query.Internal.SingleQueryingEnumerable`1.AsyncEnumerator.MoveNextAsync()
  Exception data:
    Severity: ERROR
    SqlState: 2201X
    MessageText: OFFSET must not be negative
    File: nodeLimit.c
    Line: 373
    Routine: recompute_limits
Npgsql.PostgresException (0x80004005): 2201X: OFFSET must not be negative
   at Npgsql.Internal.NpgsqlConnector.ReadMessageLong(Boolean async, DataRowLoadingMode dataRowLoadingMode, Boolean readingNotifications, Boolean isReadingPrependedMessage)
   at System.Runtime.CompilerServices.PoolingAsyncValueTaskMethodBuilder`1.StateMachineBox`1.System.Threading.Tasks.Sources.IValueTaskSource<TResult>.GetResult(Int16 token)
   at Npgsql.NpgsqlDataReader.NextResult(Boolean async, Boolean isConsuming, CancellationToken cancellationToken)
   at Npgsql.NpgsqlDataReader.NextResult(Boolean async, Boolean isConsuming, CancellationToken cancellationToken)
   at Npgsql.NpgsqlCommand.ExecuteReader(Boolean async, CommandBehavior behavior, CancellationToken cancellationToken)
   at Npgsql.NpgsqlCommand.ExecuteReader(Boolean async, CommandBehavior behavior, CancellationToken cancellationToken)
   at Npgsql.NpgsqlCommand.ExecuteDbDataReaderAsync(CommandBehavior behavior, CancellationToken cancellationToken)
   at Microsoft.EntityFrameworkCore.Storage.RelationalCommand.ExecuteReaderAsync(RelationalCommandParameterObject parameterObject, CancellationToken cancellationToken)
   at Microsoft.EntityFrameworkCore.Storage.RelationalCommand.ExecuteReaderAsync(RelationalCommandParameterObject parameterObject, CancellationToken cancellationToken)
   at Microsoft.EntityFrameworkCore.Query.Internal.SingleQueryingEnumerable`1.AsyncEnumerator.InitializeReaderAsync(AsyncEnumerator enumerator, CancellationToken cancellationToken)
   at Npgsql.EntityFrameworkCore.PostgreSQL.Storage.Internal.NpgsqlExecutionStrategy.ExecuteAsync[TState,TResult](TState state, Func`4 operation, Func`4 verifySucceeded, CancellationToken cancellationToken)
   at Microsoft.EntityFrameworkCore.Query.Internal.SingleQueryingEnumerable`1.AsyncEnumerator.MoveNextAsync()
  Exception data:
    Severity: ERROR
    SqlState: 2201X
    MessageText: OFFSET must not be negative
    File: nodeLimit.c
    Line: 373
    Routine: recompute_limits
2026-07-29 15:52:12.639 +05:30 [ERR] HTTP GET /api/issues responded 500 in 25.8437 ms
Npgsql.PostgresException (0x80004005): 2201X: OFFSET must not be negative
   at Npgsql.Internal.NpgsqlConnector.ReadMessageLong(Boolean async, DataRowLoadingMode dataRowLoadingMode, Boolean readingNotifications, Boolean isReadingPrependedMessage)
   at System.Runtime.CompilerServices.PoolingAsyncValueTaskMethodBuilder`1.StateMachineBox`1.System.Threading.Tasks.Sources.IValueTaskSource<TResult>.GetResult(Int16 token)
   at Npgsql.NpgsqlDataReader.NextResult(Boolean async, Boolean isConsuming, CancellationToken cancellationToken)
   at Npgsql.NpgsqlDataReader.NextResult(Boolean async, Boolean isConsuming, CancellationToken cancellationToken)
   at Npgsql.NpgsqlCommand.ExecuteReader(Boolean async, CommandBehavior behavior, CancellationToken cancellationToken)
   at Npgsql.NpgsqlCommand.ExecuteReader(Boolean async, CommandBehavior behavior, CancellationToken cancellationToken)
   at Npgsql.NpgsqlCommand.ExecuteDbDataReaderAsync(CommandBehavior behavior, CancellationToken cancellationToken)
   at Microsoft.EntityFrameworkCore.Storage.RelationalCommand.ExecuteReaderAsync(RelationalCommandParameterObject parameterObject, CancellationToken cancellationToken)
   at Microsoft.EntityFrameworkCore.Storage.RelationalCommand.ExecuteReaderAsync(RelationalCommandParameterObject parameterObject, CancellationToken cancellationToken)
   at Microsoft.EntityFrameworkCore.Query.Internal.SingleQueryingEnumerable`1.AsyncEnumerator.InitializeReaderAsync(AsyncEnumerator enumerator, CancellationToken cancellationToken)
   at Npgsql.EntityFrameworkCore.PostgreSQL.Storage.Internal.NpgsqlExecutionStrategy.ExecuteAsync[TState,TResult](TState state, Func`4 operation, Func`4 verifySucceeded, CancellationToken cancellationToken)
   at Microsoft.EntityFrameworkCore.Query.Internal.SingleQueryingEnumerable`1.AsyncEnumerator.MoveNextAsync()
   at Microsoft.EntityFrameworkCore.EntityFrameworkQueryableExtensions.ToListAsync[TSource](IQueryable`1 source, CancellationToken cancellationToken)
   at Microsoft.EntityFrameworkCore.EntityFrameworkQueryableExtensions.ToListAsync[TSource](IQueryable`1 source, CancellationToken cancellationToken)
   at FIT.Infrastructure.Persistence.Repositories.FieldIssueRepository.GetAllAsync(FieldIssueFilter filter, CancellationToken ct) in /Users/lalit.tak/Documents/Workspace/FIT/src/FIT.Infrastructure/Persistence/Repositories/FieldIssueRepository.cs:line 44
   at FIT.Application.Features.Issues.Queries.GetIssuesQueryHandler.Handle(GetIssuesQuery request, CancellationToken cancellationToken) in /Users/lalit.tak/Documents/Workspace/FIT/src/FIT.Application/Features/Issues/Queries/GetIssuesQuery.cs:line 53
   at FIT.API.Controllers.IssuesController.GetAll(GetIssuesQuery query, CancellationToken ct) in /Users/lalit.tak/Documents/Workspace/FIT/src/FIT.API/Controllers/IssuesController.cs:line 30
   at Microsoft.AspNetCore.Mvc.Infrastructure.ActionMethodExecutor.TaskOfIActionResultExecutor.Execute(ActionContext actionContext, IActionResultTypeMapper mapper, ObjectMethodExecutor executor, Object controller, Object[] arguments)
   at Microsoft.AspNetCore.Mvc.Infrastructure.ControllerActionInvoker.<InvokeActionMethodAsync>g__Awaited|12_0(ControllerActionInvoker invoker, ValueTask`1 actionResultValueTask)
   at Microsoft.AspNetCore.Mvc.Infrastructure.ControllerActionInvoker.<InvokeNextActionFilterAsync>g__Awaited|10_0(ControllerActionInvoker invoker, Task lastTask, State next, Scope scope, Object state, Boolean isCompleted)
   at Microsoft.AspNetCore.Mvc.Infrastructure.ControllerActionInvoker.Rethrow(ActionExecutedContextSealed context)
   at Microsoft.AspNetCore.Mvc.Infrastructure.ControllerActionInvoker.Next(State& next, Scope& scope, Object& state, Boolean& isCompleted)
   at Microsoft.AspNetCore.Mvc.Infrastructure.ControllerActionInvoker.<InvokeInnerFilterAsync>g__Awaited|13_0(ControllerActionInvoker invoker, Task lastTask, State next, Scope scope, Object state, Boolean isCompleted)
   at Microsoft.AspNetCore.Mvc.Infrastructure.ResourceInvoker.<InvokeFilterPipelineAsync>g__Awaited|20_0(ResourceInvoker invoker, Task lastTask, State next, Scope scope, Object state, Boolean isCompleted)
   at Microsoft.AspNetCore.Mvc.Infrastructure.ResourceInvoker.<InvokeAsync>g__Awaited|17_0(ResourceInvoker invoker, Task task, IDisposable scope)
   at Microsoft.AspNetCore.Mvc.Infrastructure.ResourceInvoker.<InvokeAsync>g__Awaited|17_0(ResourceInvoker invoker, Task task, IDisposable scope)
   at Microsoft.AspNetCore.Authorization.AuthorizationMiddleware.Invoke(HttpContext context)
   at Microsoft.AspNetCore.Authentication.AuthenticationMiddleware.Invoke(HttpContext context)
   at Serilog.AspNetCore.RequestLoggingMiddleware.Invoke(HttpContext httpContext)
  Exception data:
    Severity: ERROR
    SqlState: 2201X
    MessageText: OFFSET must not be negative
    File: nodeLimit.c
    Line: 373
    Routine: recompute_limits
2026-07-29 15:52:12.644 +05:30 [ERR] An unhandled exception has occurred while executing the request.
Npgsql.PostgresException (0x80004005): 2201X: OFFSET must not be negative
   at Npgsql.Internal.NpgsqlConnector.ReadMessageLong(Boolean async, DataRowLoadingMode dataRowLoadingMode, Boolean readingNotifications, Boolean isReadingPrependedMessage)
   at System.Runtime.CompilerServices.PoolingAsyncValueTaskMethodBuilder`1.StateMachineBox`1.System.Threading.Tasks.Sources.IValueTaskSource<TResult>.GetResult(Int16 token)
   at Npgsql.NpgsqlDataReader.NextResult(Boolean async, Boolean isConsuming, CancellationToken cancellationToken)
   at Npgsql.NpgsqlDataReader.NextResult(Boolean async, Boolean isConsuming, CancellationToken cancellationToken)
   at Npgsql.NpgsqlCommand.ExecuteReader(Boolean async, CommandBehavior behavior, CancellationToken cancellationToken)
   at Npgsql.NpgsqlCommand.ExecuteReader(Boolean async, CommandBehavior behavior, CancellationToken cancellationToken)
   at Npgsql.NpgsqlCommand.ExecuteDbDataReaderAsync(CommandBehavior behavior, CancellationToken cancellationToken)
   at Microsoft.EntityFrameworkCore.Storage.RelationalCommand.ExecuteReaderAsync(RelationalCommandParameterObject parameterObject, CancellationToken cancellationToken)
   at Microsoft.EntityFrameworkCore.Storage.RelationalCommand.ExecuteReaderAsync(RelationalCommandParameterObject parameterObject, CancellationToken cancellationToken)
   at Microsoft.EntityFrameworkCore.Query.Internal.SingleQueryingEnumerable`1.AsyncEnumerator.InitializeReaderAsync(AsyncEnumerator enumerator, CancellationToken cancellationToken)
   at Npgsql.EntityFrameworkCore.PostgreSQL.Storage.Internal.NpgsqlExecutionStrategy.ExecuteAsync[TState,TResult](TState state, Func`4 operation, Func`4 verifySucceeded, CancellationToken cancellationToken)
   at Microsoft.EntityFrameworkCore.Query.Internal.SingleQueryingEnumerable`1.AsyncEnumerator.MoveNextAsync()
   at Microsoft.EntityFrameworkCore.EntityFrameworkQueryableExtensions.ToListAsync[TSource](IQueryable`1 source, CancellationToken cancellationToken)
   at Microsoft.EntityFrameworkCore.EntityFrameworkQueryableExtensions.ToListAsync[TSource](IQueryable`1 source, CancellationToken cancellationToken)
   at FIT.Infrastructure.Persistence.Repositories.FieldIssueRepository.GetAllAsync(FieldIssueFilter filter, CancellationToken ct) in /Users/lalit.tak/Documents/Workspace/FIT/src/FIT.Infrastructure/Persistence/Repositories/FieldIssueRepository.cs:line 44
   at FIT.Application.Features.Issues.Queries.GetIssuesQueryHandler.Handle(GetIssuesQuery request, CancellationToken cancellationToken) in /Users/lalit.tak/Documents/Workspace/FIT/src/FIT.Application/Features/Issues/Queries/GetIssuesQuery.cs:line 53
   at FIT.API.Controllers.IssuesController.GetAll(GetIssuesQuery query, CancellationToken ct) in /Users/lalit.tak/Documents/Workspace/FIT/src/FIT.API/Controllers/IssuesController.cs:line 30
   at Microsoft.AspNetCore.Mvc.Infrastructure.ActionMethodExecutor.TaskOfIActionResultExecutor.Execute(ActionContext actionContext, IActionResultTypeMapper mapper, ObjectMethodExecutor executor, Object controller, Object[] arguments)
   at Microsoft.AspNetCore.Mvc.Infrastructure.ControllerActionInvoker.<InvokeActionMethodAsync>g__Awaited|12_0(ControllerActionInvoker invoker, ValueTask`1 actionResultValueTask)
   at Microsoft.AspNetCore.Mvc.Infrastructure.ControllerActionInvoker.<InvokeNextActionFilterAsync>g__Awaited|10_0(ControllerActionInvoker invoker, Task lastTask, State next, Scope scope, Object state, Boolean isCompleted)
   at Microsoft.AspNetCore.Mvc.Infrastructure.ControllerActionInvoker.Rethrow(ActionExecutedContextSealed context)
   at Microsoft.AspNetCore.Mvc.Infrastructure.ControllerActionInvoker.Next(State& next, Scope& scope, Object& state, Boolean& isCompleted)
   at Microsoft.AspNetCore.Mvc.Infrastructure.ControllerActionInvoker.<InvokeInnerFilterAsync>g__Awaited|13_0(ControllerActionInvoker invoker, Task lastTask, State next, Scope scope, Object state, Boolean isCompleted)
   at Microsoft.AspNetCore.Mvc.Infrastructure.ResourceInvoker.<InvokeFilterPipelineAsync>g__Awaited|20_0(ResourceInvoker invoker, Task lastTask, State next, Scope scope, Object state, Boolean isCompleted)
   at Microsoft.AspNetCore.Mvc.Infrastructure.ResourceInvoker.<InvokeAsync>g__Awaited|17_0(ResourceInvoker invoker, Task task, IDisposable scope)
   at Microsoft.AspNetCore.Mvc.Infrastructure.ResourceInvoker.<InvokeAsync>g__Awaited|17_0(ResourceInvoker invoker, Task task, IDisposable scope)
   at Microsoft.AspNetCore.Authorization.AuthorizationMiddleware.Invoke(HttpContext context)
   at Microsoft.AspNetCore.Authentication.AuthenticationMiddleware.Invoke(HttpContext context)
   at Serilog.AspNetCore.RequestLoggingMiddleware.Invoke(HttpContext httpContext)
   at Microsoft.AspNetCore.Diagnostics.ExceptionHandlerMiddlewareImpl.<Invoke>g__Awaited|10_0(ExceptionHandlerMiddlewareImpl middleware, HttpContext context, Task task)
  Exception data:
    Severity: ERROR
    SqlState: 2201X
    MessageText: OFFSET must not be negative
    File: nodeLimit.c
    Line: 373
    Routine: recompute_limits
2026-07-29 15:52:12.649 +05:30 [ERR] Unhandled exception
Npgsql.PostgresException (0x80004005): 2201X: OFFSET must not be negative
   at Npgsql.Internal.NpgsqlConnector.ReadMessageLong(Boolean async, DataRowLoadingMode dataRowLoadingMode, Boolean readingNotifications, Boolean isReadingPrependedMessage)
   at System.Runtime.CompilerServices.PoolingAsyncValueTaskMethodBuilder`1.StateMachineBox`1.System.Threading.Tasks.Sources.IValueTaskSource<TResult>.GetResult(Int16 token)
   at Npgsql.NpgsqlDataReader.NextResult(Boolean async, Boolean isConsuming, CancellationToken cancellationToken)
   at Npgsql.NpgsqlDataReader.NextResult(Boolean async, Boolean isConsuming, CancellationToken cancellationToken)
   at Npgsql.NpgsqlCommand.ExecuteReader(Boolean async, CommandBehavior behavior, CancellationToken cancellationToken)
   at Npgsql.NpgsqlCommand.ExecuteReader(Boolean async, CommandBehavior behavior, CancellationToken cancellationToken)
   at Npgsql.NpgsqlCommand.ExecuteDbDataReaderAsync(CommandBehavior behavior, CancellationToken cancellationToken)
   at Microsoft.EntityFrameworkCore.Storage.RelationalCommand.ExecuteReaderAsync(RelationalCommandParameterObject parameterObject, CancellationToken cancellationToken)
   at Microsoft.EntityFrameworkCore.Storage.RelationalCommand.ExecuteReaderAsync(RelationalCommandParameterObject parameterObject, CancellationToken cancellationToken)
   at Microsoft.EntityFrameworkCore.Query.Internal.SingleQueryingEnumerable`1.AsyncEnumerator.InitializeReaderAsync(AsyncEnumerator enumerator, CancellationToken cancellationToken)
   at Npgsql.EntityFrameworkCore.PostgreSQL.Storage.Internal.NpgsqlExecutionStrategy.ExecuteAsync[TState,TResult](TState state, Func`4 operation, Func`4 verifySucceeded, CancellationToken cancellationToken)
   at Microsoft.EntityFrameworkCore.Query.Internal.SingleQueryingEnumerable`1.AsyncEnumerator.MoveNextAsync()
   at Microsoft.EntityFrameworkCore.EntityFrameworkQueryableExtensions.ToListAsync[TSource](IQueryable`1 source, CancellationToken cancellationToken)
   at Microsoft.EntityFrameworkCore.EntityFrameworkQueryableExtensions.ToListAsync[TSource](IQueryable`1 source, CancellationToken cancellationToken)
   at FIT.Infrastructure.Persistence.Repositories.FieldIssueRepository.GetAllAsync(FieldIssueFilter filter, CancellationToken ct) in /Users/lalit.tak/Documents/Workspace/FIT/src/FIT.Infrastructure/Persistence/Repositories/FieldIssueRepository.cs:line 44
   at FIT.Application.Features.Issues.Queries.GetIssuesQueryHandler.Handle(GetIssuesQuery request, CancellationToken cancellationToken) in /Users/lalit.tak/Documents/Workspace/FIT/src/FIT.Application/Features/Issues/Queries/GetIssuesQuery.cs:line 53
   at FIT.API.Controllers.IssuesController.GetAll(GetIssuesQuery query, CancellationToken ct) in /Users/lalit.tak/Documents/Workspace/FIT/src/FIT.API/Controllers/IssuesController.cs:line 30
   at Microsoft.AspNetCore.Mvc.Infrastructure.ActionMethodExecutor.TaskOfIActionResultExecutor.Execute(ActionContext actionContext, IActionResultTypeMapper mapper, ObjectMethodExecutor executor, Object controller, Object[] arguments)
   at Microsoft.AspNetCore.Mvc.Infrastructure.ControllerActionInvoker.<InvokeActionMethodAsync>g__Awaited|12_0(ControllerActionInvoker invoker, ValueTask`1 actionResultValueTask)
   at Microsoft.AspNetCore.Mvc.Infrastructure.ControllerActionInvoker.<InvokeNextActionFilterAsync>g__Awaited|10_0(ControllerActionInvoker invoker, Task lastTask, State next, Scope scope, Object state, Boolean isCompleted)
   at Microsoft.AspNetCore.Mvc.Infrastructure.ControllerActionInvoker.Rethrow(ActionExecutedContextSealed context)
   at Microsoft.AspNetCore.Mvc.Infrastructure.ControllerActionInvoker.Next(State& next, Scope& scope, Object& state, Boolean& isCompleted)
   at Microsoft.AspNetCore.Mvc.Infrastructure.ControllerActionInvoker.<InvokeInnerFilterAsync>g__Awaited|13_0(ControllerActionInvoker invoker, Task lastTask, State next, Scope scope, Object state, Boolean isCompleted)
   at Microsoft.AspNetCore.Mvc.Infrastructure.ResourceInvoker.<InvokeFilterPipelineAsync>g__Awaited|20_0(ResourceInvoker invoker, Task lastTask, State next, Scope scope, Object state, Boolean isCompleted)
   at Microsoft.AspNetCore.Mvc.Infrastructure.ResourceInvoker.<InvokeAsync>g__Awaited|17_0(ResourceInvoker invoker, Task task, IDisposable scope)
   at Microsoft.AspNetCore.Mvc.Infrastructure.ResourceInvoker.<InvokeAsync>g__Awaited|17_0(ResourceInvoker invoker, Task task, IDisposable scope)
   at Microsoft.AspNetCore.Authorization.AuthorizationMiddleware.Invoke(HttpContext context)
   at Microsoft.AspNetCore.Authentication.AuthenticationMiddleware.Invoke(HttpContext context)
   at Serilog.AspNetCore.RequestLoggingMiddleware.Invoke(HttpContext httpContext)
   at Microsoft.AspNetCore.Diagnostics.ExceptionHandlerMiddlewareImpl.<Invoke>g__Awaited|10_0(ExceptionHandlerMiddlewareImpl middleware, HttpContext context, Task task)
  Exception data:
    Severity: ERROR
    SqlState: 2201X
    MessageText: OFFSET must not be negative
    File: nodeLimit.c
    Line: 373
    Routine: recompute_limits
2026-07-29 15:56:19.651 +05:30 [INF] HTTP GET /api/dashboard responded 200 in 29.5307 ms
2026-07-29 15:57:07.867 +05:30 [INF] HTTP GET /api/dashboard responded 200 in 35.6319 ms
2026-07-29 15:57:28.209 +05:30 [INF] HTTP GET /api/issues/65e22d66-9eb9-4ac2-8996-53889b959264 responded 200 in 40.1793 ms
2026-07-29 15:57:32.075 +05:30 [ERR] Failed executing DbCommand (10ms) [Parameters=[@__p_1='?' (DbType = Int32), @__p_0='?' (DbType = Int32)], CommandType='"Text"', CommandTimeout='30']
SELECT f0.id, f0.actual_behavior, f0.approved_at, f0.assigned_developer_id, f0.category, f0.closed_at, f0.comm_type, f0.created_at, f0.customer_id, f0.customer_site_address, f0.description, f0.development_started_at, f0.expected_behavior, f0.field_observations, f0.issue_number, f0.jira_key, f0.jira_url, f0.firmware_version, f0.meter_serial, f0.meter_type, f0.priority, f0.reporter_id, f0.review_started_at, f0.severity, f0.status, f0.steps_to_reproduce, f0.submitted_at, f0.summary, f0.updated_at, f0.validation_started_at, u.id, u.created_at, u.department, u.email, u.first_name, u.is_active, u.last_login_at, u.last_name, u.password_hash, u.phone_number, u.role, u.updated_at, u0.id, u0.created_at, u0.department, u0.email, u0.first_name, u0.is_active, u0.last_login_at, u0.last_name, u0.password_hash, u0.phone_number, u0.role, u0.updated_at
FROM (
    SELECT f.id, f.actual_behavior, f.approved_at, f.assigned_developer_id, f.category, f.closed_at, f.comm_type, f.created_at, f.customer_id, f.customer_site_address, f.description, f.development_started_at, f.expected_behavior, f.field_observations, f.issue_number, f.jira_key, f.jira_url, f.firmware_version, f.meter_serial, f.meter_type, f.priority, f.reporter_id, f.review_started_at, f.severity, f.status, f.steps_to_reproduce, f.submitted_at, f.summary, f.updated_at, f.validation_started_at
    FROM field_issues AS f
    ORDER BY f.created_at DESC
    LIMIT @__p_1 OFFSET @__p_0
) AS f0
INNER JOIN users AS u ON f0.reporter_id = u.id
LEFT JOIN users AS u0 ON f0.assigned_developer_id = u0.id
ORDER BY f0.created_at DESC
2026-07-29 15:57:32.085 +05:30 [ERR] An exception occurred while iterating over the results of a query for context type 'FIT.Infrastructure.Persistence.FitDbContext'.
Npgsql.PostgresException (0x80004005): 2201X: OFFSET must not be negative
   at Npgsql.Internal.NpgsqlConnector.ReadMessageLong(Boolean async, DataRowLoadingMode dataRowLoadingMode, Boolean readingNotifications, Boolean isReadingPrependedMessage)
   at System.Runtime.CompilerServices.PoolingAsyncValueTaskMethodBuilder`1.StateMachineBox`1.System.Threading.Tasks.Sources.IValueTaskSource<TResult>.GetResult(Int16 token)
   at Npgsql.NpgsqlDataReader.NextResult(Boolean async, Boolean isConsuming, CancellationToken cancellationToken)
   at Npgsql.NpgsqlDataReader.NextResult(Boolean async, Boolean isConsuming, CancellationToken cancellationToken)
   at Npgsql.NpgsqlCommand.ExecuteReader(Boolean async, CommandBehavior behavior, CancellationToken cancellationToken)
   at Npgsql.NpgsqlCommand.ExecuteReader(Boolean async, CommandBehavior behavior, CancellationToken cancellationToken)
   at Npgsql.NpgsqlCommand.ExecuteDbDataReaderAsync(CommandBehavior behavior, CancellationToken cancellationToken)
   at Microsoft.EntityFrameworkCore.Storage.RelationalCommand.ExecuteReaderAsync(RelationalCommandParameterObject parameterObject, CancellationToken cancellationToken)
   at Microsoft.EntityFrameworkCore.Storage.RelationalCommand.ExecuteReaderAsync(RelationalCommandParameterObject parameterObject, CancellationToken cancellationToken)
   at Microsoft.EntityFrameworkCore.Query.Internal.SingleQueryingEnumerable`1.AsyncEnumerator.InitializeReaderAsync(AsyncEnumerator enumerator, CancellationToken cancellationToken)
   at Npgsql.EntityFrameworkCore.PostgreSQL.Storage.Internal.NpgsqlExecutionStrategy.ExecuteAsync[TState,TResult](TState state, Func`4 operation, Func`4 verifySucceeded, CancellationToken cancellationToken)
   at Microsoft.EntityFrameworkCore.Query.Internal.SingleQueryingEnumerable`1.AsyncEnumerator.MoveNextAsync()
  Exception data:
    Severity: ERROR
    SqlState: 2201X
    MessageText: OFFSET must not be negative
    File: nodeLimit.c
    Line: 373
    Routine: recompute_limits
Npgsql.PostgresException (0x80004005): 2201X: OFFSET must not be negative
   at Npgsql.Internal.NpgsqlConnector.ReadMessageLong(Boolean async, DataRowLoadingMode dataRowLoadingMode, Boolean readingNotifications, Boolean isReadingPrependedMessage)
   at System.Runtime.CompilerServices.PoolingAsyncValueTaskMethodBuilder`1.StateMachineBox`1.System.Threading.Tasks.Sources.IValueTaskSource<TResult>.GetResult(Int16 token)
   at Npgsql.NpgsqlDataReader.NextResult(Boolean async, Boolean isConsuming, CancellationToken cancellationToken)
   at Npgsql.NpgsqlDataReader.NextResult(Boolean async, Boolean isConsuming, CancellationToken cancellationToken)
   at Npgsql.NpgsqlCommand.ExecuteReader(Boolean async, CommandBehavior behavior, CancellationToken cancellationToken)
   at Npgsql.NpgsqlCommand.ExecuteReader(Boolean async, CommandBehavior behavior, CancellationToken cancellationToken)
   at Npgsql.NpgsqlCommand.ExecuteDbDataReaderAsync(CommandBehavior behavior, CancellationToken cancellationToken)
   at Microsoft.EntityFrameworkCore.Storage.RelationalCommand.ExecuteReaderAsync(RelationalCommandParameterObject parameterObject, CancellationToken cancellationToken)
   at Microsoft.EntityFrameworkCore.Storage.RelationalCommand.ExecuteReaderAsync(RelationalCommandParameterObject parameterObject, CancellationToken cancellationToken)
   at Microsoft.EntityFrameworkCore.Query.Internal.SingleQueryingEnumerable`1.AsyncEnumerator.InitializeReaderAsync(AsyncEnumerator enumerator, CancellationToken cancellationToken)
   at Npgsql.EntityFrameworkCore.PostgreSQL.Storage.Internal.NpgsqlExecutionStrategy.ExecuteAsync[TState,TResult](TState state, Func`4 operation, Func`4 verifySucceeded, CancellationToken cancellationToken)
   at Microsoft.EntityFrameworkCore.Query.Internal.SingleQueryingEnumerable`1.AsyncEnumerator.MoveNextAsync()
  Exception data:
    Severity: ERROR
    SqlState: 2201X
    MessageText: OFFSET must not be negative
    File: nodeLimit.c
    Line: 373
    Routine: recompute_limits
2026-07-29 15:57:32.095 +05:30 [ERR] HTTP GET /api/issues responded 500 in 38.9395 ms
Npgsql.PostgresException (0x80004005): 2201X: OFFSET must not be negative
   at Npgsql.Internal.NpgsqlConnector.ReadMessageLong(Boolean async, DataRowLoadingMode dataRowLoadingMode, Boolean readingNotifications, Boolean isReadingPrependedMessage)
   at System.Runtime.CompilerServices.PoolingAsyncValueTaskMethodBuilder`1.StateMachineBox`1.System.Threading.Tasks.Sources.IValueTaskSource<TResult>.GetResult(Int16 token)
   at Npgsql.NpgsqlDataReader.NextResult(Boolean async, Boolean isConsuming, CancellationToken cancellationToken)
   at Npgsql.NpgsqlDataReader.NextResult(Boolean async, Boolean isConsuming, CancellationToken cancellationToken)
   at Npgsql.NpgsqlCommand.ExecuteReader(Boolean async, CommandBehavior behavior, CancellationToken cancellationToken)
   at Npgsql.NpgsqlCommand.ExecuteReader(Boolean async, CommandBehavior behavior, CancellationToken cancellationToken)
   at Npgsql.NpgsqlCommand.ExecuteDbDataReaderAsync(CommandBehavior behavior, CancellationToken cancellationToken)
   at Microsoft.EntityFrameworkCore.Storage.RelationalCommand.ExecuteReaderAsync(RelationalCommandParameterObject parameterObject, CancellationToken cancellationToken)
   at Microsoft.EntityFrameworkCore.Storage.RelationalCommand.ExecuteReaderAsync(RelationalCommandParameterObject parameterObject, CancellationToken cancellationToken)
   at Microsoft.EntityFrameworkCore.Query.Internal.SingleQueryingEnumerable`1.AsyncEnumerator.InitializeReaderAsync(AsyncEnumerator enumerator, CancellationToken cancellationToken)
   at Npgsql.EntityFrameworkCore.PostgreSQL.Storage.Internal.NpgsqlExecutionStrategy.ExecuteAsync[TState,TResult](TState state, Func`4 operation, Func`4 verifySucceeded, CancellationToken cancellationToken)
   at Microsoft.EntityFrameworkCore.Query.Internal.SingleQueryingEnumerable`1.AsyncEnumerator.MoveNextAsync()
   at Microsoft.EntityFrameworkCore.EntityFrameworkQueryableExtensions.ToListAsync[TSource](IQueryable`1 source, CancellationToken cancellationToken)
   at Microsoft.EntityFrameworkCore.EntityFrameworkQueryableExtensions.ToListAsync[TSource](IQueryable`1 source, CancellationToken cancellationToken)
   at FIT.Infrastructure.Persistence.Repositories.FieldIssueRepository.GetAllAsync(FieldIssueFilter filter, CancellationToken ct) in /Users/lalit.tak/Documents/Workspace/FIT/src/FIT.Infrastructure/Persistence/Repositories/FieldIssueRepository.cs:line 44
   at FIT.Application.Features.Issues.Queries.GetIssuesQueryHandler.Handle(GetIssuesQuery request, CancellationToken cancellationToken) in /Users/lalit.tak/Documents/Workspace/FIT/src/FIT.Application/Features/Issues/Queries/GetIssuesQuery.cs:line 53
   at FIT.API.Controllers.IssuesController.GetAll(GetIssuesQuery query, CancellationToken ct) in /Users/lalit.tak/Documents/Workspace/FIT/src/FIT.API/Controllers/IssuesController.cs:line 30
   at Microsoft.AspNetCore.Mvc.Infrastructure.ActionMethodExecutor.TaskOfIActionResultExecutor.Execute(ActionContext actionContext, IActionResultTypeMapper mapper, ObjectMethodExecutor executor, Object controller, Object[] arguments)
   at Microsoft.AspNetCore.Mvc.Infrastructure.ControllerActionInvoker.<InvokeActionMethodAsync>g__Awaited|12_0(ControllerActionInvoker invoker, ValueTask`1 actionResultValueTask)
   at Microsoft.AspNetCore.Mvc.Infrastructure.ControllerActionInvoker.<InvokeNextActionFilterAsync>g__Awaited|10_0(ControllerActionInvoker invoker, Task lastTask, State next, Scope scope, Object state, Boolean isCompleted)
   at Microsoft.AspNetCore.Mvc.Infrastructure.ControllerActionInvoker.Rethrow(ActionExecutedContextSealed context)
   at Microsoft.AspNetCore.Mvc.Infrastructure.ControllerActionInvoker.Next(State& next, Scope& scope, Object& state, Boolean& isCompleted)
   at Microsoft.AspNetCore.Mvc.Infrastructure.ControllerActionInvoker.<InvokeInnerFilterAsync>g__Awaited|13_0(ControllerActionInvoker invoker, Task lastTask, State next, Scope scope, Object state, Boolean isCompleted)
   at Microsoft.AspNetCore.Mvc.Infrastructure.ResourceInvoker.<InvokeFilterPipelineAsync>g__Awaited|20_0(ResourceInvoker invoker, Task lastTask, State next, Scope scope, Object state, Boolean isCompleted)
   at Microsoft.AspNetCore.Mvc.Infrastructure.ResourceInvoker.<InvokeAsync>g__Awaited|17_0(ResourceInvoker invoker, Task task, IDisposable scope)
   at Microsoft.AspNetCore.Mvc.Infrastructure.ResourceInvoker.<InvokeAsync>g__Awaited|17_0(ResourceInvoker invoker, Task task, IDisposable scope)
   at Microsoft.AspNetCore.Authorization.AuthorizationMiddleware.Invoke(HttpContext context)
   at Microsoft.AspNetCore.Authentication.AuthenticationMiddleware.Invoke(HttpContext context)
   at Serilog.AspNetCore.RequestLoggingMiddleware.Invoke(HttpContext httpContext)
  Exception data:
    Severity: ERROR
    SqlState: 2201X
    MessageText: OFFSET must not be negative
    File: nodeLimit.c
    Line: 373
    Routine: recompute_limits
2026-07-29 15:57:32.101 +05:30 [ERR] An unhandled exception has occurred while executing the request.
Npgsql.PostgresException (0x80004005): 2201X: OFFSET must not be negative
   at Npgsql.Internal.NpgsqlConnector.ReadMessageLong(Boolean async, DataRowLoadingMode dataRowLoadingMode, Boolean readingNotifications, Boolean isReadingPrependedMessage)
   at System.Runtime.CompilerServices.PoolingAsyncValueTaskMethodBuilder`1.StateMachineBox`1.System.Threading.Tasks.Sources.IValueTaskSource<TResult>.GetResult(Int16 token)
   at Npgsql.NpgsqlDataReader.NextResult(Boolean async, Boolean isConsuming, CancellationToken cancellationToken)
   at Npgsql.NpgsqlDataReader.NextResult(Boolean async, Boolean isConsuming, CancellationToken cancellationToken)
   at Npgsql.NpgsqlCommand.ExecuteReader(Boolean async, CommandBehavior behavior, CancellationToken cancellationToken)
   at Npgsql.NpgsqlCommand.ExecuteReader(Boolean async, CommandBehavior behavior, CancellationToken cancellationToken)
   at Npgsql.NpgsqlCommand.ExecuteDbDataReaderAsync(CommandBehavior behavior, CancellationToken cancellationToken)
   at Microsoft.EntityFrameworkCore.Storage.RelationalCommand.ExecuteReaderAsync(RelationalCommandParameterObject parameterObject, CancellationToken cancellationToken)
   at Microsoft.EntityFrameworkCore.Storage.RelationalCommand.ExecuteReaderAsync(RelationalCommandParameterObject parameterObject, CancellationToken cancellationToken)
   at Microsoft.EntityFrameworkCore.Query.Internal.SingleQueryingEnumerable`1.AsyncEnumerator.InitializeReaderAsync(AsyncEnumerator enumerator, CancellationToken cancellationToken)
   at Npgsql.EntityFrameworkCore.PostgreSQL.Storage.Internal.NpgsqlExecutionStrategy.ExecuteAsync[TState,TResult](TState state, Func`4 operation, Func`4 verifySucceeded, CancellationToken cancellationToken)
   at Microsoft.EntityFrameworkCore.Query.Internal.SingleQueryingEnumerable`1.AsyncEnumerator.MoveNextAsync()
   at Microsoft.EntityFrameworkCore.EntityFrameworkQueryableExtensions.ToListAsync[TSource](IQueryable`1 source, CancellationToken cancellationToken)
   at Microsoft.EntityFrameworkCore.EntityFrameworkQueryableExtensions.ToListAsync[TSource](IQueryable`1 source, CancellationToken cancellationToken)
   at FIT.Infrastructure.Persistence.Repositories.FieldIssueRepository.GetAllAsync(FieldIssueFilter filter, CancellationToken ct) in /Users/lalit.tak/Documents/Workspace/FIT/src/FIT.Infrastructure/Persistence/Repositories/FieldIssueRepository.cs:line 44
   at FIT.Application.Features.Issues.Queries.GetIssuesQueryHandler.Handle(GetIssuesQuery request, CancellationToken cancellationToken) in /Users/lalit.tak/Documents/Workspace/FIT/src/FIT.Application/Features/Issues/Queries/GetIssuesQuery.cs:line 53
   at FIT.API.Controllers.IssuesController.GetAll(GetIssuesQuery query, CancellationToken ct) in /Users/lalit.tak/Documents/Workspace/FIT/src/FIT.API/Controllers/IssuesController.cs:line 30
   at Microsoft.AspNetCore.Mvc.Infrastructure.ActionMethodExecutor.TaskOfIActionResultExecutor.Execute(ActionContext actionContext, IActionResultTypeMapper mapper, ObjectMethodExecutor executor, Object controller, Object[] arguments)
   at Microsoft.AspNetCore.Mvc.Infrastructure.ControllerActionInvoker.<InvokeActionMethodAsync>g__Awaited|12_0(ControllerActionInvoker invoker, ValueTask`1 actionResultValueTask)
   at Microsoft.AspNetCore.Mvc.Infrastructure.ControllerActionInvoker.<InvokeNextActionFilterAsync>g__Awaited|10_0(ControllerActionInvoker invoker, Task lastTask, State next, Scope scope, Object state, Boolean isCompleted)
   at Microsoft.AspNetCore.Mvc.Infrastructure.ControllerActionInvoker.Rethrow(ActionExecutedContextSealed context)
   at Microsoft.AspNetCore.Mvc.Infrastructure.ControllerActionInvoker.Next(State& next, Scope& scope, Object& state, Boolean& isCompleted)
   at Microsoft.AspNetCore.Mvc.Infrastructure.ControllerActionInvoker.<InvokeInnerFilterAsync>g__Awaited|13_0(ControllerActionInvoker invoker, Task lastTask, State next, Scope scope, Object state, Boolean isCompleted)
   at Microsoft.AspNetCore.Mvc.Infrastructure.ResourceInvoker.<InvokeFilterPipelineAsync>g__Awaited|20_0(ResourceInvoker invoker, Task lastTask, State next, Scope scope, Object state, Boolean isCompleted)
   at Microsoft.AspNetCore.Mvc.Infrastructure.ResourceInvoker.<InvokeAsync>g__Awaited|17_0(ResourceInvoker invoker, Task task, IDisposable scope)
   at Microsoft.AspNetCore.Mvc.Infrastructure.ResourceInvoker.<InvokeAsync>g__Awaited|17_0(ResourceInvoker invoker, Task task, IDisposable scope)
   at Microsoft.AspNetCore.Authorization.AuthorizationMiddleware.Invoke(HttpContext context)
   at Microsoft.AspNetCore.Authentication.AuthenticationMiddleware.Invoke(HttpContext context)
   at Serilog.AspNetCore.RequestLoggingMiddleware.Invoke(HttpContext httpContext)
   at Microsoft.AspNetCore.Diagnostics.ExceptionHandlerMiddlewareImpl.<Invoke>g__Awaited|10_0(ExceptionHandlerMiddlewareImpl middleware, HttpContext context, Task task)
  Exception data:
    Severity: ERROR
    SqlState: 2201X
    MessageText: OFFSET must not be negative
    File: nodeLimit.c
    Line: 373
    Routine: recompute_limits
2026-07-29 15:57:32.104 +05:30 [ERR] Unhandled exception
Npgsql.PostgresException (0x80004005): 2201X: OFFSET must not be negative
   at Npgsql.Internal.NpgsqlConnector.ReadMessageLong(Boolean async, DataRowLoadingMode dataRowLoadingMode, Boolean readingNotifications, Boolean isReadingPrependedMessage)
   at System.Runtime.CompilerServices.PoolingAsyncValueTaskMethodBuilder`1.StateMachineBox`1.System.Threading.Tasks.Sources.IValueTaskSource<TResult>.GetResult(Int16 token)
   at Npgsql.NpgsqlDataReader.NextResult(Boolean async, Boolean isConsuming, CancellationToken cancellationToken)
   at Npgsql.NpgsqlDataReader.NextResult(Boolean async, Boolean isConsuming, CancellationToken cancellationToken)
   at Npgsql.NpgsqlCommand.ExecuteReader(Boolean async, CommandBehavior behavior, CancellationToken cancellationToken)
   at Npgsql.NpgsqlCommand.ExecuteReader(Boolean async, CommandBehavior behavior, CancellationToken cancellationToken)
   at Npgsql.NpgsqlCommand.ExecuteDbDataReaderAsync(CommandBehavior behavior, CancellationToken cancellationToken)
   at Microsoft.EntityFrameworkCore.Storage.RelationalCommand.ExecuteReaderAsync(RelationalCommandParameterObject parameterObject, CancellationToken cancellationToken)
   at Microsoft.EntityFrameworkCore.Storage.RelationalCommand.ExecuteReaderAsync(RelationalCommandParameterObject parameterObject, CancellationToken cancellationToken)
   at Microsoft.EntityFrameworkCore.Query.Internal.SingleQueryingEnumerable`1.AsyncEnumerator.InitializeReaderAsync(AsyncEnumerator enumerator, CancellationToken cancellationToken)
   at Npgsql.EntityFrameworkCore.PostgreSQL.Storage.Internal.NpgsqlExecutionStrategy.ExecuteAsync[TState,TResult](TState state, Func`4 operation, Func`4 verifySucceeded, CancellationToken cancellationToken)
   at Microsoft.EntityFrameworkCore.Query.Internal.SingleQueryingEnumerable`1.AsyncEnumerator.MoveNextAsync()
   at Microsoft.EntityFrameworkCore.EntityFrameworkQueryableExtensions.ToListAsync[TSource](IQueryable`1 source, CancellationToken cancellationToken)
   at Microsoft.EntityFrameworkCore.EntityFrameworkQueryableExtensions.ToListAsync[TSource](IQueryable`1 source, CancellationToken cancellationToken)
   at FIT.Infrastructure.Persistence.Repositories.FieldIssueRepository.GetAllAsync(FieldIssueFilter filter, CancellationToken ct) in /Users/lalit.tak/Documents/Workspace/FIT/src/FIT.Infrastructure/Persistence/Repositories/FieldIssueRepository.cs:line 44
   at FIT.Application.Features.Issues.Queries.GetIssuesQueryHandler.Handle(GetIssuesQuery request, CancellationToken cancellationToken) in /Users/lalit.tak/Documents/Workspace/FIT/src/FIT.Application/Features/Issues/Queries/GetIssuesQuery.cs:line 53
   at FIT.API.Controllers.IssuesController.GetAll(GetIssuesQuery query, CancellationToken ct) in /Users/lalit.tak/Documents/Workspace/FIT/src/FIT.API/Controllers/IssuesController.cs:line 30
   at Microsoft.AspNetCore.Mvc.Infrastructure.ActionMethodExecutor.TaskOfIActionResultExecutor.Execute(ActionContext actionContext, IActionResultTypeMapper mapper, ObjectMethodExecutor executor, Object controller, Object[] arguments)
   at Microsoft.AspNetCore.Mvc.Infrastructure.ControllerActionInvoker.<InvokeActionMethodAsync>g__Awaited|12_0(ControllerActionInvoker invoker, ValueTask`1 actionResultValueTask)
   at Microsoft.AspNetCore.Mvc.Infrastructure.ControllerActionInvoker.<InvokeNextActionFilterAsync>g__Awaited|10_0(ControllerActionInvoker invoker, Task lastTask, State next, Scope scope, Object state, Boolean isCompleted)
   at Microsoft.AspNetCore.Mvc.Infrastructure.ControllerActionInvoker.Rethrow(ActionExecutedContextSealed context)
   at Microsoft.AspNetCore.Mvc.Infrastructure.ControllerActionInvoker.Next(State& next, Scope& scope, Object& state, Boolean& isCompleted)
   at Microsoft.AspNetCore.Mvc.Infrastructure.ControllerActionInvoker.<InvokeInnerFilterAsync>g__Awaited|13_0(ControllerActionInvoker invoker, Task lastTask, State next, Scope scope, Object state, Boolean isCompleted)
   at Microsoft.AspNetCore.Mvc.Infrastructure.ResourceInvoker.<InvokeFilterPipelineAsync>g__Awaited|20_0(ResourceInvoker invoker, Task lastTask, State next, Scope scope, Object state, Boolean isCompleted)
   at Microsoft.AspNetCore.Mvc.Infrastructure.ResourceInvoker.<InvokeAsync>g__Awaited|17_0(ResourceInvoker invoker, Task task, IDisposable scope)
   at Microsoft.AspNetCore.Mvc.Infrastructure.ResourceInvoker.<InvokeAsync>g__Awaited|17_0(ResourceInvoker invoker, Task task, IDisposable scope)
   at Microsoft.AspNetCore.Authorization.AuthorizationMiddleware.Invoke(HttpContext context)
   at Microsoft.AspNetCore.Authentication.AuthenticationMiddleware.Invoke(HttpContext context)
   at Serilog.AspNetCore.RequestLoggingMiddleware.Invoke(HttpContext httpContext)
   at Microsoft.AspNetCore.Diagnostics.ExceptionHandlerMiddlewareImpl.<Invoke>g__Awaited|10_0(ExceptionHandlerMiddlewareImpl middleware, HttpContext context, Task task)
  Exception data:
    Severity: ERROR
    SqlState: 2201X
    MessageText: OFFSET must not be negative
    File: nodeLimit.c
    Line: 373
    Routine: recompute_limits
2026-07-29 15:57:33.144 +05:30 [ERR] Failed executing DbCommand (5ms) [Parameters=[@__p_1='?' (DbType = Int32), @__p_0='?' (DbType = Int32)], CommandType='"Text"', CommandTimeout='30']
SELECT f0.id, f0.actual_behavior, f0.approved_at, f0.assigned_developer_id, f0.category, f0.closed_at, f0.comm_type, f0.created_at, f0.customer_id, f0.customer_site_address, f0.description, f0.development_started_at, f0.expected_behavior, f0.field_observations, f0.issue_number, f0.jira_key, f0.jira_url, f0.firmware_version, f0.meter_serial, f0.meter_type, f0.priority, f0.reporter_id, f0.review_started_at, f0.severity, f0.status, f0.steps_to_reproduce, f0.submitted_at, f0.summary, f0.updated_at, f0.validation_started_at, u.id, u.created_at, u.department, u.email, u.first_name, u.is_active, u.last_login_at, u.last_name, u.password_hash, u.phone_number, u.role, u.updated_at, u0.id, u0.created_at, u0.department, u0.email, u0.first_name, u0.is_active, u0.last_login_at, u0.last_name, u0.password_hash, u0.phone_number, u0.role, u0.updated_at
FROM (
    SELECT f.id, f.actual_behavior, f.approved_at, f.assigned_developer_id, f.category, f.closed_at, f.comm_type, f.created_at, f.customer_id, f.customer_site_address, f.description, f.development_started_at, f.expected_behavior, f.field_observations, f.issue_number, f.jira_key, f.jira_url, f.firmware_version, f.meter_serial, f.meter_type, f.priority, f.reporter_id, f.review_started_at, f.severity, f.status, f.steps_to_reproduce, f.submitted_at, f.summary, f.updated_at, f.validation_started_at
    FROM field_issues AS f
    ORDER BY f.created_at DESC
    LIMIT @__p_1 OFFSET @__p_0
) AS f0
INNER JOIN users AS u ON f0.reporter_id = u.id
LEFT JOIN users AS u0 ON f0.assigned_developer_id = u0.id
ORDER BY f0.created_at DESC
2026-07-29 15:57:33.146 +05:30 [ERR] An exception occurred while iterating over the results of a query for context type 'FIT.Infrastructure.Persistence.FitDbContext'.
Npgsql.PostgresException (0x80004005): 2201X: OFFSET must not be negative
   at Npgsql.Internal.NpgsqlConnector.ReadMessageLong(Boolean async, DataRowLoadingMode dataRowLoadingMode, Boolean readingNotifications, Boolean isReadingPrependedMessage)
   at System.Runtime.CompilerServices.PoolingAsyncValueTaskMethodBuilder`1.StateMachineBox`1.System.Threading.Tasks.Sources.IValueTaskSource<TResult>.GetResult(Int16 token)
   at Npgsql.NpgsqlDataReader.NextResult(Boolean async, Boolean isConsuming, CancellationToken cancellationToken)
   at Npgsql.NpgsqlDataReader.NextResult(Boolean async, Boolean isConsuming, CancellationToken cancellationToken)
   at Npgsql.NpgsqlCommand.ExecuteReader(Boolean async, CommandBehavior behavior, CancellationToken cancellationToken)
   at Npgsql.NpgsqlCommand.ExecuteReader(Boolean async, CommandBehavior behavior, CancellationToken cancellationToken)
   at Npgsql.NpgsqlCommand.ExecuteDbDataReaderAsync(CommandBehavior behavior, CancellationToken cancellationToken)
   at Microsoft.EntityFrameworkCore.Storage.RelationalCommand.ExecuteReaderAsync(RelationalCommandParameterObject parameterObject, CancellationToken cancellationToken)
   at Microsoft.EntityFrameworkCore.Storage.RelationalCommand.ExecuteReaderAsync(RelationalCommandParameterObject parameterObject, CancellationToken cancellationToken)
   at Microsoft.EntityFrameworkCore.Query.Internal.SingleQueryingEnumerable`1.AsyncEnumerator.InitializeReaderAsync(AsyncEnumerator enumerator, CancellationToken cancellationToken)
   at Npgsql.EntityFrameworkCore.PostgreSQL.Storage.Internal.NpgsqlExecutionStrategy.ExecuteAsync[TState,TResult](TState state, Func`4 operation, Func`4 verifySucceeded, CancellationToken cancellationToken)
   at Microsoft.EntityFrameworkCore.Query.Internal.SingleQueryingEnumerable`1.AsyncEnumerator.MoveNextAsync()
  Exception data:
    Severity: ERROR
    SqlState: 2201X
    MessageText: OFFSET must not be negative
    File: nodeLimit.c
    Line: 373
    Routine: recompute_limits
Npgsql.PostgresException (0x80004005): 2201X: OFFSET must not be negative
   at Npgsql.Internal.NpgsqlConnector.ReadMessageLong(Boolean async, DataRowLoadingMode dataRowLoadingMode, Boolean readingNotifications, Boolean isReadingPrependedMessage)
   at System.Runtime.CompilerServices.PoolingAsyncValueTaskMethodBuilder`1.StateMachineBox`1.System.Threading.Tasks.Sources.IValueTaskSource<TResult>.GetResult(Int16 token)
   at Npgsql.NpgsqlDataReader.NextResult(Boolean async, Boolean isConsuming, CancellationToken cancellationToken)
   at Npgsql.NpgsqlDataReader.NextResult(Boolean async, Boolean isConsuming, CancellationToken cancellationToken)
   at Npgsql.NpgsqlCommand.ExecuteReader(Boolean async, CommandBehavior behavior, CancellationToken cancellationToken)
   at Npgsql.NpgsqlCommand.ExecuteReader(Boolean async, CommandBehavior behavior, CancellationToken cancellationToken)
   at Npgsql.NpgsqlCommand.ExecuteDbDataReaderAsync(CommandBehavior behavior, CancellationToken cancellationToken)
   at Microsoft.EntityFrameworkCore.Storage.RelationalCommand.ExecuteReaderAsync(RelationalCommandParameterObject parameterObject, CancellationToken cancellationToken)
   at Microsoft.EntityFrameworkCore.Storage.RelationalCommand.ExecuteReaderAsync(RelationalCommandParameterObject parameterObject, CancellationToken cancellationToken)
   at Microsoft.EntityFrameworkCore.Query.Internal.SingleQueryingEnumerable`1.AsyncEnumerator.InitializeReaderAsync(AsyncEnumerator enumerator, CancellationToken cancellationToken)
   at Npgsql.EntityFrameworkCore.PostgreSQL.Storage.Internal.NpgsqlExecutionStrategy.ExecuteAsync[TState,TResult](TState state, Func`4 operation, Func`4 verifySucceeded, CancellationToken cancellationToken)
   at Microsoft.EntityFrameworkCore.Query.Internal.SingleQueryingEnumerable`1.AsyncEnumerator.MoveNextAsync()
  Exception data:
    Severity: ERROR
    SqlState: 2201X
    MessageText: OFFSET must not be negative
    File: nodeLimit.c
    Line: 373
    Routine: recompute_limits
2026-07-29 15:57:33.148 +05:30 [ERR] HTTP GET /api/issues responded 500 in 19.3867 ms
Npgsql.PostgresException (0x80004005): 2201X: OFFSET must not be negative
   at Npgsql.Internal.NpgsqlConnector.ReadMessageLong(Boolean async, DataRowLoadingMode dataRowLoadingMode, Boolean readingNotifications, Boolean isReadingPrependedMessage)
   at System.Runtime.CompilerServices.PoolingAsyncValueTaskMethodBuilder`1.StateMachineBox`1.System.Threading.Tasks.Sources.IValueTaskSource<TResult>.GetResult(Int16 token)
   at Npgsql.NpgsqlDataReader.NextResult(Boolean async, Boolean isConsuming, CancellationToken cancellationToken)
   at Npgsql.NpgsqlDataReader.NextResult(Boolean async, Boolean isConsuming, CancellationToken cancellationToken)
   at Npgsql.NpgsqlCommand.ExecuteReader(Boolean async, CommandBehavior behavior, CancellationToken cancellationToken)
   at Npgsql.NpgsqlCommand.ExecuteReader(Boolean async, CommandBehavior behavior, CancellationToken cancellationToken)
   at Npgsql.NpgsqlCommand.ExecuteDbDataReaderAsync(CommandBehavior behavior, CancellationToken cancellationToken)
   at Microsoft.EntityFrameworkCore.Storage.RelationalCommand.ExecuteReaderAsync(RelationalCommandParameterObject parameterObject, CancellationToken cancellationToken)
   at Microsoft.EntityFrameworkCore.Storage.RelationalCommand.ExecuteReaderAsync(RelationalCommandParameterObject parameterObject, CancellationToken cancellationToken)
   at Microsoft.EntityFrameworkCore.Query.Internal.SingleQueryingEnumerable`1.AsyncEnumerator.InitializeReaderAsync(AsyncEnumerator enumerator, CancellationToken cancellationToken)
   at Npgsql.EntityFrameworkCore.PostgreSQL.Storage.Internal.NpgsqlExecutionStrategy.ExecuteAsync[TState,TResult](TState state, Func`4 operation, Func`4 verifySucceeded, CancellationToken cancellationToken)
   at Microsoft.EntityFrameworkCore.Query.Internal.SingleQueryingEnumerable`1.AsyncEnumerator.MoveNextAsync()
   at Microsoft.EntityFrameworkCore.EntityFrameworkQueryableExtensions.ToListAsync[TSource](IQueryable`1 source, CancellationToken cancellationToken)
   at Microsoft.EntityFrameworkCore.EntityFrameworkQueryableExtensions.ToListAsync[TSource](IQueryable`1 source, CancellationToken cancellationToken)
   at FIT.Infrastructure.Persistence.Repositories.FieldIssueRepository.GetAllAsync(FieldIssueFilter filter, CancellationToken ct) in /Users/lalit.tak/Documents/Workspace/FIT/src/FIT.Infrastructure/Persistence/Repositories/FieldIssueRepository.cs:line 44
   at FIT.Application.Features.Issues.Queries.GetIssuesQueryHandler.Handle(GetIssuesQuery request, CancellationToken cancellationToken) in /Users/lalit.tak/Documents/Workspace/FIT/src/FIT.Application/Features/Issues/Queries/GetIssuesQuery.cs:line 53
   at FIT.API.Controllers.IssuesController.GetAll(GetIssuesQuery query, CancellationToken ct) in /Users/lalit.tak/Documents/Workspace/FIT/src/FIT.API/Controllers/IssuesController.cs:line 30
   at Microsoft.AspNetCore.Mvc.Infrastructure.ActionMethodExecutor.TaskOfIActionResultExecutor.Execute(ActionContext actionContext, IActionResultTypeMapper mapper, ObjectMethodExecutor executor, Object controller, Object[] arguments)
   at Microsoft.AspNetCore.Mvc.Infrastructure.ControllerActionInvoker.<InvokeActionMethodAsync>g__Awaited|12_0(ControllerActionInvoker invoker, ValueTask`1 actionResultValueTask)
   at Microsoft.AspNetCore.Mvc.Infrastructure.ControllerActionInvoker.<InvokeNextActionFilterAsync>g__Awaited|10_0(ControllerActionInvoker invoker, Task lastTask, State next, Scope scope, Object state, Boolean isCompleted)
   at Microsoft.AspNetCore.Mvc.Infrastructure.ControllerActionInvoker.Rethrow(ActionExecutedContextSealed context)
   at Microsoft.AspNetCore.Mvc.Infrastructure.ControllerActionInvoker.Next(State& next, Scope& scope, Object& state, Boolean& isCompleted)
   at Microsoft.AspNetCore.Mvc.Infrastructure.ControllerActionInvoker.<InvokeInnerFilterAsync>g__Awaited|13_0(ControllerActionInvoker invoker, Task lastTask, State next, Scope scope, Object state, Boolean isCompleted)
   at Microsoft.AspNetCore.Mvc.Infrastructure.ResourceInvoker.<InvokeFilterPipelineAsync>g__Awaited|20_0(ResourceInvoker invoker, Task lastTask, State next, Scope scope, Object state, Boolean isCompleted)
   at Microsoft.AspNetCore.Mvc.Infrastructure.ResourceInvoker.<InvokeAsync>g__Awaited|17_0(ResourceInvoker invoker, Task task, IDisposable scope)
   at Microsoft.AspNetCore.Mvc.Infrastructure.ResourceInvoker.<InvokeAsync>g__Awaited|17_0(ResourceInvoker invoker, Task task, IDisposable scope)
   at Microsoft.AspNetCore.Authorization.AuthorizationMiddleware.Invoke(HttpContext context)
   at Microsoft.AspNetCore.Authentication.AuthenticationMiddleware.Invoke(HttpContext context)
   at Serilog.AspNetCore.RequestLoggingMiddleware.Invoke(HttpContext httpContext)
  Exception data:
    Severity: ERROR
    SqlState: 2201X
    MessageText: OFFSET must not be negative
    File: nodeLimit.c
    Line: 373
    Routine: recompute_limits
2026-07-29 15:57:33.152 +05:30 [ERR] An unhandled exception has occurred while executing the request.
Npgsql.PostgresException (0x80004005): 2201X: OFFSET must not be negative
   at Npgsql.Internal.NpgsqlConnector.ReadMessageLong(Boolean async, DataRowLoadingMode dataRowLoadingMode, Boolean readingNotifications, Boolean isReadingPrependedMessage)
   at System.Runtime.CompilerServices.PoolingAsyncValueTaskMethodBuilder`1.StateMachineBox`1.System.Threading.Tasks.Sources.IValueTaskSource<TResult>.GetResult(Int16 token)
   at Npgsql.NpgsqlDataReader.NextResult(Boolean async, Boolean isConsuming, CancellationToken cancellationToken)
   at Npgsql.NpgsqlDataReader.NextResult(Boolean async, Boolean isConsuming, CancellationToken cancellationToken)
   at Npgsql.NpgsqlCommand.ExecuteReader(Boolean async, CommandBehavior behavior, CancellationToken cancellationToken)
   at Npgsql.NpgsqlCommand.ExecuteReader(Boolean async, CommandBehavior behavior, CancellationToken cancellationToken)
   at Npgsql.NpgsqlCommand.ExecuteDbDataReaderAsync(CommandBehavior behavior, CancellationToken cancellationToken)
   at Microsoft.EntityFrameworkCore.Storage.RelationalCommand.ExecuteReaderAsync(RelationalCommandParameterObject parameterObject, CancellationToken cancellationToken)
   at Microsoft.EntityFrameworkCore.Storage.RelationalCommand.ExecuteReaderAsync(RelationalCommandParameterObject parameterObject, CancellationToken cancellationToken)
   at Microsoft.EntityFrameworkCore.Query.Internal.SingleQueryingEnumerable`1.AsyncEnumerator.InitializeReaderAsync(AsyncEnumerator enumerator, CancellationToken cancellationToken)
   at Npgsql.EntityFrameworkCore.PostgreSQL.Storage.Internal.NpgsqlExecutionStrategy.ExecuteAsync[TState,TResult](TState state, Func`4 operation, Func`4 verifySucceeded, CancellationToken cancellationToken)
   at Microsoft.EntityFrameworkCore.Query.Internal.SingleQueryingEnumerable`1.AsyncEnumerator.MoveNextAsync()
   at Microsoft.EntityFrameworkCore.EntityFrameworkQueryableExtensions.ToListAsync[TSource](IQueryable`1 source, CancellationToken cancellationToken)
   at Microsoft.EntityFrameworkCore.EntityFrameworkQueryableExtensions.ToListAsync[TSource](IQueryable`1 source, CancellationToken cancellationToken)
   at FIT.Infrastructure.Persistence.Repositories.FieldIssueRepository.GetAllAsync(FieldIssueFilter filter, CancellationToken ct) in /Users/lalit.tak/Documents/Workspace/FIT/src/FIT.Infrastructure/Persistence/Repositories/FieldIssueRepository.cs:line 44
   at FIT.Application.Features.Issues.Queries.GetIssuesQueryHandler.Handle(GetIssuesQuery request, CancellationToken cancellationToken) in /Users/lalit.tak/Documents/Workspace/FIT/src/FIT.Application/Features/Issues/Queries/GetIssuesQuery.cs:line 53
   at FIT.API.Controllers.IssuesController.GetAll(GetIssuesQuery query, CancellationToken ct) in /Users/lalit.tak/Documents/Workspace/FIT/src/FIT.API/Controllers/IssuesController.cs:line 30
   at Microsoft.AspNetCore.Mvc.Infrastructure.ActionMethodExecutor.TaskOfIActionResultExecutor.Execute(ActionContext actionContext, IActionResultTypeMapper mapper, ObjectMethodExecutor executor, Object controller, Object[] arguments)
   at Microsoft.AspNetCore.Mvc.Infrastructure.ControllerActionInvoker.<InvokeActionMethodAsync>g__Awaited|12_0(ControllerActionInvoker invoker, ValueTask`1 actionResultValueTask)
   at Microsoft.AspNetCore.Mvc.Infrastructure.ControllerActionInvoker.<InvokeNextActionFilterAsync>g__Awaited|10_0(ControllerActionInvoker invoker, Task lastTask, State next, Scope scope, Object state, Boolean isCompleted)
   at Microsoft.AspNetCore.Mvc.Infrastructure.ControllerActionInvoker.Rethrow(ActionExecutedContextSealed context)
   at Microsoft.AspNetCore.Mvc.Infrastructure.ControllerActionInvoker.Next(State& next, Scope& scope, Object& state, Boolean& isCompleted)
   at Microsoft.AspNetCore.Mvc.Infrastructure.ControllerActionInvoker.<InvokeInnerFilterAsync>g__Awaited|13_0(ControllerActionInvoker invoker, Task lastTask, State next, Scope scope, Object state, Boolean isCompleted)
   at Microsoft.AspNetCore.Mvc.Infrastructure.ResourceInvoker.<InvokeFilterPipelineAsync>g__Awaited|20_0(ResourceInvoker invoker, Task lastTask, State next, Scope scope, Object state, Boolean isCompleted)
   at Microsoft.AspNetCore.Mvc.Infrastructure.ResourceInvoker.<InvokeAsync>g__Awaited|17_0(ResourceInvoker invoker, Task task, IDisposable scope)
   at Microsoft.AspNetCore.Mvc.Infrastructure.ResourceInvoker.<InvokeAsync>g__Awaited|17_0(ResourceInvoker invoker, Task task, IDisposable scope)
   at Microsoft.AspNetCore.Authorization.AuthorizationMiddleware.Invoke(HttpContext context)
   at Microsoft.AspNetCore.Authentication.AuthenticationMiddleware.Invoke(HttpContext context)
   at Serilog.AspNetCore.RequestLoggingMiddleware.Invoke(HttpContext httpContext)
   at Microsoft.AspNetCore.Diagnostics.ExceptionHandlerMiddlewareImpl.<Invoke>g__Awaited|10_0(ExceptionHandlerMiddlewareImpl middleware, HttpContext context, Task task)
  Exception data:
    Severity: ERROR
    SqlState: 2201X
    MessageText: OFFSET must not be negative
    File: nodeLimit.c
    Line: 373
    Routine: recompute_limits
2026-07-29 15:57:33.154 +05:30 [ERR] Unhandled exception
Npgsql.PostgresException (0x80004005): 2201X: OFFSET must not be negative
   at Npgsql.Internal.NpgsqlConnector.ReadMessageLong(Boolean async, DataRowLoadingMode dataRowLoadingMode, Boolean readingNotifications, Boolean isReadingPrependedMessage)
   at System.Runtime.CompilerServices.PoolingAsyncValueTaskMethodBuilder`1.StateMachineBox`1.System.Threading.Tasks.Sources.IValueTaskSource<TResult>.GetResult(Int16 token)
   at Npgsql.NpgsqlDataReader.NextResult(Boolean async, Boolean isConsuming, CancellationToken cancellationToken)
   at Npgsql.NpgsqlDataReader.NextResult(Boolean async, Boolean isConsuming, CancellationToken cancellationToken)
   at Npgsql.NpgsqlCommand.ExecuteReader(Boolean async, CommandBehavior behavior, CancellationToken cancellationToken)
   at Npgsql.NpgsqlCommand.ExecuteReader(Boolean async, CommandBehavior behavior, CancellationToken cancellationToken)
   at Npgsql.NpgsqlCommand.ExecuteDbDataReaderAsync(CommandBehavior behavior, CancellationToken cancellationToken)
   at Microsoft.EntityFrameworkCore.Storage.RelationalCommand.ExecuteReaderAsync(RelationalCommandParameterObject parameterObject, CancellationToken cancellationToken)
   at Microsoft.EntityFrameworkCore.Storage.RelationalCommand.ExecuteReaderAsync(RelationalCommandParameterObject parameterObject, CancellationToken cancellationToken)
   at Microsoft.EntityFrameworkCore.Query.Internal.SingleQueryingEnumerable`1.AsyncEnumerator.InitializeReaderAsync(AsyncEnumerator enumerator, CancellationToken cancellationToken)
   at Npgsql.EntityFrameworkCore.PostgreSQL.Storage.Internal.NpgsqlExecutionStrategy.ExecuteAsync[TState,TResult](TState state, Func`4 operation, Func`4 verifySucceeded, CancellationToken cancellationToken)
   at Microsoft.EntityFrameworkCore.Query.Internal.SingleQueryingEnumerable`1.AsyncEnumerator.MoveNextAsync()
   at Microsoft.EntityFrameworkCore.EntityFrameworkQueryableExtensions.ToListAsync[TSource](IQueryable`1 source, CancellationToken cancellationToken)
   at Microsoft.EntityFrameworkCore.EntityFrameworkQueryableExtensions.ToListAsync[TSource](IQueryable`1 source, CancellationToken cancellationToken)
   at FIT.Infrastructure.Persistence.Repositories.FieldIssueRepository.GetAllAsync(FieldIssueFilter filter, CancellationToken ct) in /Users/lalit.tak/Documents/Workspace/FIT/src/FIT.Infrastructure/Persistence/Repositories/FieldIssueRepository.cs:line 44
   at FIT.Application.Features.Issues.Queries.GetIssuesQueryHandler.Handle(GetIssuesQuery request, CancellationToken cancellationToken) in /Users/lalit.tak/Documents/Workspace/FIT/src/FIT.Application/Features/Issues/Queries/GetIssuesQuery.cs:line 53
   at FIT.API.Controllers.IssuesController.GetAll(GetIssuesQuery query, CancellationToken ct) in /Users/lalit.tak/Documents/Workspace/FIT/src/FIT.API/Controllers/IssuesController.cs:line 30
   at Microsoft.AspNetCore.Mvc.Infrastructure.ActionMethodExecutor.TaskOfIActionResultExecutor.Execute(ActionContext actionContext, IActionResultTypeMapper mapper, ObjectMethodExecutor executor, Object controller, Object[] arguments)
   at Microsoft.AspNetCore.Mvc.Infrastructure.ControllerActionInvoker.<InvokeActionMethodAsync>g__Awaited|12_0(ControllerActionInvoker invoker, ValueTask`1 actionResultValueTask)
   at Microsoft.AspNetCore.Mvc.Infrastructure.ControllerActionInvoker.<InvokeNextActionFilterAsync>g__Awaited|10_0(ControllerActionInvoker invoker, Task lastTask, State next, Scope scope, Object state, Boolean isCompleted)
   at Microsoft.AspNetCore.Mvc.Infrastructure.ControllerActionInvoker.Rethrow(ActionExecutedContextSealed context)
   at Microsoft.AspNetCore.Mvc.Infrastructure.ControllerActionInvoker.Next(State& next, Scope& scope, Object& state, Boolean& isCompleted)
   at Microsoft.AspNetCore.Mvc.Infrastructure.ControllerActionInvoker.<InvokeInnerFilterAsync>g__Awaited|13_0(ControllerActionInvoker invoker, Task lastTask, State next, Scope scope, Object state, Boolean isCompleted)
   at Microsoft.AspNetCore.Mvc.Infrastructure.ResourceInvoker.<InvokeFilterPipelineAsync>g__Awaited|20_0(ResourceInvoker invoker, Task lastTask, State next, Scope scope, Object state, Boolean isCompleted)
   at Microsoft.AspNetCore.Mvc.Infrastructure.ResourceInvoker.<InvokeAsync>g__Awaited|17_0(ResourceInvoker invoker, Task task, IDisposable scope)
   at Microsoft.AspNetCore.Mvc.Infrastructure.ResourceInvoker.<InvokeAsync>g__Awaited|17_0(ResourceInvoker invoker, Task task, IDisposable scope)
   at Microsoft.AspNetCore.Authorization.AuthorizationMiddleware.Invoke(HttpContext context)
   at Microsoft.AspNetCore.Authentication.AuthenticationMiddleware.Invoke(HttpContext context)
   at Serilog.AspNetCore.RequestLoggingMiddleware.Invoke(HttpContext httpContext)
   at Microsoft.AspNetCore.Diagnostics.ExceptionHandlerMiddlewareImpl.<Invoke>g__Awaited|10_0(ExceptionHandlerMiddlewareImpl middleware, HttpContext context, Task task)
  Exception data:
    Severity: ERROR
    SqlState: 2201X
    MessageText: OFFSET must not be negative
    File: nodeLimit.c
    Line: 373
    Routine: recompute_limits
2026-07-29 15:58:53.227 +05:30 [INF] HTTP GET /api/customers responded 200 in 35.1975 ms
2026-07-29 15:59:09.384 +05:30 [INF] HTTP GET /api/customers responded 200 in 10.8056 ms
2026-07-29 16:01:14.816 +05:30 [INF] HTTP POST /api/issues responded 400 in 37.2650 ms
2026-07-29 16:01:21.270 +05:30 [INF] HTTP POST /api/issues responded 400 in 2.8465 ms
2026-07-29 16:01:49.158 +05:30 [INF] HTTP POST /api/auth/login responded 200 in 491.5036 ms
2026-07-29 16:01:49.465 +05:30 [INF] HTTP POST /api/issues responded 201 in 275.3711 ms
2026-07-29 16:02:07.478 +05:30 [INF] HTTP POST /api/issues responded 400 in 2.4675 ms
2026-07-29 16:02:27.449 +05:30 [INF] HTTP POST /api/auth/login responded 200 in 404.7516 ms
2026-07-29 16:03:40.468 +05:30 [INF] HTTP POST /api/issues responded 201 in 21.9949 ms
2026-07-29 16:03:40.614 +05:30 [ERR] Failed executing DbCommand (6ms) [Parameters=[@__p_1='?' (DbType = Int32), @__p_0='?' (DbType = Int32)], CommandType='"Text"', CommandTimeout='30']
SELECT f0.id, f0.actual_behavior, f0.approved_at, f0.assigned_developer_id, f0.category, f0.closed_at, f0.comm_type, f0.created_at, f0.customer_id, f0.customer_site_address, f0.description, f0.development_started_at, f0.expected_behavior, f0.field_observations, f0.issue_number, f0.jira_key, f0.jira_url, f0.firmware_version, f0.meter_serial, f0.meter_type, f0.priority, f0.reporter_id, f0.review_started_at, f0.severity, f0.status, f0.steps_to_reproduce, f0.submitted_at, f0.summary, f0.updated_at, f0.validation_started_at, u.id, u.created_at, u.department, u.email, u.first_name, u.is_active, u.last_login_at, u.last_name, u.password_hash, u.phone_number, u.role, u.updated_at, u0.id, u0.created_at, u0.department, u0.email, u0.first_name, u0.is_active, u0.last_login_at, u0.last_name, u0.password_hash, u0.phone_number, u0.role, u0.updated_at
FROM (
    SELECT f.id, f.actual_behavior, f.approved_at, f.assigned_developer_id, f.category, f.closed_at, f.comm_type, f.created_at, f.customer_id, f.customer_site_address, f.description, f.development_started_at, f.expected_behavior, f.field_observations, f.issue_number, f.jira_key, f.jira_url, f.firmware_version, f.meter_serial, f.meter_type, f.priority, f.reporter_id, f.review_started_at, f.severity, f.status, f.steps_to_reproduce, f.submitted_at, f.summary, f.updated_at, f.validation_started_at
    FROM field_issues AS f
    ORDER BY f.created_at DESC
    LIMIT @__p_1 OFFSET @__p_0
) AS f0
INNER JOIN users AS u ON f0.reporter_id = u.id
LEFT JOIN users AS u0 ON f0.assigned_developer_id = u0.id
ORDER BY f0.created_at DESC
2026-07-29 16:03:40.616 +05:30 [ERR] An exception occurred while iterating over the results of a query for context type 'FIT.Infrastructure.Persistence.FitDbContext'.
Npgsql.PostgresException (0x80004005): 2201X: OFFSET must not be negative
   at Npgsql.Internal.NpgsqlConnector.ReadMessageLong(Boolean async, DataRowLoadingMode dataRowLoadingMode, Boolean readingNotifications, Boolean isReadingPrependedMessage)
   at System.Runtime.CompilerServices.PoolingAsyncValueTaskMethodBuilder`1.StateMachineBox`1.System.Threading.Tasks.Sources.IValueTaskSource<TResult>.GetResult(Int16 token)
   at Npgsql.NpgsqlDataReader.NextResult(Boolean async, Boolean isConsuming, CancellationToken cancellationToken)
   at Npgsql.NpgsqlDataReader.NextResult(Boolean async, Boolean isConsuming, CancellationToken cancellationToken)
   at Npgsql.NpgsqlCommand.ExecuteReader(Boolean async, CommandBehavior behavior, CancellationToken cancellationToken)
   at Npgsql.NpgsqlCommand.ExecuteReader(Boolean async, CommandBehavior behavior, CancellationToken cancellationToken)
   at Npgsql.NpgsqlCommand.ExecuteDbDataReaderAsync(CommandBehavior behavior, CancellationToken cancellationToken)
   at Microsoft.EntityFrameworkCore.Storage.RelationalCommand.ExecuteReaderAsync(RelationalCommandParameterObject parameterObject, CancellationToken cancellationToken)
   at Microsoft.EntityFrameworkCore.Storage.RelationalCommand.ExecuteReaderAsync(RelationalCommandParameterObject parameterObject, CancellationToken cancellationToken)
   at Microsoft.EntityFrameworkCore.Query.Internal.SingleQueryingEnumerable`1.AsyncEnumerator.InitializeReaderAsync(AsyncEnumerator enumerator, CancellationToken cancellationToken)
   at Npgsql.EntityFrameworkCore.PostgreSQL.Storage.Internal.NpgsqlExecutionStrategy.ExecuteAsync[TState,TResult](TState state, Func`4 operation, Func`4 verifySucceeded, CancellationToken cancellationToken)
   at Microsoft.EntityFrameworkCore.Query.Internal.SingleQueryingEnumerable`1.AsyncEnumerator.MoveNextAsync()
  Exception data:
    Severity: ERROR
    SqlState: 2201X
    MessageText: OFFSET must not be negative
    File: nodeLimit.c
    Line: 373
    Routine: recompute_limits
Npgsql.PostgresException (0x80004005): 2201X: OFFSET must not be negative
   at Npgsql.Internal.NpgsqlConnector.ReadMessageLong(Boolean async, DataRowLoadingMode dataRowLoadingMode, Boolean readingNotifications, Boolean isReadingPrependedMessage)
   at System.Runtime.CompilerServices.PoolingAsyncValueTaskMethodBuilder`1.StateMachineBox`1.System.Threading.Tasks.Sources.IValueTaskSource<TResult>.GetResult(Int16 token)
   at Npgsql.NpgsqlDataReader.NextResult(Boolean async, Boolean isConsuming, CancellationToken cancellationToken)
   at Npgsql.NpgsqlDataReader.NextResult(Boolean async, Boolean isConsuming, CancellationToken cancellationToken)
   at Npgsql.NpgsqlCommand.ExecuteReader(Boolean async, CommandBehavior behavior, CancellationToken cancellationToken)
   at Npgsql.NpgsqlCommand.ExecuteReader(Boolean async, CommandBehavior behavior, CancellationToken cancellationToken)
   at Npgsql.NpgsqlCommand.ExecuteDbDataReaderAsync(CommandBehavior behavior, CancellationToken cancellationToken)
   at Microsoft.EntityFrameworkCore.Storage.RelationalCommand.ExecuteReaderAsync(RelationalCommandParameterObject parameterObject, CancellationToken cancellationToken)
   at Microsoft.EntityFrameworkCore.Storage.RelationalCommand.ExecuteReaderAsync(RelationalCommandParameterObject parameterObject, CancellationToken cancellationToken)
   at Microsoft.EntityFrameworkCore.Query.Internal.SingleQueryingEnumerable`1.AsyncEnumerator.InitializeReaderAsync(AsyncEnumerator enumerator, CancellationToken cancellationToken)
   at Npgsql.EntityFrameworkCore.PostgreSQL.Storage.Internal.NpgsqlExecutionStrategy.ExecuteAsync[TState,TResult](TState state, Func`4 operation, Func`4 verifySucceeded, CancellationToken cancellationToken)
   at Microsoft.EntityFrameworkCore.Query.Internal.SingleQueryingEnumerable`1.AsyncEnumerator.MoveNextAsync()
  Exception data:
    Severity: ERROR
    SqlState: 2201X
    MessageText: OFFSET must not be negative
    File: nodeLimit.c
    Line: 373
    Routine: recompute_limits
2026-07-29 16:03:40.619 +05:30 [ERR] HTTP GET /api/issues responded 500 in 18.7434 ms
Npgsql.PostgresException (0x80004005): 2201X: OFFSET must not be negative
   at Npgsql.Internal.NpgsqlConnector.ReadMessageLong(Boolean async, DataRowLoadingMode dataRowLoadingMode, Boolean readingNotifications, Boolean isReadingPrependedMessage)
   at System.Runtime.CompilerServices.PoolingAsyncValueTaskMethodBuilder`1.StateMachineBox`1.System.Threading.Tasks.Sources.IValueTaskSource<TResult>.GetResult(Int16 token)
   at Npgsql.NpgsqlDataReader.NextResult(Boolean async, Boolean isConsuming, CancellationToken cancellationToken)
   at Npgsql.NpgsqlDataReader.NextResult(Boolean async, Boolean isConsuming, CancellationToken cancellationToken)
   at Npgsql.NpgsqlCommand.ExecuteReader(Boolean async, CommandBehavior behavior, CancellationToken cancellationToken)
   at Npgsql.NpgsqlCommand.ExecuteReader(Boolean async, CommandBehavior behavior, CancellationToken cancellationToken)
   at Npgsql.NpgsqlCommand.ExecuteDbDataReaderAsync(CommandBehavior behavior, CancellationToken cancellationToken)
   at Microsoft.EntityFrameworkCore.Storage.RelationalCommand.ExecuteReaderAsync(RelationalCommandParameterObject parameterObject, CancellationToken cancellationToken)
   at Microsoft.EntityFrameworkCore.Storage.RelationalCommand.ExecuteReaderAsync(RelationalCommandParameterObject parameterObject, CancellationToken cancellationToken)
   at Microsoft.EntityFrameworkCore.Query.Internal.SingleQueryingEnumerable`1.AsyncEnumerator.InitializeReaderAsync(AsyncEnumerator enumerator, CancellationToken cancellationToken)
   at Npgsql.EntityFrameworkCore.PostgreSQL.Storage.Internal.NpgsqlExecutionStrategy.ExecuteAsync[TState,TResult](TState state, Func`4 operation, Func`4 verifySucceeded, CancellationToken cancellationToken)
   at Microsoft.EntityFrameworkCore.Query.Internal.SingleQueryingEnumerable`1.AsyncEnumerator.MoveNextAsync()
   at Microsoft.EntityFrameworkCore.EntityFrameworkQueryableExtensions.ToListAsync[TSource](IQueryable`1 source, CancellationToken cancellationToken)
   at Microsoft.EntityFrameworkCore.EntityFrameworkQueryableExtensions.ToListAsync[TSource](IQueryable`1 source, CancellationToken cancellationToken)
   at FIT.Infrastructure.Persistence.Repositories.FieldIssueRepository.GetAllAsync(FieldIssueFilter filter, CancellationToken ct) in /Users/lalit.tak/Documents/Workspace/FIT/src/FIT.Infrastructure/Persistence/Repositories/FieldIssueRepository.cs:line 44
   at FIT.Application.Features.Issues.Queries.GetIssuesQueryHandler.Handle(GetIssuesQuery request, CancellationToken cancellationToken) in /Users/lalit.tak/Documents/Workspace/FIT/src/FIT.Application/Features/Issues/Queries/GetIssuesQuery.cs:line 53
   at FIT.API.Controllers.IssuesController.GetAll(GetIssuesQuery query, CancellationToken ct) in /Users/lalit.tak/Documents/Workspace/FIT/src/FIT.API/Controllers/IssuesController.cs:line 30
   at Microsoft.AspNetCore.Mvc.Infrastructure.ActionMethodExecutor.TaskOfIActionResultExecutor.Execute(ActionContext actionContext, IActionResultTypeMapper mapper, ObjectMethodExecutor executor, Object controller, Object[] arguments)
   at Microsoft.AspNetCore.Mvc.Infrastructure.ControllerActionInvoker.<InvokeActionMethodAsync>g__Awaited|12_0(ControllerActionInvoker invoker, ValueTask`1 actionResultValueTask)
   at Microsoft.AspNetCore.Mvc.Infrastructure.ControllerActionInvoker.<InvokeNextActionFilterAsync>g__Awaited|10_0(ControllerActionInvoker invoker, Task lastTask, State next, Scope scope, Object state, Boolean isCompleted)
   at Microsoft.AspNetCore.Mvc.Infrastructure.ControllerActionInvoker.Rethrow(ActionExecutedContextSealed context)
   at Microsoft.AspNetCore.Mvc.Infrastructure.ControllerActionInvoker.Next(State& next, Scope& scope, Object& state, Boolean& isCompleted)
   at Microsoft.AspNetCore.Mvc.Infrastructure.ControllerActionInvoker.<InvokeInnerFilterAsync>g__Awaited|13_0(ControllerActionInvoker invoker, Task lastTask, State next, Scope scope, Object state, Boolean isCompleted)
   at Microsoft.AspNetCore.Mvc.Infrastructure.ResourceInvoker.<InvokeFilterPipelineAsync>g__Awaited|20_0(ResourceInvoker invoker, Task lastTask, State next, Scope scope, Object state, Boolean isCompleted)
   at Microsoft.AspNetCore.Mvc.Infrastructure.ResourceInvoker.<InvokeAsync>g__Awaited|17_0(ResourceInvoker invoker, Task task, IDisposable scope)
   at Microsoft.AspNetCore.Mvc.Infrastructure.ResourceInvoker.<InvokeAsync>g__Awaited|17_0(ResourceInvoker invoker, Task task, IDisposable scope)
   at Microsoft.AspNetCore.Authorization.AuthorizationMiddleware.Invoke(HttpContext context)
   at Microsoft.AspNetCore.Authentication.AuthenticationMiddleware.Invoke(HttpContext context)
   at Serilog.AspNetCore.RequestLoggingMiddleware.Invoke(HttpContext httpContext)
  Exception data:
    Severity: ERROR
    SqlState: 2201X
    MessageText: OFFSET must not be negative
    File: nodeLimit.c
    Line: 373
    Routine: recompute_limits
2026-07-29 16:03:40.626 +05:30 [ERR] An unhandled exception has occurred while executing the request.
Npgsql.PostgresException (0x80004005): 2201X: OFFSET must not be negative
   at Npgsql.Internal.NpgsqlConnector.ReadMessageLong(Boolean async, DataRowLoadingMode dataRowLoadingMode, Boolean readingNotifications, Boolean isReadingPrependedMessage)
   at System.Runtime.CompilerServices.PoolingAsyncValueTaskMethodBuilder`1.StateMachineBox`1.System.Threading.Tasks.Sources.IValueTaskSource<TResult>.GetResult(Int16 token)
   at Npgsql.NpgsqlDataReader.NextResult(Boolean async, Boolean isConsuming, CancellationToken cancellationToken)
   at Npgsql.NpgsqlDataReader.NextResult(Boolean async, Boolean isConsuming, CancellationToken cancellationToken)
   at Npgsql.NpgsqlCommand.ExecuteReader(Boolean async, CommandBehavior behavior, CancellationToken cancellationToken)
   at Npgsql.NpgsqlCommand.ExecuteReader(Boolean async, CommandBehavior behavior, CancellationToken cancellationToken)
   at Npgsql.NpgsqlCommand.ExecuteDbDataReaderAsync(CommandBehavior behavior, CancellationToken cancellationToken)
   at Microsoft.EntityFrameworkCore.Storage.RelationalCommand.ExecuteReaderAsync(RelationalCommandParameterObject parameterObject, CancellationToken cancellationToken)
   at Microsoft.EntityFrameworkCore.Storage.RelationalCommand.ExecuteReaderAsync(RelationalCommandParameterObject parameterObject, CancellationToken cancellationToken)
   at Microsoft.EntityFrameworkCore.Query.Internal.SingleQueryingEnumerable`1.AsyncEnumerator.InitializeReaderAsync(AsyncEnumerator enumerator, CancellationToken cancellationToken)
   at Npgsql.EntityFrameworkCore.PostgreSQL.Storage.Internal.NpgsqlExecutionStrategy.ExecuteAsync[TState,TResult](TState state, Func`4 operation, Func`4 verifySucceeded, CancellationToken cancellationToken)
   at Microsoft.EntityFrameworkCore.Query.Internal.SingleQueryingEnumerable`1.AsyncEnumerator.MoveNextAsync()
   at Microsoft.EntityFrameworkCore.EntityFrameworkQueryableExtensions.ToListAsync[TSource](IQueryable`1 source, CancellationToken cancellationToken)
   at Microsoft.EntityFrameworkCore.EntityFrameworkQueryableExtensions.ToListAsync[TSource](IQueryable`1 source, CancellationToken cancellationToken)
   at FIT.Infrastructure.Persistence.Repositories.FieldIssueRepository.GetAllAsync(FieldIssueFilter filter, CancellationToken ct) in /Users/lalit.tak/Documents/Workspace/FIT/src/FIT.Infrastructure/Persistence/Repositories/FieldIssueRepository.cs:line 44
   at FIT.Application.Features.Issues.Queries.GetIssuesQueryHandler.Handle(GetIssuesQuery request, CancellationToken cancellationToken) in /Users/lalit.tak/Documents/Workspace/FIT/src/FIT.Application/Features/Issues/Queries/GetIssuesQuery.cs:line 53
   at FIT.API.Controllers.IssuesController.GetAll(GetIssuesQuery query, CancellationToken ct) in /Users/lalit.tak/Documents/Workspace/FIT/src/FIT.API/Controllers/IssuesController.cs:line 30
   at Microsoft.AspNetCore.Mvc.Infrastructure.ActionMethodExecutor.TaskOfIActionResultExecutor.Execute(ActionContext actionContext, IActionResultTypeMapper mapper, ObjectMethodExecutor executor, Object controller, Object[] arguments)
   at Microsoft.AspNetCore.Mvc.Infrastructure.ControllerActionInvoker.<InvokeActionMethodAsync>g__Awaited|12_0(ControllerActionInvoker invoker, ValueTask`1 actionResultValueTask)
   at Microsoft.AspNetCore.Mvc.Infrastructure.ControllerActionInvoker.<InvokeNextActionFilterAsync>g__Awaited|10_0(ControllerActionInvoker invoker, Task lastTask, State next, Scope scope, Object state, Boolean isCompleted)
   at Microsoft.AspNetCore.Mvc.Infrastructure.ControllerActionInvoker.Rethrow(ActionExecutedContextSealed context)
   at Microsoft.AspNetCore.Mvc.Infrastructure.ControllerActionInvoker.Next(State& next, Scope& scope, Object& state, Boolean& isCompleted)
   at Microsoft.AspNetCore.Mvc.Infrastructure.ControllerActionInvoker.<InvokeInnerFilterAsync>g__Awaited|13_0(ControllerActionInvoker invoker, Task lastTask, State next, Scope scope, Object state, Boolean isCompleted)
   at Microsoft.AspNetCore.Mvc.Infrastructure.ResourceInvoker.<InvokeFilterPipelineAsync>g__Awaited|20_0(ResourceInvoker invoker, Task lastTask, State next, Scope scope, Object state, Boolean isCompleted)
   at Microsoft.AspNetCore.Mvc.Infrastructure.ResourceInvoker.<InvokeAsync>g__Awaited|17_0(ResourceInvoker invoker, Task task, IDisposable scope)
   at Microsoft.AspNetCore.Mvc.Infrastructure.ResourceInvoker.<InvokeAsync>g__Awaited|17_0(ResourceInvoker invoker, Task task, IDisposable scope)
   at Microsoft.AspNetCore.Authorization.AuthorizationMiddleware.Invoke(HttpContext context)
   at Microsoft.AspNetCore.Authentication.AuthenticationMiddleware.Invoke(HttpContext context)
   at Serilog.AspNetCore.RequestLoggingMiddleware.Invoke(HttpContext httpContext)
   at Microsoft.AspNetCore.Diagnostics.ExceptionHandlerMiddlewareImpl.<Invoke>g__Awaited|10_0(ExceptionHandlerMiddlewareImpl middleware, HttpContext context, Task task)
  Exception data:
    Severity: ERROR
    SqlState: 2201X
    MessageText: OFFSET must not be negative
    File: nodeLimit.c
    Line: 373
    Routine: recompute_limits
2026-07-29 16:03:40.665 +05:30 [ERR] Unhandled exception
Npgsql.PostgresException (0x80004005): 2201X: OFFSET must not be negative
   at Npgsql.Internal.NpgsqlConnector.ReadMessageLong(Boolean async, DataRowLoadingMode dataRowLoadingMode, Boolean readingNotifications, Boolean isReadingPrependedMessage)
   at System.Runtime.CompilerServices.PoolingAsyncValueTaskMethodBuilder`1.StateMachineBox`1.System.Threading.Tasks.Sources.IValueTaskSource<TResult>.GetResult(Int16 token)
   at Npgsql.NpgsqlDataReader.NextResult(Boolean async, Boolean isConsuming, CancellationToken cancellationToken)
   at Npgsql.NpgsqlDataReader.NextResult(Boolean async, Boolean isConsuming, CancellationToken cancellationToken)
   at Npgsql.NpgsqlCommand.ExecuteReader(Boolean async, CommandBehavior behavior, CancellationToken cancellationToken)
   at Npgsql.NpgsqlCommand.ExecuteReader(Boolean async, CommandBehavior behavior, CancellationToken cancellationToken)
   at Npgsql.NpgsqlCommand.ExecuteDbDataReaderAsync(CommandBehavior behavior, CancellationToken cancellationToken)
   at Microsoft.EntityFrameworkCore.Storage.RelationalCommand.ExecuteReaderAsync(RelationalCommandParameterObject parameterObject, CancellationToken cancellationToken)
   at Microsoft.EntityFrameworkCore.Storage.RelationalCommand.ExecuteReaderAsync(RelationalCommandParameterObject parameterObject, CancellationToken cancellationToken)
   at Microsoft.EntityFrameworkCore.Query.Internal.SingleQueryingEnumerable`1.AsyncEnumerator.InitializeReaderAsync(AsyncEnumerator enumerator, CancellationToken cancellationToken)
   at Npgsql.EntityFrameworkCore.PostgreSQL.Storage.Internal.NpgsqlExecutionStrategy.ExecuteAsync[TState,TResult](TState state, Func`4 operation, Func`4 verifySucceeded, CancellationToken cancellationToken)
   at Microsoft.EntityFrameworkCore.Query.Internal.SingleQueryingEnumerable`1.AsyncEnumerator.MoveNextAsync()
   at Microsoft.EntityFrameworkCore.EntityFrameworkQueryableExtensions.ToListAsync[TSource](IQueryable`1 source, CancellationToken cancellationToken)
   at Microsoft.EntityFrameworkCore.EntityFrameworkQueryableExtensions.ToListAsync[TSource](IQueryable`1 source, CancellationToken cancellationToken)
   at FIT.Infrastructure.Persistence.Repositories.FieldIssueRepository.GetAllAsync(FieldIssueFilter filter, CancellationToken ct) in /Users/lalit.tak/Documents/Workspace/FIT/src/FIT.Infrastructure/Persistence/Repositories/FieldIssueRepository.cs:line 44
   at FIT.Application.Features.Issues.Queries.GetIssuesQueryHandler.Handle(GetIssuesQuery request, CancellationToken cancellationToken) in /Users/lalit.tak/Documents/Workspace/FIT/src/FIT.Application/Features/Issues/Queries/GetIssuesQuery.cs:line 53
   at FIT.API.Controllers.IssuesController.GetAll(GetIssuesQuery query, CancellationToken ct) in /Users/lalit.tak/Documents/Workspace/FIT/src/FIT.API/Controllers/IssuesController.cs:line 30
   at Microsoft.AspNetCore.Mvc.Infrastructure.ActionMethodExecutor.TaskOfIActionResultExecutor.Execute(ActionContext actionContext, IActionResultTypeMapper mapper, ObjectMethodExecutor executor, Object controller, Object[] arguments)
   at Microsoft.AspNetCore.Mvc.Infrastructure.ControllerActionInvoker.<InvokeActionMethodAsync>g__Awaited|12_0(ControllerActionInvoker invoker, ValueTask`1 actionResultValueTask)
   at Microsoft.AspNetCore.Mvc.Infrastructure.ControllerActionInvoker.<InvokeNextActionFilterAsync>g__Awaited|10_0(ControllerActionInvoker invoker, Task lastTask, State next, Scope scope, Object state, Boolean isCompleted)
   at Microsoft.AspNetCore.Mvc.Infrastructure.ControllerActionInvoker.Rethrow(ActionExecutedContextSealed context)
   at Microsoft.AspNetCore.Mvc.Infrastructure.ControllerActionInvoker.Next(State& next, Scope& scope, Object& state, Boolean& isCompleted)
   at Microsoft.AspNetCore.Mvc.Infrastructure.ControllerActionInvoker.<InvokeInnerFilterAsync>g__Awaited|13_0(ControllerActionInvoker invoker, Task lastTask, State next, Scope scope, Object state, Boolean isCompleted)
   at Microsoft.AspNetCore.Mvc.Infrastructure.ResourceInvoker.<InvokeFilterPipelineAsync>g__Awaited|20_0(ResourceInvoker invoker, Task lastTask, State next, Scope scope, Object state, Boolean isCompleted)
   at Microsoft.AspNetCore.Mvc.Infrastructure.ResourceInvoker.<InvokeAsync>g__Awaited|17_0(ResourceInvoker invoker, Task task, IDisposable scope)
   at Microsoft.AspNetCore.Mvc.Infrastructure.ResourceInvoker.<InvokeAsync>g__Awaited|17_0(ResourceInvoker invoker, Task task, IDisposable scope)
   at Microsoft.AspNetCore.Authorization.AuthorizationMiddleware.Invoke(HttpContext context)
   at Microsoft.AspNetCore.Authentication.AuthenticationMiddleware.Invoke(HttpContext context)
   at Serilog.AspNetCore.RequestLoggingMiddleware.Invoke(HttpContext httpContext)
   at Microsoft.AspNetCore.Diagnostics.ExceptionHandlerMiddlewareImpl.<Invoke>g__Awaited|10_0(ExceptionHandlerMiddlewareImpl middleware, HttpContext context, Task task)
  Exception data:
    Severity: ERROR
    SqlState: 2201X
    MessageText: OFFSET must not be negative
    File: nodeLimit.c
    Line: 373
    Routine: recompute_limits
2026-07-29 16:03:41.698 +05:30 [ERR] Failed executing DbCommand (4ms) [Parameters=[@__p_1='?' (DbType = Int32), @__p_0='?' (DbType = Int32)], CommandType='"Text"', CommandTimeout='30']
SELECT f0.id, f0.actual_behavior, f0.approved_at, f0.assigned_developer_id, f0.category, f0.closed_at, f0.comm_type, f0.created_at, f0.customer_id, f0.customer_site_address, f0.description, f0.development_started_at, f0.expected_behavior, f0.field_observations, f0.issue_number, f0.jira_key, f0.jira_url, f0.firmware_version, f0.meter_serial, f0.meter_type, f0.priority, f0.reporter_id, f0.review_started_at, f0.severity, f0.status, f0.steps_to_reproduce, f0.submitted_at, f0.summary, f0.updated_at, f0.validation_started_at, u.id, u.created_at, u.department, u.email, u.first_name, u.is_active, u.last_login_at, u.last_name, u.password_hash, u.phone_number, u.role, u.updated_at, u0.id, u0.created_at, u0.department, u0.email, u0.first_name, u0.is_active, u0.last_login_at, u0.last_name, u0.password_hash, u0.phone_number, u0.role, u0.updated_at
FROM (
    SELECT f.id, f.actual_behavior, f.approved_at, f.assigned_developer_id, f.category, f.closed_at, f.comm_type, f.created_at, f.customer_id, f.customer_site_address, f.description, f.development_started_at, f.expected_behavior, f.field_observations, f.issue_number, f.jira_key, f.jira_url, f.firmware_version, f.meter_serial, f.meter_type, f.priority, f.reporter_id, f.review_started_at, f.severity, f.status, f.steps_to_reproduce, f.submitted_at, f.summary, f.updated_at, f.validation_started_at
    FROM field_issues AS f
    ORDER BY f.created_at DESC
    LIMIT @__p_1 OFFSET @__p_0
) AS f0
INNER JOIN users AS u ON f0.reporter_id = u.id
LEFT JOIN users AS u0 ON f0.assigned_developer_id = u0.id
ORDER BY f0.created_at DESC
2026-07-29 16:03:41.703 +05:30 [ERR] An exception occurred while iterating over the results of a query for context type 'FIT.Infrastructure.Persistence.FitDbContext'.
Npgsql.PostgresException (0x80004005): 2201X: OFFSET must not be negative
   at Npgsql.Internal.NpgsqlConnector.ReadMessageLong(Boolean async, DataRowLoadingMode dataRowLoadingMode, Boolean readingNotifications, Boolean isReadingPrependedMessage)
   at System.Runtime.CompilerServices.PoolingAsyncValueTaskMethodBuilder`1.StateMachineBox`1.System.Threading.Tasks.Sources.IValueTaskSource<TResult>.GetResult(Int16 token)
   at Npgsql.NpgsqlDataReader.NextResult(Boolean async, Boolean isConsuming, CancellationToken cancellationToken)
   at Npgsql.NpgsqlDataReader.NextResult(Boolean async, Boolean isConsuming, CancellationToken cancellationToken)
   at Npgsql.NpgsqlCommand.ExecuteReader(Boolean async, CommandBehavior behavior, CancellationToken cancellationToken)
   at Npgsql.NpgsqlCommand.ExecuteReader(Boolean async, CommandBehavior behavior, CancellationToken cancellationToken)
   at Npgsql.NpgsqlCommand.ExecuteDbDataReaderAsync(CommandBehavior behavior, CancellationToken cancellationToken)
   at Microsoft.EntityFrameworkCore.Storage.RelationalCommand.ExecuteReaderAsync(RelationalCommandParameterObject parameterObject, CancellationToken cancellationToken)
   at Microsoft.EntityFrameworkCore.Storage.RelationalCommand.ExecuteReaderAsync(RelationalCommandParameterObject parameterObject, CancellationToken cancellationToken)
   at Microsoft.EntityFrameworkCore.Query.Internal.SingleQueryingEnumerable`1.AsyncEnumerator.InitializeReaderAsync(AsyncEnumerator enumerator, CancellationToken cancellationToken)
   at Npgsql.EntityFrameworkCore.PostgreSQL.Storage.Internal.NpgsqlExecutionStrategy.ExecuteAsync[TState,TResult](TState state, Func`4 operation, Func`4 verifySucceeded, CancellationToken cancellationToken)
   at Microsoft.EntityFrameworkCore.Query.Internal.SingleQueryingEnumerable`1.AsyncEnumerator.MoveNextAsync()
  Exception data:
    Severity: ERROR
    SqlState: 2201X
    MessageText: OFFSET must not be negative
    File: nodeLimit.c
    Line: 373
    Routine: recompute_limits
Npgsql.PostgresException (0x80004005): 2201X: OFFSET must not be negative
   at Npgsql.Internal.NpgsqlConnector.ReadMessageLong(Boolean async, DataRowLoadingMode dataRowLoadingMode, Boolean readingNotifications, Boolean isReadingPrependedMessage)
   at System.Runtime.CompilerServices.PoolingAsyncValueTaskMethodBuilder`1.StateMachineBox`1.System.Threading.Tasks.Sources.IValueTaskSource<TResult>.GetResult(Int16 token)
   at Npgsql.NpgsqlDataReader.NextResult(Boolean async, Boolean isConsuming, CancellationToken cancellationToken)
   at Npgsql.NpgsqlDataReader.NextResult(Boolean async, Boolean isConsuming, CancellationToken cancellationToken)
   at Npgsql.NpgsqlCommand.ExecuteReader(Boolean async, CommandBehavior behavior, CancellationToken cancellationToken)
   at Npgsql.NpgsqlCommand.ExecuteReader(Boolean async, CommandBehavior behavior, CancellationToken cancellationToken)
   at Npgsql.NpgsqlCommand.ExecuteDbDataReaderAsync(CommandBehavior behavior, CancellationToken cancellationToken)
   at Microsoft.EntityFrameworkCore.Storage.RelationalCommand.ExecuteReaderAsync(RelationalCommandParameterObject parameterObject, CancellationToken cancellationToken)
   at Microsoft.EntityFrameworkCore.Storage.RelationalCommand.ExecuteReaderAsync(RelationalCommandParameterObject parameterObject, CancellationToken cancellationToken)
   at Microsoft.EntityFrameworkCore.Query.Internal.SingleQueryingEnumerable`1.AsyncEnumerator.InitializeReaderAsync(AsyncEnumerator enumerator, CancellationToken cancellationToken)
   at Npgsql.EntityFrameworkCore.PostgreSQL.Storage.Internal.NpgsqlExecutionStrategy.ExecuteAsync[TState,TResult](TState state, Func`4 operation, Func`4 verifySucceeded, CancellationToken cancellationToken)
   at Microsoft.EntityFrameworkCore.Query.Internal.SingleQueryingEnumerable`1.AsyncEnumerator.MoveNextAsync()
  Exception data:
    Severity: ERROR
    SqlState: 2201X
    MessageText: OFFSET must not be negative
    File: nodeLimit.c
    Line: 373
    Routine: recompute_limits
2026-07-29 16:03:41.707 +05:30 [ERR] HTTP GET /api/issues responded 500 in 18.7319 ms
Npgsql.PostgresException (0x80004005): 2201X: OFFSET must not be negative
   at Npgsql.Internal.NpgsqlConnector.ReadMessageLong(Boolean async, DataRowLoadingMode dataRowLoadingMode, Boolean readingNotifications, Boolean isReadingPrependedMessage)
   at System.Runtime.CompilerServices.PoolingAsyncValueTaskMethodBuilder`1.StateMachineBox`1.System.Threading.Tasks.Sources.IValueTaskSource<TResult>.GetResult(Int16 token)
   at Npgsql.NpgsqlDataReader.NextResult(Boolean async, Boolean isConsuming, CancellationToken cancellationToken)
   at Npgsql.NpgsqlDataReader.NextResult(Boolean async, Boolean isConsuming, CancellationToken cancellationToken)
   at Npgsql.NpgsqlCommand.ExecuteReader(Boolean async, CommandBehavior behavior, CancellationToken cancellationToken)
   at Npgsql.NpgsqlCommand.ExecuteReader(Boolean async, CommandBehavior behavior, CancellationToken cancellationToken)
   at Npgsql.NpgsqlCommand.ExecuteDbDataReaderAsync(CommandBehavior behavior, CancellationToken cancellationToken)
   at Microsoft.EntityFrameworkCore.Storage.RelationalCommand.ExecuteReaderAsync(RelationalCommandParameterObject parameterObject, CancellationToken cancellationToken)
   at Microsoft.EntityFrameworkCore.Storage.RelationalCommand.ExecuteReaderAsync(RelationalCommandParameterObject parameterObject, CancellationToken cancellationToken)
   at Microsoft.EntityFrameworkCore.Query.Internal.SingleQueryingEnumerable`1.AsyncEnumerator.InitializeReaderAsync(AsyncEnumerator enumerator, CancellationToken cancellationToken)
   at Npgsql.EntityFrameworkCore.PostgreSQL.Storage.Internal.NpgsqlExecutionStrategy.ExecuteAsync[TState,TResult](TState state, Func`4 operation, Func`4 verifySucceeded, CancellationToken cancellationToken)
   at Microsoft.EntityFrameworkCore.Query.Internal.SingleQueryingEnumerable`1.AsyncEnumerator.MoveNextAsync()
   at Microsoft.EntityFrameworkCore.EntityFrameworkQueryableExtensions.ToListAsync[TSource](IQueryable`1 source, CancellationToken cancellationToken)
   at Microsoft.EntityFrameworkCore.EntityFrameworkQueryableExtensions.ToListAsync[TSource](IQueryable`1 source, CancellationToken cancellationToken)
   at FIT.Infrastructure.Persistence.Repositories.FieldIssueRepository.GetAllAsync(FieldIssueFilter filter, CancellationToken ct) in /Users/lalit.tak/Documents/Workspace/FIT/src/FIT.Infrastructure/Persistence/Repositories/FieldIssueRepository.cs:line 44
   at FIT.Application.Features.Issues.Queries.GetIssuesQueryHandler.Handle(GetIssuesQuery request, CancellationToken cancellationToken) in /Users/lalit.tak/Documents/Workspace/FIT/src/FIT.Application/Features/Issues/Queries/GetIssuesQuery.cs:line 53
   at FIT.API.Controllers.IssuesController.GetAll(GetIssuesQuery query, CancellationToken ct) in /Users/lalit.tak/Documents/Workspace/FIT/src/FIT.API/Controllers/IssuesController.cs:line 30
   at Microsoft.AspNetCore.Mvc.Infrastructure.ActionMethodExecutor.TaskOfIActionResultExecutor.Execute(ActionContext actionContext, IActionResultTypeMapper mapper, ObjectMethodExecutor executor, Object controller, Object[] arguments)
   at Microsoft.AspNetCore.Mvc.Infrastructure.ControllerActionInvoker.<InvokeActionMethodAsync>g__Awaited|12_0(ControllerActionInvoker invoker, ValueTask`1 actionResultValueTask)
   at Microsoft.AspNetCore.Mvc.Infrastructure.ControllerActionInvoker.<InvokeNextActionFilterAsync>g__Awaited|10_0(ControllerActionInvoker invoker, Task lastTask, State next, Scope scope, Object state, Boolean isCompleted)
   at Microsoft.AspNetCore.Mvc.Infrastructure.ControllerActionInvoker.Rethrow(ActionExecutedContextSealed context)
   at Microsoft.AspNetCore.Mvc.Infrastructure.ControllerActionInvoker.Next(State& next, Scope& scope, Object& state, Boolean& isCompleted)
   at Microsoft.AspNetCore.Mvc.Infrastructure.ControllerActionInvoker.<InvokeInnerFilterAsync>g__Awaited|13_0(ControllerActionInvoker invoker, Task lastTask, State next, Scope scope, Object state, Boolean isCompleted)
   at Microsoft.AspNetCore.Mvc.Infrastructure.ResourceInvoker.<InvokeFilterPipelineAsync>g__Awaited|20_0(ResourceInvoker invoker, Task lastTask, State next, Scope scope, Object state, Boolean isCompleted)
   at Microsoft.AspNetCore.Mvc.Infrastructure.ResourceInvoker.<InvokeAsync>g__Awaited|17_0(ResourceInvoker invoker, Task task, IDisposable scope)
   at Microsoft.AspNetCore.Mvc.Infrastructure.ResourceInvoker.<InvokeAsync>g__Awaited|17_0(ResourceInvoker invoker, Task task, IDisposable scope)
   at Microsoft.AspNetCore.Authorization.AuthorizationMiddleware.Invoke(HttpContext context)
   at Microsoft.AspNetCore.Authentication.AuthenticationMiddleware.Invoke(HttpContext context)
   at Serilog.AspNetCore.RequestLoggingMiddleware.Invoke(HttpContext httpContext)
  Exception data:
    Severity: ERROR
    SqlState: 2201X
    MessageText: OFFSET must not be negative
    File: nodeLimit.c
    Line: 373
    Routine: recompute_limits
2026-07-29 16:03:41.712 +05:30 [ERR] An unhandled exception has occurred while executing the request.
Npgsql.PostgresException (0x80004005): 2201X: OFFSET must not be negative
   at Npgsql.Internal.NpgsqlConnector.ReadMessageLong(Boolean async, DataRowLoadingMode dataRowLoadingMode, Boolean readingNotifications, Boolean isReadingPrependedMessage)
   at System.Runtime.CompilerServices.PoolingAsyncValueTaskMethodBuilder`1.StateMachineBox`1.System.Threading.Tasks.Sources.IValueTaskSource<TResult>.GetResult(Int16 token)
   at Npgsql.NpgsqlDataReader.NextResult(Boolean async, Boolean isConsuming, CancellationToken cancellationToken)
   at Npgsql.NpgsqlDataReader.NextResult(Boolean async, Boolean isConsuming, CancellationToken cancellationToken)
   at Npgsql.NpgsqlCommand.ExecuteReader(Boolean async, CommandBehavior behavior, CancellationToken cancellationToken)
   at Npgsql.NpgsqlCommand.ExecuteReader(Boolean async, CommandBehavior behavior, CancellationToken cancellationToken)
   at Npgsql.NpgsqlCommand.ExecuteDbDataReaderAsync(CommandBehavior behavior, CancellationToken cancellationToken)
   at Microsoft.EntityFrameworkCore.Storage.RelationalCommand.ExecuteReaderAsync(RelationalCommandParameterObject parameterObject, CancellationToken cancellationToken)
   at Microsoft.EntityFrameworkCore.Storage.RelationalCommand.ExecuteReaderAsync(RelationalCommandParameterObject parameterObject, CancellationToken cancellationToken)
   at Microsoft.EntityFrameworkCore.Query.Internal.SingleQueryingEnumerable`1.AsyncEnumerator.InitializeReaderAsync(AsyncEnumerator enumerator, CancellationToken cancellationToken)
   at Npgsql.EntityFrameworkCore.PostgreSQL.Storage.Internal.NpgsqlExecutionStrategy.ExecuteAsync[TState,TResult](TState state, Func`4 operation, Func`4 verifySucceeded, CancellationToken cancellationToken)
   at Microsoft.EntityFrameworkCore.Query.Internal.SingleQueryingEnumerable`1.AsyncEnumerator.MoveNextAsync()
   at Microsoft.EntityFrameworkCore.EntityFrameworkQueryableExtensions.ToListAsync[TSource](IQueryable`1 source, CancellationToken cancellationToken)
   at Microsoft.EntityFrameworkCore.EntityFrameworkQueryableExtensions.ToListAsync[TSource](IQueryable`1 source, CancellationToken cancellationToken)
   at FIT.Infrastructure.Persistence.Repositories.FieldIssueRepository.GetAllAsync(FieldIssueFilter filter, CancellationToken ct) in /Users/lalit.tak/Documents/Workspace/FIT/src/FIT.Infrastructure/Persistence/Repositories/FieldIssueRepository.cs:line 44
   at FIT.Application.Features.Issues.Queries.GetIssuesQueryHandler.Handle(GetIssuesQuery request, CancellationToken cancellationToken) in /Users/lalit.tak/Documents/Workspace/FIT/src/FIT.Application/Features/Issues/Queries/GetIssuesQuery.cs:line 53
   at FIT.API.Controllers.IssuesController.GetAll(GetIssuesQuery query, CancellationToken ct) in /Users/lalit.tak/Documents/Workspace/FIT/src/FIT.API/Controllers/IssuesController.cs:line 30
   at Microsoft.AspNetCore.Mvc.Infrastructure.ActionMethodExecutor.TaskOfIActionResultExecutor.Execute(ActionContext actionContext, IActionResultTypeMapper mapper, ObjectMethodExecutor executor, Object controller, Object[] arguments)
   at Microsoft.AspNetCore.Mvc.Infrastructure.ControllerActionInvoker.<InvokeActionMethodAsync>g__Awaited|12_0(ControllerActionInvoker invoker, ValueTask`1 actionResultValueTask)
   at Microsoft.AspNetCore.Mvc.Infrastructure.ControllerActionInvoker.<InvokeNextActionFilterAsync>g__Awaited|10_0(ControllerActionInvoker invoker, Task lastTask, State next, Scope scope, Object state, Boolean isCompleted)
   at Microsoft.AspNetCore.Mvc.Infrastructure.ControllerActionInvoker.Rethrow(ActionExecutedContextSealed context)
   at Microsoft.AspNetCore.Mvc.Infrastructure.ControllerActionInvoker.Next(State& next, Scope& scope, Object& state, Boolean& isCompleted)
   at Microsoft.AspNetCore.Mvc.Infrastructure.ControllerActionInvoker.<InvokeInnerFilterAsync>g__Awaited|13_0(ControllerActionInvoker invoker, Task lastTask, State next, Scope scope, Object state, Boolean isCompleted)
   at Microsoft.AspNetCore.Mvc.Infrastructure.ResourceInvoker.<InvokeFilterPipelineAsync>g__Awaited|20_0(ResourceInvoker invoker, Task lastTask, State next, Scope scope, Object state, Boolean isCompleted)
   at Microsoft.AspNetCore.Mvc.Infrastructure.ResourceInvoker.<InvokeAsync>g__Awaited|17_0(ResourceInvoker invoker, Task task, IDisposable scope)
   at Microsoft.AspNetCore.Mvc.Infrastructure.ResourceInvoker.<InvokeAsync>g__Awaited|17_0(ResourceInvoker invoker, Task task, IDisposable scope)
   at Microsoft.AspNetCore.Authorization.AuthorizationMiddleware.Invoke(HttpContext context)
   at Microsoft.AspNetCore.Authentication.AuthenticationMiddleware.Invoke(HttpContext context)
   at Serilog.AspNetCore.RequestLoggingMiddleware.Invoke(HttpContext httpContext)
   at Microsoft.AspNetCore.Diagnostics.ExceptionHandlerMiddlewareImpl.<Invoke>g__Awaited|10_0(ExceptionHandlerMiddlewareImpl middleware, HttpContext context, Task task)
  Exception data:
    Severity: ERROR
    SqlState: 2201X
    MessageText: OFFSET must not be negative
    File: nodeLimit.c
    Line: 373
    Routine: recompute_limits
2026-07-29 16:03:41.715 +05:30 [ERR] Unhandled exception
Npgsql.PostgresException (0x80004005): 2201X: OFFSET must not be negative
   at Npgsql.Internal.NpgsqlConnector.ReadMessageLong(Boolean async, DataRowLoadingMode dataRowLoadingMode, Boolean readingNotifications, Boolean isReadingPrependedMessage)
   at System.Runtime.CompilerServices.PoolingAsyncValueTaskMethodBuilder`1.StateMachineBox`1.System.Threading.Tasks.Sources.IValueTaskSource<TResult>.GetResult(Int16 token)
   at Npgsql.NpgsqlDataReader.NextResult(Boolean async, Boolean isConsuming, CancellationToken cancellationToken)
   at Npgsql.NpgsqlDataReader.NextResult(Boolean async, Boolean isConsuming, CancellationToken cancellationToken)
   at Npgsql.NpgsqlCommand.ExecuteReader(Boolean async, CommandBehavior behavior, CancellationToken cancellationToken)
   at Npgsql.NpgsqlCommand.ExecuteReader(Boolean async, CommandBehavior behavior, CancellationToken cancellationToken)
   at Npgsql.NpgsqlCommand.ExecuteDbDataReaderAsync(CommandBehavior behavior, CancellationToken cancellationToken)
   at Microsoft.EntityFrameworkCore.Storage.RelationalCommand.ExecuteReaderAsync(RelationalCommandParameterObject parameterObject, CancellationToken cancellationToken)
   at Microsoft.EntityFrameworkCore.Storage.RelationalCommand.ExecuteReaderAsync(RelationalCommandParameterObject parameterObject, CancellationToken cancellationToken)
   at Microsoft.EntityFrameworkCore.Query.Internal.SingleQueryingEnumerable`1.AsyncEnumerator.InitializeReaderAsync(AsyncEnumerator enumerator, CancellationToken cancellationToken)
   at Npgsql.EntityFrameworkCore.PostgreSQL.Storage.Internal.NpgsqlExecutionStrategy.ExecuteAsync[TState,TResult](TState state, Func`4 operation, Func`4 verifySucceeded, CancellationToken cancellationToken)
   at Microsoft.EntityFrameworkCore.Query.Internal.SingleQueryingEnumerable`1.AsyncEnumerator.MoveNextAsync()
   at Microsoft.EntityFrameworkCore.EntityFrameworkQueryableExtensions.ToListAsync[TSource](IQueryable`1 source, CancellationToken cancellationToken)
   at Microsoft.EntityFrameworkCore.EntityFrameworkQueryableExtensions.ToListAsync[TSource](IQueryable`1 source, CancellationToken cancellationToken)
   at FIT.Infrastructure.Persistence.Repositories.FieldIssueRepository.GetAllAsync(FieldIssueFilter filter, CancellationToken ct) in /Users/lalit.tak/Documents/Workspace/FIT/src/FIT.Infrastructure/Persistence/Repositories/FieldIssueRepository.cs:line 44
   at FIT.Application.Features.Issues.Queries.GetIssuesQueryHandler.Handle(GetIssuesQuery request, CancellationToken cancellationToken) in /Users/lalit.tak/Documents/Workspace/FIT/src/FIT.Application/Features/Issues/Queries/GetIssuesQuery.cs:line 53
   at FIT.API.Controllers.IssuesController.GetAll(GetIssuesQuery query, CancellationToken ct) in /Users/lalit.tak/Documents/Workspace/FIT/src/FIT.API/Controllers/IssuesController.cs:line 30
   at Microsoft.AspNetCore.Mvc.Infrastructure.ActionMethodExecutor.TaskOfIActionResultExecutor.Execute(ActionContext actionContext, IActionResultTypeMapper mapper, ObjectMethodExecutor executor, Object controller, Object[] arguments)
   at Microsoft.AspNetCore.Mvc.Infrastructure.ControllerActionInvoker.<InvokeActionMethodAsync>g__Awaited|12_0(ControllerActionInvoker invoker, ValueTask`1 actionResultValueTask)
   at Microsoft.AspNetCore.Mvc.Infrastructure.ControllerActionInvoker.<InvokeNextActionFilterAsync>g__Awaited|10_0(ControllerActionInvoker invoker, Task lastTask, State next, Scope scope, Object state, Boolean isCompleted)
   at Microsoft.AspNetCore.Mvc.Infrastructure.ControllerActionInvoker.Rethrow(ActionExecutedContextSealed context)
   at Microsoft.AspNetCore.Mvc.Infrastructure.ControllerActionInvoker.Next(State& next, Scope& scope, Object& state, Boolean& isCompleted)
   at Microsoft.AspNetCore.Mvc.Infrastructure.ControllerActionInvoker.<InvokeInnerFilterAsync>g__Awaited|13_0(ControllerActionInvoker invoker, Task lastTask, State next, Scope scope, Object state, Boolean isCompleted)
   at Microsoft.AspNetCore.Mvc.Infrastructure.ResourceInvoker.<InvokeFilterPipelineAsync>g__Awaited|20_0(ResourceInvoker invoker, Task lastTask, State next, Scope scope, Object state, Boolean isCompleted)
   at Microsoft.AspNetCore.Mvc.Infrastructure.ResourceInvoker.<InvokeAsync>g__Awaited|17_0(ResourceInvoker invoker, Task task, IDisposable scope)
   at Microsoft.AspNetCore.Mvc.Infrastructure.ResourceInvoker.<InvokeAsync>g__Awaited|17_0(ResourceInvoker invoker, Task task, IDisposable scope)
   at Microsoft.AspNetCore.Authorization.AuthorizationMiddleware.Invoke(HttpContext context)
   at Microsoft.AspNetCore.Authentication.AuthenticationMiddleware.Invoke(HttpContext context)
   at Serilog.AspNetCore.RequestLoggingMiddleware.Invoke(HttpContext httpContext)
   at Microsoft.AspNetCore.Diagnostics.ExceptionHandlerMiddlewareImpl.<Invoke>g__Awaited|10_0(ExceptionHandlerMiddlewareImpl middleware, HttpContext context, Task task)
  Exception data:
    Severity: ERROR
    SqlState: 2201X
    MessageText: OFFSET must not be negative
    File: nodeLimit.c
    Line: 373
    Routine: recompute_limits
2026-07-29 16:04:51.813 +05:30 [ERR] Failed executing DbCommand (31ms) [Parameters=[@__p_1='?' (DbType = Int32), @__p_0='?' (DbType = Int32)], CommandType='"Text"', CommandTimeout='30']
SELECT f0.id, f0.actual_behavior, f0.approved_at, f0.assigned_developer_id, f0.category, f0.closed_at, f0.comm_type, f0.created_at, f0.customer_id, f0.customer_site_address, f0.description, f0.development_started_at, f0.expected_behavior, f0.field_observations, f0.issue_number, f0.jira_key, f0.jira_url, f0.firmware_version, f0.meter_serial, f0.meter_type, f0.priority, f0.reporter_id, f0.review_started_at, f0.severity, f0.status, f0.steps_to_reproduce, f0.submitted_at, f0.summary, f0.updated_at, f0.validation_started_at, u.id, u.created_at, u.department, u.email, u.first_name, u.is_active, u.last_login_at, u.last_name, u.password_hash, u.phone_number, u.role, u.updated_at, u0.id, u0.created_at, u0.department, u0.email, u0.first_name, u0.is_active, u0.last_login_at, u0.last_name, u0.password_hash, u0.phone_number, u0.role, u0.updated_at
FROM (
    SELECT f.id, f.actual_behavior, f.approved_at, f.assigned_developer_id, f.category, f.closed_at, f.comm_type, f.created_at, f.customer_id, f.customer_site_address, f.description, f.development_started_at, f.expected_behavior, f.field_observations, f.issue_number, f.jira_key, f.jira_url, f.firmware_version, f.meter_serial, f.meter_type, f.priority, f.reporter_id, f.review_started_at, f.severity, f.status, f.steps_to_reproduce, f.submitted_at, f.summary, f.updated_at, f.validation_started_at
    FROM field_issues AS f
    ORDER BY f.created_at DESC
    LIMIT @__p_1 OFFSET @__p_0
) AS f0
INNER JOIN users AS u ON f0.reporter_id = u.id
LEFT JOIN users AS u0 ON f0.assigned_developer_id = u0.id
ORDER BY f0.created_at DESC
2026-07-29 16:04:51.815 +05:30 [ERR] An exception occurred while iterating over the results of a query for context type 'FIT.Infrastructure.Persistence.FitDbContext'.
Npgsql.PostgresException (0x80004005): 2201X: OFFSET must not be negative
   at Npgsql.Internal.NpgsqlConnector.ReadMessageLong(Boolean async, DataRowLoadingMode dataRowLoadingMode, Boolean readingNotifications, Boolean isReadingPrependedMessage)
   at System.Runtime.CompilerServices.PoolingAsyncValueTaskMethodBuilder`1.StateMachineBox`1.System.Threading.Tasks.Sources.IValueTaskSource<TResult>.GetResult(Int16 token)
   at Npgsql.NpgsqlDataReader.NextResult(Boolean async, Boolean isConsuming, CancellationToken cancellationToken)
   at Npgsql.NpgsqlDataReader.NextResult(Boolean async, Boolean isConsuming, CancellationToken cancellationToken)
   at Npgsql.NpgsqlCommand.ExecuteReader(Boolean async, CommandBehavior behavior, CancellationToken cancellationToken)
   at Npgsql.NpgsqlCommand.ExecuteReader(Boolean async, CommandBehavior behavior, CancellationToken cancellationToken)
   at Npgsql.NpgsqlCommand.ExecuteDbDataReaderAsync(CommandBehavior behavior, CancellationToken cancellationToken)
   at Microsoft.EntityFrameworkCore.Storage.RelationalCommand.ExecuteReaderAsync(RelationalCommandParameterObject parameterObject, CancellationToken cancellationToken)
   at Microsoft.EntityFrameworkCore.Storage.RelationalCommand.ExecuteReaderAsync(RelationalCommandParameterObject parameterObject, CancellationToken cancellationToken)
   at Microsoft.EntityFrameworkCore.Query.Internal.SingleQueryingEnumerable`1.AsyncEnumerator.InitializeReaderAsync(AsyncEnumerator enumerator, CancellationToken cancellationToken)
   at Npgsql.EntityFrameworkCore.PostgreSQL.Storage.Internal.NpgsqlExecutionStrategy.ExecuteAsync[TState,TResult](TState state, Func`4 operation, Func`4 verifySucceeded, CancellationToken cancellationToken)
   at Microsoft.EntityFrameworkCore.Query.Internal.SingleQueryingEnumerable`1.AsyncEnumerator.MoveNextAsync()
  Exception data:
    Severity: ERROR
    SqlState: 2201X
    MessageText: OFFSET must not be negative
    File: nodeLimit.c
    Line: 373
    Routine: recompute_limits
Npgsql.PostgresException (0x80004005): 2201X: OFFSET must not be negative
   at Npgsql.Internal.NpgsqlConnector.ReadMessageLong(Boolean async, DataRowLoadingMode dataRowLoadingMode, Boolean readingNotifications, Boolean isReadingPrependedMessage)
   at System.Runtime.CompilerServices.PoolingAsyncValueTaskMethodBuilder`1.StateMachineBox`1.System.Threading.Tasks.Sources.IValueTaskSource<TResult>.GetResult(Int16 token)
   at Npgsql.NpgsqlDataReader.NextResult(Boolean async, Boolean isConsuming, CancellationToken cancellationToken)
   at Npgsql.NpgsqlDataReader.NextResult(Boolean async, Boolean isConsuming, CancellationToken cancellationToken)
   at Npgsql.NpgsqlCommand.ExecuteReader(Boolean async, CommandBehavior behavior, CancellationToken cancellationToken)
   at Npgsql.NpgsqlCommand.ExecuteReader(Boolean async, CommandBehavior behavior, CancellationToken cancellationToken)
   at Npgsql.NpgsqlCommand.ExecuteDbDataReaderAsync(CommandBehavior behavior, CancellationToken cancellationToken)
   at Microsoft.EntityFrameworkCore.Storage.RelationalCommand.ExecuteReaderAsync(RelationalCommandParameterObject parameterObject, CancellationToken cancellationToken)
   at Microsoft.EntityFrameworkCore.Storage.RelationalCommand.ExecuteReaderAsync(RelationalCommandParameterObject parameterObject, CancellationToken cancellationToken)
   at Microsoft.EntityFrameworkCore.Query.Internal.SingleQueryingEnumerable`1.AsyncEnumerator.InitializeReaderAsync(AsyncEnumerator enumerator, CancellationToken cancellationToken)
   at Npgsql.EntityFrameworkCore.PostgreSQL.Storage.Internal.NpgsqlExecutionStrategy.ExecuteAsync[TState,TResult](TState state, Func`4 operation, Func`4 verifySucceeded, CancellationToken cancellationToken)
   at Microsoft.EntityFrameworkCore.Query.Internal.SingleQueryingEnumerable`1.AsyncEnumerator.MoveNextAsync()
  Exception data:
    Severity: ERROR
    SqlState: 2201X
    MessageText: OFFSET must not be negative
    File: nodeLimit.c
    Line: 373
    Routine: recompute_limits
2026-07-29 16:04:51.817 +05:30 [ERR] HTTP GET /api/issues responded 500 in 156.7615 ms
Npgsql.PostgresException (0x80004005): 2201X: OFFSET must not be negative
   at Npgsql.Internal.NpgsqlConnector.ReadMessageLong(Boolean async, DataRowLoadingMode dataRowLoadingMode, Boolean readingNotifications, Boolean isReadingPrependedMessage)
   at System.Runtime.CompilerServices.PoolingAsyncValueTaskMethodBuilder`1.StateMachineBox`1.System.Threading.Tasks.Sources.IValueTaskSource<TResult>.GetResult(Int16 token)
   at Npgsql.NpgsqlDataReader.NextResult(Boolean async, Boolean isConsuming, CancellationToken cancellationToken)
   at Npgsql.NpgsqlDataReader.NextResult(Boolean async, Boolean isConsuming, CancellationToken cancellationToken)
   at Npgsql.NpgsqlCommand.ExecuteReader(Boolean async, CommandBehavior behavior, CancellationToken cancellationToken)
   at Npgsql.NpgsqlCommand.ExecuteReader(Boolean async, CommandBehavior behavior, CancellationToken cancellationToken)
   at Npgsql.NpgsqlCommand.ExecuteDbDataReaderAsync(CommandBehavior behavior, CancellationToken cancellationToken)
   at Microsoft.EntityFrameworkCore.Storage.RelationalCommand.ExecuteReaderAsync(RelationalCommandParameterObject parameterObject, CancellationToken cancellationToken)
   at Microsoft.EntityFrameworkCore.Storage.RelationalCommand.ExecuteReaderAsync(RelationalCommandParameterObject parameterObject, CancellationToken cancellationToken)
   at Microsoft.EntityFrameworkCore.Query.Internal.SingleQueryingEnumerable`1.AsyncEnumerator.InitializeReaderAsync(AsyncEnumerator enumerator, CancellationToken cancellationToken)
   at Npgsql.EntityFrameworkCore.PostgreSQL.Storage.Internal.NpgsqlExecutionStrategy.ExecuteAsync[TState,TResult](TState state, Func`4 operation, Func`4 verifySucceeded, CancellationToken cancellationToken)
   at Microsoft.EntityFrameworkCore.Query.Internal.SingleQueryingEnumerable`1.AsyncEnumerator.MoveNextAsync()
   at Microsoft.EntityFrameworkCore.EntityFrameworkQueryableExtensions.ToListAsync[TSource](IQueryable`1 source, CancellationToken cancellationToken)
   at Microsoft.EntityFrameworkCore.EntityFrameworkQueryableExtensions.ToListAsync[TSource](IQueryable`1 source, CancellationToken cancellationToken)
   at FIT.Infrastructure.Persistence.Repositories.FieldIssueRepository.GetAllAsync(FieldIssueFilter filter, CancellationToken ct) in /Users/lalit.tak/Documents/Workspace/FIT/src/FIT.Infrastructure/Persistence/Repositories/FieldIssueRepository.cs:line 44
   at FIT.Application.Features.Issues.Queries.GetIssuesQueryHandler.Handle(GetIssuesQuery request, CancellationToken cancellationToken) in /Users/lalit.tak/Documents/Workspace/FIT/src/FIT.Application/Features/Issues/Queries/GetIssuesQuery.cs:line 53
   at FIT.API.Controllers.IssuesController.GetAll(GetIssuesQuery query, CancellationToken ct) in /Users/lalit.tak/Documents/Workspace/FIT/src/FIT.API/Controllers/IssuesController.cs:line 30
   at Microsoft.AspNetCore.Mvc.Infrastructure.ActionMethodExecutor.TaskOfIActionResultExecutor.Execute(ActionContext actionContext, IActionResultTypeMapper mapper, ObjectMethodExecutor executor, Object controller, Object[] arguments)
   at Microsoft.AspNetCore.Mvc.Infrastructure.ControllerActionInvoker.<InvokeActionMethodAsync>g__Awaited|12_0(ControllerActionInvoker invoker, ValueTask`1 actionResultValueTask)
   at Microsoft.AspNetCore.Mvc.Infrastructure.ControllerActionInvoker.<InvokeNextActionFilterAsync>g__Awaited|10_0(ControllerActionInvoker invoker, Task lastTask, State next, Scope scope, Object state, Boolean isCompleted)
   at Microsoft.AspNetCore.Mvc.Infrastructure.ControllerActionInvoker.Rethrow(ActionExecutedContextSealed context)
   at Microsoft.AspNetCore.Mvc.Infrastructure.ControllerActionInvoker.Next(State& next, Scope& scope, Object& state, Boolean& isCompleted)
   at Microsoft.AspNetCore.Mvc.Infrastructure.ControllerActionInvoker.<InvokeInnerFilterAsync>g__Awaited|13_0(ControllerActionInvoker invoker, Task lastTask, State next, Scope scope, Object state, Boolean isCompleted)
   at Microsoft.AspNetCore.Mvc.Infrastructure.ResourceInvoker.<InvokeFilterPipelineAsync>g__Awaited|20_0(ResourceInvoker invoker, Task lastTask, State next, Scope scope, Object state, Boolean isCompleted)
   at Microsoft.AspNetCore.Mvc.Infrastructure.ResourceInvoker.<InvokeAsync>g__Awaited|17_0(ResourceInvoker invoker, Task task, IDisposable scope)
   at Microsoft.AspNetCore.Mvc.Infrastructure.ResourceInvoker.<InvokeAsync>g__Awaited|17_0(ResourceInvoker invoker, Task task, IDisposable scope)
   at Microsoft.AspNetCore.Authorization.AuthorizationMiddleware.Invoke(HttpContext context)
   at Microsoft.AspNetCore.Authentication.AuthenticationMiddleware.Invoke(HttpContext context)
   at Serilog.AspNetCore.RequestLoggingMiddleware.Invoke(HttpContext httpContext)
  Exception data:
    Severity: ERROR
    SqlState: 2201X
    MessageText: OFFSET must not be negative
    File: nodeLimit.c
    Line: 373
    Routine: recompute_limits
2026-07-29 16:04:51.820 +05:30 [ERR] An unhandled exception has occurred while executing the request.
Npgsql.PostgresException (0x80004005): 2201X: OFFSET must not be negative
   at Npgsql.Internal.NpgsqlConnector.ReadMessageLong(Boolean async, DataRowLoadingMode dataRowLoadingMode, Boolean readingNotifications, Boolean isReadingPrependedMessage)
   at System.Runtime.CompilerServices.PoolingAsyncValueTaskMethodBuilder`1.StateMachineBox`1.System.Threading.Tasks.Sources.IValueTaskSource<TResult>.GetResult(Int16 token)
   at Npgsql.NpgsqlDataReader.NextResult(Boolean async, Boolean isConsuming, CancellationToken cancellationToken)
   at Npgsql.NpgsqlDataReader.NextResult(Boolean async, Boolean isConsuming, CancellationToken cancellationToken)
   at Npgsql.NpgsqlCommand.ExecuteReader(Boolean async, CommandBehavior behavior, CancellationToken cancellationToken)
   at Npgsql.NpgsqlCommand.ExecuteReader(Boolean async, CommandBehavior behavior, CancellationToken cancellationToken)
   at Npgsql.NpgsqlCommand.ExecuteDbDataReaderAsync(CommandBehavior behavior, CancellationToken cancellationToken)
   at Microsoft.EntityFrameworkCore.Storage.RelationalCommand.ExecuteReaderAsync(RelationalCommandParameterObject parameterObject, CancellationToken cancellationToken)
   at Microsoft.EntityFrameworkCore.Storage.RelationalCommand.ExecuteReaderAsync(RelationalCommandParameterObject parameterObject, CancellationToken cancellationToken)
   at Microsoft.EntityFrameworkCore.Query.Internal.SingleQueryingEnumerable`1.AsyncEnumerator.InitializeReaderAsync(AsyncEnumerator enumerator, CancellationToken cancellationToken)
   at Npgsql.EntityFrameworkCore.PostgreSQL.Storage.Internal.NpgsqlExecutionStrategy.ExecuteAsync[TState,TResult](TState state, Func`4 operation, Func`4 verifySucceeded, CancellationToken cancellationToken)
   at Microsoft.EntityFrameworkCore.Query.Internal.SingleQueryingEnumerable`1.AsyncEnumerator.MoveNextAsync()
   at Microsoft.EntityFrameworkCore.EntityFrameworkQueryableExtensions.ToListAsync[TSource](IQueryable`1 source, CancellationToken cancellationToken)
   at Microsoft.EntityFrameworkCore.EntityFrameworkQueryableExtensions.ToListAsync[TSource](IQueryable`1 source, CancellationToken cancellationToken)
   at FIT.Infrastructure.Persistence.Repositories.FieldIssueRepository.GetAllAsync(FieldIssueFilter filter, CancellationToken ct) in /Users/lalit.tak/Documents/Workspace/FIT/src/FIT.Infrastructure/Persistence/Repositories/FieldIssueRepository.cs:line 44
   at FIT.Application.Features.Issues.Queries.GetIssuesQueryHandler.Handle(GetIssuesQuery request, CancellationToken cancellationToken) in /Users/lalit.tak/Documents/Workspace/FIT/src/FIT.Application/Features/Issues/Queries/GetIssuesQuery.cs:line 53
   at FIT.API.Controllers.IssuesController.GetAll(GetIssuesQuery query, CancellationToken ct) in /Users/lalit.tak/Documents/Workspace/FIT/src/FIT.API/Controllers/IssuesController.cs:line 30
   at Microsoft.AspNetCore.Mvc.Infrastructure.ActionMethodExecutor.TaskOfIActionResultExecutor.Execute(ActionContext actionContext, IActionResultTypeMapper mapper, ObjectMethodExecutor executor, Object controller, Object[] arguments)
   at Microsoft.AspNetCore.Mvc.Infrastructure.ControllerActionInvoker.<InvokeActionMethodAsync>g__Awaited|12_0(ControllerActionInvoker invoker, ValueTask`1 actionResultValueTask)
   at Microsoft.AspNetCore.Mvc.Infrastructure.ControllerActionInvoker.<InvokeNextActionFilterAsync>g__Awaited|10_0(ControllerActionInvoker invoker, Task lastTask, State next, Scope scope, Object state, Boolean isCompleted)
   at Microsoft.AspNetCore.Mvc.Infrastructure.ControllerActionInvoker.Rethrow(ActionExecutedContextSealed context)
   at Microsoft.AspNetCore.Mvc.Infrastructure.ControllerActionInvoker.Next(State& next, Scope& scope, Object& state, Boolean& isCompleted)
   at Microsoft.AspNetCore.Mvc.Infrastructure.ControllerActionInvoker.<InvokeInnerFilterAsync>g__Awaited|13_0(ControllerActionInvoker invoker, Task lastTask, State next, Scope scope, Object state, Boolean isCompleted)
   at Microsoft.AspNetCore.Mvc.Infrastructure.ResourceInvoker.<InvokeFilterPipelineAsync>g__Awaited|20_0(ResourceInvoker invoker, Task lastTask, State next, Scope scope, Object state, Boolean isCompleted)
   at Microsoft.AspNetCore.Mvc.Infrastructure.ResourceInvoker.<InvokeAsync>g__Awaited|17_0(ResourceInvoker invoker, Task task, IDisposable scope)
   at Microsoft.AspNetCore.Mvc.Infrastructure.ResourceInvoker.<InvokeAsync>g__Awaited|17_0(ResourceInvoker invoker, Task task, IDisposable scope)
   at Microsoft.AspNetCore.Authorization.AuthorizationMiddleware.Invoke(HttpContext context)
   at Microsoft.AspNetCore.Authentication.AuthenticationMiddleware.Invoke(HttpContext context)
   at Serilog.AspNetCore.RequestLoggingMiddleware.Invoke(HttpContext httpContext)
   at Microsoft.AspNetCore.Diagnostics.ExceptionHandlerMiddlewareImpl.<Invoke>g__Awaited|10_0(ExceptionHandlerMiddlewareImpl middleware, HttpContext context, Task task)
  Exception data:
    Severity: ERROR
    SqlState: 2201X
    MessageText: OFFSET must not be negative
    File: nodeLimit.c
    Line: 373
    Routine: recompute_limits
2026-07-29 16:04:51.822 +05:30 [ERR] Unhandled exception
Npgsql.PostgresException (0x80004005): 2201X: OFFSET must not be negative
   at Npgsql.Internal.NpgsqlConnector.ReadMessageLong(Boolean async, DataRowLoadingMode dataRowLoadingMode, Boolean readingNotifications, Boolean isReadingPrependedMessage)
   at System.Runtime.CompilerServices.PoolingAsyncValueTaskMethodBuilder`1.StateMachineBox`1.System.Threading.Tasks.Sources.IValueTaskSource<TResult>.GetResult(Int16 token)
   at Npgsql.NpgsqlDataReader.NextResult(Boolean async, Boolean isConsuming, CancellationToken cancellationToken)
   at Npgsql.NpgsqlDataReader.NextResult(Boolean async, Boolean isConsuming, CancellationToken cancellationToken)
   at Npgsql.NpgsqlCommand.ExecuteReader(Boolean async, CommandBehavior behavior, CancellationToken cancellationToken)
   at Npgsql.NpgsqlCommand.ExecuteReader(Boolean async, CommandBehavior behavior, CancellationToken cancellationToken)
   at Npgsql.NpgsqlCommand.ExecuteDbDataReaderAsync(CommandBehavior behavior, CancellationToken cancellationToken)
   at Microsoft.EntityFrameworkCore.Storage.RelationalCommand.ExecuteReaderAsync(RelationalCommandParameterObject parameterObject, CancellationToken cancellationToken)
   at Microsoft.EntityFrameworkCore.Storage.RelationalCommand.ExecuteReaderAsync(RelationalCommandParameterObject parameterObject, CancellationToken cancellationToken)
   at Microsoft.EntityFrameworkCore.Query.Internal.SingleQueryingEnumerable`1.AsyncEnumerator.InitializeReaderAsync(AsyncEnumerator enumerator, CancellationToken cancellationToken)
   at Npgsql.EntityFrameworkCore.PostgreSQL.Storage.Internal.NpgsqlExecutionStrategy.ExecuteAsync[TState,TResult](TState state, Func`4 operation, Func`4 verifySucceeded, CancellationToken cancellationToken)
   at Microsoft.EntityFrameworkCore.Query.Internal.SingleQueryingEnumerable`1.AsyncEnumerator.MoveNextAsync()
   at Microsoft.EntityFrameworkCore.EntityFrameworkQueryableExtensions.ToListAsync[TSource](IQueryable`1 source, CancellationToken cancellationToken)
   at Microsoft.EntityFrameworkCore.EntityFrameworkQueryableExtensions.ToListAsync[TSource](IQueryable`1 source, CancellationToken cancellationToken)
   at FIT.Infrastructure.Persistence.Repositories.FieldIssueRepository.GetAllAsync(FieldIssueFilter filter, CancellationToken ct) in /Users/lalit.tak/Documents/Workspace/FIT/src/FIT.Infrastructure/Persistence/Repositories/FieldIssueRepository.cs:line 44
   at FIT.Application.Features.Issues.Queries.GetIssuesQueryHandler.Handle(GetIssuesQuery request, CancellationToken cancellationToken) in /Users/lalit.tak/Documents/Workspace/FIT/src/FIT.Application/Features/Issues/Queries/GetIssuesQuery.cs:line 53
   at FIT.API.Controllers.IssuesController.GetAll(GetIssuesQuery query, CancellationToken ct) in /Users/lalit.tak/Documents/Workspace/FIT/src/FIT.API/Controllers/IssuesController.cs:line 30
   at Microsoft.AspNetCore.Mvc.Infrastructure.ActionMethodExecutor.TaskOfIActionResultExecutor.Execute(ActionContext actionContext, IActionResultTypeMapper mapper, ObjectMethodExecutor executor, Object controller, Object[] arguments)
   at Microsoft.AspNetCore.Mvc.Infrastructure.ControllerActionInvoker.<InvokeActionMethodAsync>g__Awaited|12_0(ControllerActionInvoker invoker, ValueTask`1 actionResultValueTask)
   at Microsoft.AspNetCore.Mvc.Infrastructure.ControllerActionInvoker.<InvokeNextActionFilterAsync>g__Awaited|10_0(ControllerActionInvoker invoker, Task lastTask, State next, Scope scope, Object state, Boolean isCompleted)
   at Microsoft.AspNetCore.Mvc.Infrastructure.ControllerActionInvoker.Rethrow(ActionExecutedContextSealed context)
   at Microsoft.AspNetCore.Mvc.Infrastructure.ControllerActionInvoker.Next(State& next, Scope& scope, Object& state, Boolean& isCompleted)
   at Microsoft.AspNetCore.Mvc.Infrastructure.ControllerActionInvoker.<InvokeInnerFilterAsync>g__Awaited|13_0(ControllerActionInvoker invoker, Task lastTask, State next, Scope scope, Object state, Boolean isCompleted)
   at Microsoft.AspNetCore.Mvc.Infrastructure.ResourceInvoker.<InvokeFilterPipelineAsync>g__Awaited|20_0(ResourceInvoker invoker, Task lastTask, State next, Scope scope, Object state, Boolean isCompleted)
   at Microsoft.AspNetCore.Mvc.Infrastructure.ResourceInvoker.<InvokeAsync>g__Awaited|17_0(ResourceInvoker invoker, Task task, IDisposable scope)
   at Microsoft.AspNetCore.Mvc.Infrastructure.ResourceInvoker.<InvokeAsync>g__Awaited|17_0(ResourceInvoker invoker, Task task, IDisposable scope)
   at Microsoft.AspNetCore.Authorization.AuthorizationMiddleware.Invoke(HttpContext context)
   at Microsoft.AspNetCore.Authentication.AuthenticationMiddleware.Invoke(HttpContext context)
   at Serilog.AspNetCore.RequestLoggingMiddleware.Invoke(HttpContext httpContext)
   at Microsoft.AspNetCore.Diagnostics.ExceptionHandlerMiddlewareImpl.<Invoke>g__Awaited|10_0(ExceptionHandlerMiddlewareImpl middleware, HttpContext context, Task task)
  Exception data:
    Severity: ERROR
    SqlState: 2201X
    MessageText: OFFSET must not be negative
    File: nodeLimit.c
    Line: 373
    Routine: recompute_limits
2026-07-29 16:53:39.118 +05:30 [ERR] Failed executing DbCommand (29ms) [Parameters=[@__p_1='?' (DbType = Int32), @__p_0='?' (DbType = Int32)], CommandType='"Text"', CommandTimeout='30']
SELECT f0.id, f0.actual_behavior, f0.approved_at, f0.assigned_developer_id, f0.category, f0.closed_at, f0.comm_type, f0.created_at, f0.customer_id, f0.customer_site_address, f0.description, f0.development_started_at, f0.expected_behavior, f0.field_observations, f0.issue_number, f0.jira_key, f0.jira_url, f0.firmware_version, f0.meter_serial, f0.meter_type, f0.priority, f0.reporter_id, f0.review_started_at, f0.severity, f0.status, f0.steps_to_reproduce, f0.submitted_at, f0.summary, f0.updated_at, f0.validation_started_at, u.id, u.created_at, u.department, u.email, u.first_name, u.is_active, u.last_login_at, u.last_name, u.password_hash, u.phone_number, u.role, u.updated_at, u0.id, u0.created_at, u0.department, u0.email, u0.first_name, u0.is_active, u0.last_login_at, u0.last_name, u0.password_hash, u0.phone_number, u0.role, u0.updated_at
FROM (
    SELECT f.id, f.actual_behavior, f.approved_at, f.assigned_developer_id, f.category, f.closed_at, f.comm_type, f.created_at, f.customer_id, f.customer_site_address, f.description, f.development_started_at, f.expected_behavior, f.field_observations, f.issue_number, f.jira_key, f.jira_url, f.firmware_version, f.meter_serial, f.meter_type, f.priority, f.reporter_id, f.review_started_at, f.severity, f.status, f.steps_to_reproduce, f.submitted_at, f.summary, f.updated_at, f.validation_started_at
    FROM field_issues AS f
    ORDER BY f.created_at DESC
    LIMIT @__p_1 OFFSET @__p_0
) AS f0
INNER JOIN users AS u ON f0.reporter_id = u.id
LEFT JOIN users AS u0 ON f0.assigned_developer_id = u0.id
ORDER BY f0.created_at DESC
2026-07-29 16:53:39.133 +05:30 [ERR] An exception occurred while iterating over the results of a query for context type 'FIT.Infrastructure.Persistence.FitDbContext'.
Npgsql.PostgresException (0x80004005): 2201X: OFFSET must not be negative
   at Npgsql.Internal.NpgsqlConnector.ReadMessageLong(Boolean async, DataRowLoadingMode dataRowLoadingMode, Boolean readingNotifications, Boolean isReadingPrependedMessage)
   at System.Runtime.CompilerServices.PoolingAsyncValueTaskMethodBuilder`1.StateMachineBox`1.System.Threading.Tasks.Sources.IValueTaskSource<TResult>.GetResult(Int16 token)
   at Npgsql.NpgsqlDataReader.NextResult(Boolean async, Boolean isConsuming, CancellationToken cancellationToken)
   at Npgsql.NpgsqlDataReader.NextResult(Boolean async, Boolean isConsuming, CancellationToken cancellationToken)
   at Npgsql.NpgsqlCommand.ExecuteReader(Boolean async, CommandBehavior behavior, CancellationToken cancellationToken)
   at Npgsql.NpgsqlCommand.ExecuteReader(Boolean async, CommandBehavior behavior, CancellationToken cancellationToken)
   at Npgsql.NpgsqlCommand.ExecuteDbDataReaderAsync(CommandBehavior behavior, CancellationToken cancellationToken)
   at Microsoft.EntityFrameworkCore.Storage.RelationalCommand.ExecuteReaderAsync(RelationalCommandParameterObject parameterObject, CancellationToken cancellationToken)
   at Microsoft.EntityFrameworkCore.Storage.RelationalCommand.ExecuteReaderAsync(RelationalCommandParameterObject parameterObject, CancellationToken cancellationToken)
   at Microsoft.EntityFrameworkCore.Query.Internal.SingleQueryingEnumerable`1.AsyncEnumerator.InitializeReaderAsync(AsyncEnumerator enumerator, CancellationToken cancellationToken)
   at Npgsql.EntityFrameworkCore.PostgreSQL.Storage.Internal.NpgsqlExecutionStrategy.ExecuteAsync[TState,TResult](TState state, Func`4 operation, Func`4 verifySucceeded, CancellationToken cancellationToken)
   at Microsoft.EntityFrameworkCore.Query.Internal.SingleQueryingEnumerable`1.AsyncEnumerator.MoveNextAsync()
  Exception data:
    Severity: ERROR
    SqlState: 2201X
    MessageText: OFFSET must not be negative
    File: nodeLimit.c
    Line: 373
    Routine: recompute_limits
Npgsql.PostgresException (0x80004005): 2201X: OFFSET must not be negative
   at Npgsql.Internal.NpgsqlConnector.ReadMessageLong(Boolean async, DataRowLoadingMode dataRowLoadingMode, Boolean readingNotifications, Boolean isReadingPrependedMessage)
   at System.Runtime.CompilerServices.PoolingAsyncValueTaskMethodBuilder`1.StateMachineBox`1.System.Threading.Tasks.Sources.IValueTaskSource<TResult>.GetResult(Int16 token)
   at Npgsql.NpgsqlDataReader.NextResult(Boolean async, Boolean isConsuming, CancellationToken cancellationToken)
   at Npgsql.NpgsqlDataReader.NextResult(Boolean async, Boolean isConsuming, CancellationToken cancellationToken)
   at Npgsql.NpgsqlCommand.ExecuteReader(Boolean async, CommandBehavior behavior, CancellationToken cancellationToken)
   at Npgsql.NpgsqlCommand.ExecuteReader(Boolean async, CommandBehavior behavior, CancellationToken cancellationToken)
   at Npgsql.NpgsqlCommand.ExecuteDbDataReaderAsync(CommandBehavior behavior, CancellationToken cancellationToken)
   at Microsoft.EntityFrameworkCore.Storage.RelationalCommand.ExecuteReaderAsync(RelationalCommandParameterObject parameterObject, CancellationToken cancellationToken)
   at Microsoft.EntityFrameworkCore.Storage.RelationalCommand.ExecuteReaderAsync(RelationalCommandParameterObject parameterObject, CancellationToken cancellationToken)
   at Microsoft.EntityFrameworkCore.Query.Internal.SingleQueryingEnumerable`1.AsyncEnumerator.InitializeReaderAsync(AsyncEnumerator enumerator, CancellationToken cancellationToken)
   at Npgsql.EntityFrameworkCore.PostgreSQL.Storage.Internal.NpgsqlExecutionStrategy.ExecuteAsync[TState,TResult](TState state, Func`4 operation, Func`4 verifySucceeded, CancellationToken cancellationToken)
   at Microsoft.EntityFrameworkCore.Query.Internal.SingleQueryingEnumerable`1.AsyncEnumerator.MoveNextAsync()
  Exception data:
    Severity: ERROR
    SqlState: 2201X
    MessageText: OFFSET must not be negative
    File: nodeLimit.c
    Line: 373
    Routine: recompute_limits
2026-07-29 16:53:39.136 +05:30 [ERR] HTTP GET /api/issues responded 500 in 142.6413 ms
Npgsql.PostgresException (0x80004005): 2201X: OFFSET must not be negative
   at Npgsql.Internal.NpgsqlConnector.ReadMessageLong(Boolean async, DataRowLoadingMode dataRowLoadingMode, Boolean readingNotifications, Boolean isReadingPrependedMessage)
   at System.Runtime.CompilerServices.PoolingAsyncValueTaskMethodBuilder`1.StateMachineBox`1.System.Threading.Tasks.Sources.IValueTaskSource<TResult>.GetResult(Int16 token)
   at Npgsql.NpgsqlDataReader.NextResult(Boolean async, Boolean isConsuming, CancellationToken cancellationToken)
   at Npgsql.NpgsqlDataReader.NextResult(Boolean async, Boolean isConsuming, CancellationToken cancellationToken)
   at Npgsql.NpgsqlCommand.ExecuteReader(Boolean async, CommandBehavior behavior, CancellationToken cancellationToken)
   at Npgsql.NpgsqlCommand.ExecuteReader(Boolean async, CommandBehavior behavior, CancellationToken cancellationToken)
   at Npgsql.NpgsqlCommand.ExecuteDbDataReaderAsync(CommandBehavior behavior, CancellationToken cancellationToken)
   at Microsoft.EntityFrameworkCore.Storage.RelationalCommand.ExecuteReaderAsync(RelationalCommandParameterObject parameterObject, CancellationToken cancellationToken)
   at Microsoft.EntityFrameworkCore.Storage.RelationalCommand.ExecuteReaderAsync(RelationalCommandParameterObject parameterObject, CancellationToken cancellationToken)
   at Microsoft.EntityFrameworkCore.Query.Internal.SingleQueryingEnumerable`1.AsyncEnumerator.InitializeReaderAsync(AsyncEnumerator enumerator, CancellationToken cancellationToken)
   at Npgsql.EntityFrameworkCore.PostgreSQL.Storage.Internal.NpgsqlExecutionStrategy.ExecuteAsync[TState,TResult](TState state, Func`4 operation, Func`4 verifySucceeded, CancellationToken cancellationToken)
   at Microsoft.EntityFrameworkCore.Query.Internal.SingleQueryingEnumerable`1.AsyncEnumerator.MoveNextAsync()
   at Microsoft.EntityFrameworkCore.EntityFrameworkQueryableExtensions.ToListAsync[TSource](IQueryable`1 source, CancellationToken cancellationToken)
   at Microsoft.EntityFrameworkCore.EntityFrameworkQueryableExtensions.ToListAsync[TSource](IQueryable`1 source, CancellationToken cancellationToken)
   at FIT.Infrastructure.Persistence.Repositories.FieldIssueRepository.GetAllAsync(FieldIssueFilter filter, CancellationToken ct) in /Users/lalit.tak/Documents/Workspace/FIT/src/FIT.Infrastructure/Persistence/Repositories/FieldIssueRepository.cs:line 44
   at FIT.Application.Features.Issues.Queries.GetIssuesQueryHandler.Handle(GetIssuesQuery request, CancellationToken cancellationToken) in /Users/lalit.tak/Documents/Workspace/FIT/src/FIT.Application/Features/Issues/Queries/GetIssuesQuery.cs:line 53
   at FIT.API.Controllers.IssuesController.GetAll(GetIssuesQuery query, CancellationToken ct) in /Users/lalit.tak/Documents/Workspace/FIT/src/FIT.API/Controllers/IssuesController.cs:line 30
   at Microsoft.AspNetCore.Mvc.Infrastructure.ActionMethodExecutor.TaskOfIActionResultExecutor.Execute(ActionContext actionContext, IActionResultTypeMapper mapper, ObjectMethodExecutor executor, Object controller, Object[] arguments)
   at Microsoft.AspNetCore.Mvc.Infrastructure.ControllerActionInvoker.<InvokeActionMethodAsync>g__Awaited|12_0(ControllerActionInvoker invoker, ValueTask`1 actionResultValueTask)
   at Microsoft.AspNetCore.Mvc.Infrastructure.ControllerActionInvoker.<InvokeNextActionFilterAsync>g__Awaited|10_0(ControllerActionInvoker invoker, Task lastTask, State next, Scope scope, Object state, Boolean isCompleted)
   at Microsoft.AspNetCore.Mvc.Infrastructure.ControllerActionInvoker.Rethrow(ActionExecutedContextSealed context)
   at Microsoft.AspNetCore.Mvc.Infrastructure.ControllerActionInvoker.Next(State& next, Scope& scope, Object& state, Boolean& isCompleted)
   at Microsoft.AspNetCore.Mvc.Infrastructure.ControllerActionInvoker.<InvokeInnerFilterAsync>g__Awaited|13_0(ControllerActionInvoker invoker, Task lastTask, State next, Scope scope, Object state, Boolean isCompleted)
   at Microsoft.AspNetCore.Mvc.Infrastructure.ResourceInvoker.<InvokeFilterPipelineAsync>g__Awaited|20_0(ResourceInvoker invoker, Task lastTask, State next, Scope scope, Object state, Boolean isCompleted)
   at Microsoft.AspNetCore.Mvc.Infrastructure.ResourceInvoker.<InvokeAsync>g__Awaited|17_0(ResourceInvoker invoker, Task task, IDisposable scope)
   at Microsoft.AspNetCore.Mvc.Infrastructure.ResourceInvoker.<InvokeAsync>g__Awaited|17_0(ResourceInvoker invoker, Task task, IDisposable scope)
   at Microsoft.AspNetCore.Authorization.AuthorizationMiddleware.Invoke(HttpContext context)
   at Microsoft.AspNetCore.Authentication.AuthenticationMiddleware.Invoke(HttpContext context)
   at Serilog.AspNetCore.RequestLoggingMiddleware.Invoke(HttpContext httpContext)
  Exception data:
    Severity: ERROR
    SqlState: 2201X
    MessageText: OFFSET must not be negative
    File: nodeLimit.c
    Line: 373
    Routine: recompute_limits
2026-07-29 16:53:39.146 +05:30 [ERR] An unhandled exception has occurred while executing the request.
Npgsql.PostgresException (0x80004005): 2201X: OFFSET must not be negative
   at Npgsql.Internal.NpgsqlConnector.ReadMessageLong(Boolean async, DataRowLoadingMode dataRowLoadingMode, Boolean readingNotifications, Boolean isReadingPrependedMessage)
   at System.Runtime.CompilerServices.PoolingAsyncValueTaskMethodBuilder`1.StateMachineBox`1.System.Threading.Tasks.Sources.IValueTaskSource<TResult>.GetResult(Int16 token)
   at Npgsql.NpgsqlDataReader.NextResult(Boolean async, Boolean isConsuming, CancellationToken cancellationToken)
   at Npgsql.NpgsqlDataReader.NextResult(Boolean async, Boolean isConsuming, CancellationToken cancellationToken)
   at Npgsql.NpgsqlCommand.ExecuteReader(Boolean async, CommandBehavior behavior, CancellationToken cancellationToken)
   at Npgsql.NpgsqlCommand.ExecuteReader(Boolean async, CommandBehavior behavior, CancellationToken cancellationToken)
   at Npgsql.NpgsqlCommand.ExecuteDbDataReaderAsync(CommandBehavior behavior, CancellationToken cancellationToken)
   at Microsoft.EntityFrameworkCore.Storage.RelationalCommand.ExecuteReaderAsync(RelationalCommandParameterObject parameterObject, CancellationToken cancellationToken)
   at Microsoft.EntityFrameworkCore.Storage.RelationalCommand.ExecuteReaderAsync(RelationalCommandParameterObject parameterObject, CancellationToken cancellationToken)
   at Microsoft.EntityFrameworkCore.Query.Internal.SingleQueryingEnumerable`1.AsyncEnumerator.InitializeReaderAsync(AsyncEnumerator enumerator, CancellationToken cancellationToken)
   at Npgsql.EntityFrameworkCore.PostgreSQL.Storage.Internal.NpgsqlExecutionStrategy.ExecuteAsync[TState,TResult](TState state, Func`4 operation, Func`4 verifySucceeded, CancellationToken cancellationToken)
   at Microsoft.EntityFrameworkCore.Query.Internal.SingleQueryingEnumerable`1.AsyncEnumerator.MoveNextAsync()
   at Microsoft.EntityFrameworkCore.EntityFrameworkQueryableExtensions.ToListAsync[TSource](IQueryable`1 source, CancellationToken cancellationToken)
   at Microsoft.EntityFrameworkCore.EntityFrameworkQueryableExtensions.ToListAsync[TSource](IQueryable`1 source, CancellationToken cancellationToken)
   at FIT.Infrastructure.Persistence.Repositories.FieldIssueRepository.GetAllAsync(FieldIssueFilter filter, CancellationToken ct) in /Users/lalit.tak/Documents/Workspace/FIT/src/FIT.Infrastructure/Persistence/Repositories/FieldIssueRepository.cs:line 44
   at FIT.Application.Features.Issues.Queries.GetIssuesQueryHandler.Handle(GetIssuesQuery request, CancellationToken cancellationToken) in /Users/lalit.tak/Documents/Workspace/FIT/src/FIT.Application/Features/Issues/Queries/GetIssuesQuery.cs:line 53
   at FIT.API.Controllers.IssuesController.GetAll(GetIssuesQuery query, CancellationToken ct) in /Users/lalit.tak/Documents/Workspace/FIT/src/FIT.API/Controllers/IssuesController.cs:line 30
   at Microsoft.AspNetCore.Mvc.Infrastructure.ActionMethodExecutor.TaskOfIActionResultExecutor.Execute(ActionContext actionContext, IActionResultTypeMapper mapper, ObjectMethodExecutor executor, Object controller, Object[] arguments)
   at Microsoft.AspNetCore.Mvc.Infrastructure.ControllerActionInvoker.<InvokeActionMethodAsync>g__Awaited|12_0(ControllerActionInvoker invoker, ValueTask`1 actionResultValueTask)
   at Microsoft.AspNetCore.Mvc.Infrastructure.ControllerActionInvoker.<InvokeNextActionFilterAsync>g__Awaited|10_0(ControllerActionInvoker invoker, Task lastTask, State next, Scope scope, Object state, Boolean isCompleted)
   at Microsoft.AspNetCore.Mvc.Infrastructure.ControllerActionInvoker.Rethrow(ActionExecutedContextSealed context)
   at Microsoft.AspNetCore.Mvc.Infrastructure.ControllerActionInvoker.Next(State& next, Scope& scope, Object& state, Boolean& isCompleted)
   at Microsoft.AspNetCore.Mvc.Infrastructure.ControllerActionInvoker.<InvokeInnerFilterAsync>g__Awaited|13_0(ControllerActionInvoker invoker, Task lastTask, State next, Scope scope, Object state, Boolean isCompleted)
   at Microsoft.AspNetCore.Mvc.Infrastructure.ResourceInvoker.<InvokeFilterPipelineAsync>g__Awaited|20_0(ResourceInvoker invoker, Task lastTask, State next, Scope scope, Object state, Boolean isCompleted)
   at Microsoft.AspNetCore.Mvc.Infrastructure.ResourceInvoker.<InvokeAsync>g__Awaited|17_0(ResourceInvoker invoker, Task task, IDisposable scope)
   at Microsoft.AspNetCore.Mvc.Infrastructure.ResourceInvoker.<InvokeAsync>g__Awaited|17_0(ResourceInvoker invoker, Task task, IDisposable scope)
   at Microsoft.AspNetCore.Authorization.AuthorizationMiddleware.Invoke(HttpContext context)
   at Microsoft.AspNetCore.Authentication.AuthenticationMiddleware.Invoke(HttpContext context)
   at Serilog.AspNetCore.RequestLoggingMiddleware.Invoke(HttpContext httpContext)
   at Microsoft.AspNetCore.Diagnostics.ExceptionHandlerMiddlewareImpl.<Invoke>g__Awaited|10_0(ExceptionHandlerMiddlewareImpl middleware, HttpContext context, Task task)
  Exception data:
    Severity: ERROR
    SqlState: 2201X
    MessageText: OFFSET must not be negative
    File: nodeLimit.c
    Line: 373
    Routine: recompute_limits
2026-07-29 16:53:39.149 +05:30 [ERR] Unhandled exception
Npgsql.PostgresException (0x80004005): 2201X: OFFSET must not be negative
   at Npgsql.Internal.NpgsqlConnector.ReadMessageLong(Boolean async, DataRowLoadingMode dataRowLoadingMode, Boolean readingNotifications, Boolean isReadingPrependedMessage)
   at System.Runtime.CompilerServices.PoolingAsyncValueTaskMethodBuilder`1.StateMachineBox`1.System.Threading.Tasks.Sources.IValueTaskSource<TResult>.GetResult(Int16 token)
   at Npgsql.NpgsqlDataReader.NextResult(Boolean async, Boolean isConsuming, CancellationToken cancellationToken)
   at Npgsql.NpgsqlDataReader.NextResult(Boolean async, Boolean isConsuming, CancellationToken cancellationToken)
   at Npgsql.NpgsqlCommand.ExecuteReader(Boolean async, CommandBehavior behavior, CancellationToken cancellationToken)
   at Npgsql.NpgsqlCommand.ExecuteReader(Boolean async, CommandBehavior behavior, CancellationToken cancellationToken)
   at Npgsql.NpgsqlCommand.ExecuteDbDataReaderAsync(CommandBehavior behavior, CancellationToken cancellationToken)
   at Microsoft.EntityFrameworkCore.Storage.RelationalCommand.ExecuteReaderAsync(RelationalCommandParameterObject parameterObject, CancellationToken cancellationToken)
   at Microsoft.EntityFrameworkCore.Storage.RelationalCommand.ExecuteReaderAsync(RelationalCommandParameterObject parameterObject, CancellationToken cancellationToken)
   at Microsoft.EntityFrameworkCore.Query.Internal.SingleQueryingEnumerable`1.AsyncEnumerator.InitializeReaderAsync(AsyncEnumerator enumerator, CancellationToken cancellationToken)
   at Npgsql.EntityFrameworkCore.PostgreSQL.Storage.Internal.NpgsqlExecutionStrategy.ExecuteAsync[TState,TResult](TState state, Func`4 operation, Func`4 verifySucceeded, CancellationToken cancellationToken)
   at Microsoft.EntityFrameworkCore.Query.Internal.SingleQueryingEnumerable`1.AsyncEnumerator.MoveNextAsync()
   at Microsoft.EntityFrameworkCore.EntityFrameworkQueryableExtensions.ToListAsync[TSource](IQueryable`1 source, CancellationToken cancellationToken)
   at Microsoft.EntityFrameworkCore.EntityFrameworkQueryableExtensions.ToListAsync[TSource](IQueryable`1 source, CancellationToken cancellationToken)
   at FIT.Infrastructure.Persistence.Repositories.FieldIssueRepository.GetAllAsync(FieldIssueFilter filter, CancellationToken ct) in /Users/lalit.tak/Documents/Workspace/FIT/src/FIT.Infrastructure/Persistence/Repositories/FieldIssueRepository.cs:line 44
   at FIT.Application.Features.Issues.Queries.GetIssuesQueryHandler.Handle(GetIssuesQuery request, CancellationToken cancellationToken) in /Users/lalit.tak/Documents/Workspace/FIT/src/FIT.Application/Features/Issues/Queries/GetIssuesQuery.cs:line 53
   at FIT.API.Controllers.IssuesController.GetAll(GetIssuesQuery query, CancellationToken ct) in /Users/lalit.tak/Documents/Workspace/FIT/src/FIT.API/Controllers/IssuesController.cs:line 30
   at Microsoft.AspNetCore.Mvc.Infrastructure.ActionMethodExecutor.TaskOfIActionResultExecutor.Execute(ActionContext actionContext, IActionResultTypeMapper mapper, ObjectMethodExecutor executor, Object controller, Object[] arguments)
   at Microsoft.AspNetCore.Mvc.Infrastructure.ControllerActionInvoker.<InvokeActionMethodAsync>g__Awaited|12_0(ControllerActionInvoker invoker, ValueTask`1 actionResultValueTask)
   at Microsoft.AspNetCore.Mvc.Infrastructure.ControllerActionInvoker.<InvokeNextActionFilterAsync>g__Awaited|10_0(ControllerActionInvoker invoker, Task lastTask, State next, Scope scope, Object state, Boolean isCompleted)
   at Microsoft.AspNetCore.Mvc.Infrastructure.ControllerActionInvoker.Rethrow(ActionExecutedContextSealed context)
   at Microsoft.AspNetCore.Mvc.Infrastructure.ControllerActionInvoker.Next(State& next, Scope& scope, Object& state, Boolean& isCompleted)
   at Microsoft.AspNetCore.Mvc.Infrastructure.ControllerActionInvoker.<InvokeInnerFilterAsync>g__Awaited|13_0(ControllerActionInvoker invoker, Task lastTask, State next, Scope scope, Object state, Boolean isCompleted)
   at Microsoft.AspNetCore.Mvc.Infrastructure.ResourceInvoker.<InvokeFilterPipelineAsync>g__Awaited|20_0(ResourceInvoker invoker, Task lastTask, State next, Scope scope, Object state, Boolean isCompleted)
   at Microsoft.AspNetCore.Mvc.Infrastructure.ResourceInvoker.<InvokeAsync>g__Awaited|17_0(ResourceInvoker invoker, Task task, IDisposable scope)
   at Microsoft.AspNetCore.Mvc.Infrastructure.ResourceInvoker.<InvokeAsync>g__Awaited|17_0(ResourceInvoker invoker, Task task, IDisposable scope)
   at Microsoft.AspNetCore.Authorization.AuthorizationMiddleware.Invoke(HttpContext context)
   at Microsoft.AspNetCore.Authentication.AuthenticationMiddleware.Invoke(HttpContext context)
   at Serilog.AspNetCore.RequestLoggingMiddleware.Invoke(HttpContext httpContext)
   at Microsoft.AspNetCore.Diagnostics.ExceptionHandlerMiddlewareImpl.<Invoke>g__Awaited|10_0(ExceptionHandlerMiddlewareImpl middleware, HttpContext context, Task task)
  Exception data:
    Severity: ERROR
    SqlState: 2201X
    MessageText: OFFSET must not be negative
    File: nodeLimit.c
    Line: 373
    Routine: recompute_limits
2026-07-29 16:54:23.303 +05:30 [ERR] Failed executing DbCommand (3ms) [Parameters=[@__p_1='?' (DbType = Int32), @__p_0='?' (DbType = Int32)], CommandType='"Text"', CommandTimeout='30']
SELECT f0.id, f0.actual_behavior, f0.approved_at, f0.assigned_developer_id, f0.category, f0.closed_at, f0.comm_type, f0.created_at, f0.customer_id, f0.customer_site_address, f0.description, f0.development_started_at, f0.expected_behavior, f0.field_observations, f0.issue_number, f0.jira_key, f0.jira_url, f0.firmware_version, f0.meter_serial, f0.meter_type, f0.priority, f0.reporter_id, f0.review_started_at, f0.severity, f0.status, f0.steps_to_reproduce, f0.submitted_at, f0.summary, f0.updated_at, f0.validation_started_at, u.id, u.created_at, u.department, u.email, u.first_name, u.is_active, u.last_login_at, u.last_name, u.password_hash, u.phone_number, u.role, u.updated_at, u0.id, u0.created_at, u0.department, u0.email, u0.first_name, u0.is_active, u0.last_login_at, u0.last_name, u0.password_hash, u0.phone_number, u0.role, u0.updated_at
FROM (
    SELECT f.id, f.actual_behavior, f.approved_at, f.assigned_developer_id, f.category, f.closed_at, f.comm_type, f.created_at, f.customer_id, f.customer_site_address, f.description, f.development_started_at, f.expected_behavior, f.field_observations, f.issue_number, f.jira_key, f.jira_url, f.firmware_version, f.meter_serial, f.meter_type, f.priority, f.reporter_id, f.review_started_at, f.severity, f.status, f.steps_to_reproduce, f.submitted_at, f.summary, f.updated_at, f.validation_started_at
    FROM field_issues AS f
    ORDER BY f.created_at DESC
    LIMIT @__p_1 OFFSET @__p_0
) AS f0
INNER JOIN users AS u ON f0.reporter_id = u.id
LEFT JOIN users AS u0 ON f0.assigned_developer_id = u0.id
ORDER BY f0.created_at DESC
2026-07-29 16:54:23.306 +05:30 [ERR] An exception occurred while iterating over the results of a query for context type 'FIT.Infrastructure.Persistence.FitDbContext'.
Npgsql.PostgresException (0x80004005): 2201X: OFFSET must not be negative
   at Npgsql.Internal.NpgsqlConnector.ReadMessageLong(Boolean async, DataRowLoadingMode dataRowLoadingMode, Boolean readingNotifications, Boolean isReadingPrependedMessage)
   at System.Runtime.CompilerServices.PoolingAsyncValueTaskMethodBuilder`1.StateMachineBox`1.System.Threading.Tasks.Sources.IValueTaskSource<TResult>.GetResult(Int16 token)
   at Npgsql.NpgsqlDataReader.NextResult(Boolean async, Boolean isConsuming, CancellationToken cancellationToken)
   at Npgsql.NpgsqlDataReader.NextResult(Boolean async, Boolean isConsuming, CancellationToken cancellationToken)
   at Npgsql.NpgsqlCommand.ExecuteReader(Boolean async, CommandBehavior behavior, CancellationToken cancellationToken)
   at Npgsql.NpgsqlCommand.ExecuteReader(Boolean async, CommandBehavior behavior, CancellationToken cancellationToken)
   at Npgsql.NpgsqlCommand.ExecuteDbDataReaderAsync(CommandBehavior behavior, CancellationToken cancellationToken)
   at Microsoft.EntityFrameworkCore.Storage.RelationalCommand.ExecuteReaderAsync(RelationalCommandParameterObject parameterObject, CancellationToken cancellationToken)
   at Microsoft.EntityFrameworkCore.Storage.RelationalCommand.ExecuteReaderAsync(RelationalCommandParameterObject parameterObject, CancellationToken cancellationToken)
   at Microsoft.EntityFrameworkCore.Query.Internal.SingleQueryingEnumerable`1.AsyncEnumerator.InitializeReaderAsync(AsyncEnumerator enumerator, CancellationToken cancellationToken)
   at Npgsql.EntityFrameworkCore.PostgreSQL.Storage.Internal.NpgsqlExecutionStrategy.ExecuteAsync[TState,TResult](TState state, Func`4 operation, Func`4 verifySucceeded, CancellationToken cancellationToken)
   at Microsoft.EntityFrameworkCore.Query.Internal.SingleQueryingEnumerable`1.AsyncEnumerator.MoveNextAsync()
  Exception data:
    Severity: ERROR
    SqlState: 2201X
    MessageText: OFFSET must not be negative
    File: nodeLimit.c
    Line: 373
    Routine: recompute_limits
Npgsql.PostgresException (0x80004005): 2201X: OFFSET must not be negative
   at Npgsql.Internal.NpgsqlConnector.ReadMessageLong(Boolean async, DataRowLoadingMode dataRowLoadingMode, Boolean readingNotifications, Boolean isReadingPrependedMessage)
   at System.Runtime.CompilerServices.PoolingAsyncValueTaskMethodBuilder`1.StateMachineBox`1.System.Threading.Tasks.Sources.IValueTaskSource<TResult>.GetResult(Int16 token)
   at Npgsql.NpgsqlDataReader.NextResult(Boolean async, Boolean isConsuming, CancellationToken cancellationToken)
   at Npgsql.NpgsqlDataReader.NextResult(Boolean async, Boolean isConsuming, CancellationToken cancellationToken)
   at Npgsql.NpgsqlCommand.ExecuteReader(Boolean async, CommandBehavior behavior, CancellationToken cancellationToken)
   at Npgsql.NpgsqlCommand.ExecuteReader(Boolean async, CommandBehavior behavior, CancellationToken cancellationToken)
   at Npgsql.NpgsqlCommand.ExecuteDbDataReaderAsync(CommandBehavior behavior, CancellationToken cancellationToken)
   at Microsoft.EntityFrameworkCore.Storage.RelationalCommand.ExecuteReaderAsync(RelationalCommandParameterObject parameterObject, CancellationToken cancellationToken)
   at Microsoft.EntityFrameworkCore.Storage.RelationalCommand.ExecuteReaderAsync(RelationalCommandParameterObject parameterObject, CancellationToken cancellationToken)
   at Microsoft.EntityFrameworkCore.Query.Internal.SingleQueryingEnumerable`1.AsyncEnumerator.InitializeReaderAsync(AsyncEnumerator enumerator, CancellationToken cancellationToken)
   at Npgsql.EntityFrameworkCore.PostgreSQL.Storage.Internal.NpgsqlExecutionStrategy.ExecuteAsync[TState,TResult](TState state, Func`4 operation, Func`4 verifySucceeded, CancellationToken cancellationToken)
   at Microsoft.EntityFrameworkCore.Query.Internal.SingleQueryingEnumerable`1.AsyncEnumerator.MoveNextAsync()
  Exception data:
    Severity: ERROR
    SqlState: 2201X
    MessageText: OFFSET must not be negative
    File: nodeLimit.c
    Line: 373
    Routine: recompute_limits
2026-07-29 16:54:23.307 +05:30 [ERR] HTTP GET /api/issues responded 500 in 20.6414 ms
Npgsql.PostgresException (0x80004005): 2201X: OFFSET must not be negative
   at Npgsql.Internal.NpgsqlConnector.ReadMessageLong(Boolean async, DataRowLoadingMode dataRowLoadingMode, Boolean readingNotifications, Boolean isReadingPrependedMessage)
   at System.Runtime.CompilerServices.PoolingAsyncValueTaskMethodBuilder`1.StateMachineBox`1.System.Threading.Tasks.Sources.IValueTaskSource<TResult>.GetResult(Int16 token)
   at Npgsql.NpgsqlDataReader.NextResult(Boolean async, Boolean isConsuming, CancellationToken cancellationToken)
   at Npgsql.NpgsqlDataReader.NextResult(Boolean async, Boolean isConsuming, CancellationToken cancellationToken)
   at Npgsql.NpgsqlCommand.ExecuteReader(Boolean async, CommandBehavior behavior, CancellationToken cancellationToken)
   at Npgsql.NpgsqlCommand.ExecuteReader(Boolean async, CommandBehavior behavior, CancellationToken cancellationToken)
   at Npgsql.NpgsqlCommand.ExecuteDbDataReaderAsync(CommandBehavior behavior, CancellationToken cancellationToken)
   at Microsoft.EntityFrameworkCore.Storage.RelationalCommand.ExecuteReaderAsync(RelationalCommandParameterObject parameterObject, CancellationToken cancellationToken)
   at Microsoft.EntityFrameworkCore.Storage.RelationalCommand.ExecuteReaderAsync(RelationalCommandParameterObject parameterObject, CancellationToken cancellationToken)
   at Microsoft.EntityFrameworkCore.Query.Internal.SingleQueryingEnumerable`1.AsyncEnumerator.InitializeReaderAsync(AsyncEnumerator enumerator, CancellationToken cancellationToken)
   at Npgsql.EntityFrameworkCore.PostgreSQL.Storage.Internal.NpgsqlExecutionStrategy.ExecuteAsync[TState,TResult](TState state, Func`4 operation, Func`4 verifySucceeded, CancellationToken cancellationToken)
   at Microsoft.EntityFrameworkCore.Query.Internal.SingleQueryingEnumerable`1.AsyncEnumerator.MoveNextAsync()
   at Microsoft.EntityFrameworkCore.EntityFrameworkQueryableExtensions.ToListAsync[TSource](IQueryable`1 source, CancellationToken cancellationToken)
   at Microsoft.EntityFrameworkCore.EntityFrameworkQueryableExtensions.ToListAsync[TSource](IQueryable`1 source, CancellationToken cancellationToken)
   at FIT.Infrastructure.Persistence.Repositories.FieldIssueRepository.GetAllAsync(FieldIssueFilter filter, CancellationToken ct) in /Users/lalit.tak/Documents/Workspace/FIT/src/FIT.Infrastructure/Persistence/Repositories/FieldIssueRepository.cs:line 44
   at FIT.Application.Features.Issues.Queries.GetIssuesQueryHandler.Handle(GetIssuesQuery request, CancellationToken cancellationToken) in /Users/lalit.tak/Documents/Workspace/FIT/src/FIT.Application/Features/Issues/Queries/GetIssuesQuery.cs:line 53
   at FIT.API.Controllers.IssuesController.GetAll(GetIssuesQuery query, CancellationToken ct) in /Users/lalit.tak/Documents/Workspace/FIT/src/FIT.API/Controllers/IssuesController.cs:line 30
   at Microsoft.AspNetCore.Mvc.Infrastructure.ActionMethodExecutor.TaskOfIActionResultExecutor.Execute(ActionContext actionContext, IActionResultTypeMapper mapper, ObjectMethodExecutor executor, Object controller, Object[] arguments)
   at Microsoft.AspNetCore.Mvc.Infrastructure.ControllerActionInvoker.<InvokeActionMethodAsync>g__Awaited|12_0(ControllerActionInvoker invoker, ValueTask`1 actionResultValueTask)
   at Microsoft.AspNetCore.Mvc.Infrastructure.ControllerActionInvoker.<InvokeNextActionFilterAsync>g__Awaited|10_0(ControllerActionInvoker invoker, Task lastTask, State next, Scope scope, Object state, Boolean isCompleted)
   at Microsoft.AspNetCore.Mvc.Infrastructure.ControllerActionInvoker.Rethrow(ActionExecutedContextSealed context)
   at Microsoft.AspNetCore.Mvc.Infrastructure.ControllerActionInvoker.Next(State& next, Scope& scope, Object& state, Boolean& isCompleted)
   at Microsoft.AspNetCore.Mvc.Infrastructure.ControllerActionInvoker.<InvokeInnerFilterAsync>g__Awaited|13_0(ControllerActionInvoker invoker, Task lastTask, State next, Scope scope, Object state, Boolean isCompleted)
   at Microsoft.AspNetCore.Mvc.Infrastructure.ResourceInvoker.<InvokeFilterPipelineAsync>g__Awaited|20_0(ResourceInvoker invoker, Task lastTask, State next, Scope scope, Object state, Boolean isCompleted)
   at Microsoft.AspNetCore.Mvc.Infrastructure.ResourceInvoker.<InvokeAsync>g__Awaited|17_0(ResourceInvoker invoker, Task task, IDisposable scope)
   at Microsoft.AspNetCore.Mvc.Infrastructure.ResourceInvoker.<InvokeAsync>g__Awaited|17_0(ResourceInvoker invoker, Task task, IDisposable scope)
   at Microsoft.AspNetCore.Authorization.AuthorizationMiddleware.Invoke(HttpContext context)
   at Microsoft.AspNetCore.Authentication.AuthenticationMiddleware.Invoke(HttpContext context)
   at Serilog.AspNetCore.RequestLoggingMiddleware.Invoke(HttpContext httpContext)
  Exception data:
    Severity: ERROR
    SqlState: 2201X
    MessageText: OFFSET must not be negative
    File: nodeLimit.c
    Line: 373
    Routine: recompute_limits
2026-07-29 16:54:23.310 +05:30 [ERR] An unhandled exception has occurred while executing the request.
Npgsql.PostgresException (0x80004005): 2201X: OFFSET must not be negative
   at Npgsql.Internal.NpgsqlConnector.ReadMessageLong(Boolean async, DataRowLoadingMode dataRowLoadingMode, Boolean readingNotifications, Boolean isReadingPrependedMessage)
   at System.Runtime.CompilerServices.PoolingAsyncValueTaskMethodBuilder`1.StateMachineBox`1.System.Threading.Tasks.Sources.IValueTaskSource<TResult>.GetResult(Int16 token)
   at Npgsql.NpgsqlDataReader.NextResult(Boolean async, Boolean isConsuming, CancellationToken cancellationToken)
   at Npgsql.NpgsqlDataReader.NextResult(Boolean async, Boolean isConsuming, CancellationToken cancellationToken)
   at Npgsql.NpgsqlCommand.ExecuteReader(Boolean async, CommandBehavior behavior, CancellationToken cancellationToken)
   at Npgsql.NpgsqlCommand.ExecuteReader(Boolean async, CommandBehavior behavior, CancellationToken cancellationToken)
   at Npgsql.NpgsqlCommand.ExecuteDbDataReaderAsync(CommandBehavior behavior, CancellationToken cancellationToken)
   at Microsoft.EntityFrameworkCore.Storage.RelationalCommand.ExecuteReaderAsync(RelationalCommandParameterObject parameterObject, CancellationToken cancellationToken)
   at Microsoft.EntityFrameworkCore.Storage.RelationalCommand.ExecuteReaderAsync(RelationalCommandParameterObject parameterObject, CancellationToken cancellationToken)
   at Microsoft.EntityFrameworkCore.Query.Internal.SingleQueryingEnumerable`1.AsyncEnumerator.InitializeReaderAsync(AsyncEnumerator enumerator, CancellationToken cancellationToken)
   at Npgsql.EntityFrameworkCore.PostgreSQL.Storage.Internal.NpgsqlExecutionStrategy.ExecuteAsync[TState,TResult](TState state, Func`4 operation, Func`4 verifySucceeded, CancellationToken cancellationToken)
   at Microsoft.EntityFrameworkCore.Query.Internal.SingleQueryingEnumerable`1.AsyncEnumerator.MoveNextAsync()
   at Microsoft.EntityFrameworkCore.EntityFrameworkQueryableExtensions.ToListAsync[TSource](IQueryable`1 source, CancellationToken cancellationToken)
   at Microsoft.EntityFrameworkCore.EntityFrameworkQueryableExtensions.ToListAsync[TSource](IQueryable`1 source, CancellationToken cancellationToken)
   at FIT.Infrastructure.Persistence.Repositories.FieldIssueRepository.GetAllAsync(FieldIssueFilter filter, CancellationToken ct) in /Users/lalit.tak/Documents/Workspace/FIT/src/FIT.Infrastructure/Persistence/Repositories/FieldIssueRepository.cs:line 44
   at FIT.Application.Features.Issues.Queries.GetIssuesQueryHandler.Handle(GetIssuesQuery request, CancellationToken cancellationToken) in /Users/lalit.tak/Documents/Workspace/FIT/src/FIT.Application/Features/Issues/Queries/GetIssuesQuery.cs:line 53
   at FIT.API.Controllers.IssuesController.GetAll(GetIssuesQuery query, CancellationToken ct) in /Users/lalit.tak/Documents/Workspace/FIT/src/FIT.API/Controllers/IssuesController.cs:line 30
   at Microsoft.AspNetCore.Mvc.Infrastructure.ActionMethodExecutor.TaskOfIActionResultExecutor.Execute(ActionContext actionContext, IActionResultTypeMapper mapper, ObjectMethodExecutor executor, Object controller, Object[] arguments)
   at Microsoft.AspNetCore.Mvc.Infrastructure.ControllerActionInvoker.<InvokeActionMethodAsync>g__Awaited|12_0(ControllerActionInvoker invoker, ValueTask`1 actionResultValueTask)
   at Microsoft.AspNetCore.Mvc.Infrastructure.ControllerActionInvoker.<InvokeNextActionFilterAsync>g__Awaited|10_0(ControllerActionInvoker invoker, Task lastTask, State next, Scope scope, Object state, Boolean isCompleted)
   at Microsoft.AspNetCore.Mvc.Infrastructure.ControllerActionInvoker.Rethrow(ActionExecutedContextSealed context)
   at Microsoft.AspNetCore.Mvc.Infrastructure.ControllerActionInvoker.Next(State& next, Scope& scope, Object& state, Boolean& isCompleted)
   at Microsoft.AspNetCore.Mvc.Infrastructure.ControllerActionInvoker.<InvokeInnerFilterAsync>g__Awaited|13_0(ControllerActionInvoker invoker, Task lastTask, State next, Scope scope, Object state, Boolean isCompleted)
   at Microsoft.AspNetCore.Mvc.Infrastructure.ResourceInvoker.<InvokeFilterPipelineAsync>g__Awaited|20_0(ResourceInvoker invoker, Task lastTask, State next, Scope scope, Object state, Boolean isCompleted)
   at Microsoft.AspNetCore.Mvc.Infrastructure.ResourceInvoker.<InvokeAsync>g__Awaited|17_0(ResourceInvoker invoker, Task task, IDisposable scope)
   at Microsoft.AspNetCore.Mvc.Infrastructure.ResourceInvoker.<InvokeAsync>g__Awaited|17_0(ResourceInvoker invoker, Task task, IDisposable scope)
   at Microsoft.AspNetCore.Authorization.AuthorizationMiddleware.Invoke(HttpContext context)
   at Microsoft.AspNetCore.Authentication.AuthenticationMiddleware.Invoke(HttpContext context)
   at Serilog.AspNetCore.RequestLoggingMiddleware.Invoke(HttpContext httpContext)
   at Microsoft.AspNetCore.Diagnostics.ExceptionHandlerMiddlewareImpl.<Invoke>g__Awaited|10_0(ExceptionHandlerMiddlewareImpl middleware, HttpContext context, Task task)
  Exception data:
    Severity: ERROR
    SqlState: 2201X
    MessageText: OFFSET must not be negative
    File: nodeLimit.c
    Line: 373
    Routine: recompute_limits
2026-07-29 16:54:23.312 +05:30 [ERR] Unhandled exception
Npgsql.PostgresException (0x80004005): 2201X: OFFSET must not be negative
   at Npgsql.Internal.NpgsqlConnector.ReadMessageLong(Boolean async, DataRowLoadingMode dataRowLoadingMode, Boolean readingNotifications, Boolean isReadingPrependedMessage)
   at System.Runtime.CompilerServices.PoolingAsyncValueTaskMethodBuilder`1.StateMachineBox`1.System.Threading.Tasks.Sources.IValueTaskSource<TResult>.GetResult(Int16 token)
   at Npgsql.NpgsqlDataReader.NextResult(Boolean async, Boolean isConsuming, CancellationToken cancellationToken)
   at Npgsql.NpgsqlDataReader.NextResult(Boolean async, Boolean isConsuming, CancellationToken cancellationToken)
   at Npgsql.NpgsqlCommand.ExecuteReader(Boolean async, CommandBehavior behavior, CancellationToken cancellationToken)
   at Npgsql.NpgsqlCommand.ExecuteReader(Boolean async, CommandBehavior behavior, CancellationToken cancellationToken)
   at Npgsql.NpgsqlCommand.ExecuteDbDataReaderAsync(CommandBehavior behavior, CancellationToken cancellationToken)
   at Microsoft.EntityFrameworkCore.Storage.RelationalCommand.ExecuteReaderAsync(RelationalCommandParameterObject parameterObject, CancellationToken cancellationToken)
   at Microsoft.EntityFrameworkCore.Storage.RelationalCommand.ExecuteReaderAsync(RelationalCommandParameterObject parameterObject, CancellationToken cancellationToken)
   at Microsoft.EntityFrameworkCore.Query.Internal.SingleQueryingEnumerable`1.AsyncEnumerator.InitializeReaderAsync(AsyncEnumerator enumerator, CancellationToken cancellationToken)
   at Npgsql.EntityFrameworkCore.PostgreSQL.Storage.Internal.NpgsqlExecutionStrategy.ExecuteAsync[TState,TResult](TState state, Func`4 operation, Func`4 verifySucceeded, CancellationToken cancellationToken)
   at Microsoft.EntityFrameworkCore.Query.Internal.SingleQueryingEnumerable`1.AsyncEnumerator.MoveNextAsync()
   at Microsoft.EntityFrameworkCore.EntityFrameworkQueryableExtensions.ToListAsync[TSource](IQueryable`1 source, CancellationToken cancellationToken)
   at Microsoft.EntityFrameworkCore.EntityFrameworkQueryableExtensions.ToListAsync[TSource](IQueryable`1 source, CancellationToken cancellationToken)
   at FIT.Infrastructure.Persistence.Repositories.FieldIssueRepository.GetAllAsync(FieldIssueFilter filter, CancellationToken ct) in /Users/lalit.tak/Documents/Workspace/FIT/src/FIT.Infrastructure/Persistence/Repositories/FieldIssueRepository.cs:line 44
   at FIT.Application.Features.Issues.Queries.GetIssuesQueryHandler.Handle(GetIssuesQuery request, CancellationToken cancellationToken) in /Users/lalit.tak/Documents/Workspace/FIT/src/FIT.Application/Features/Issues/Queries/GetIssuesQuery.cs:line 53
   at FIT.API.Controllers.IssuesController.GetAll(GetIssuesQuery query, CancellationToken ct) in /Users/lalit.tak/Documents/Workspace/FIT/src/FIT.API/Controllers/IssuesController.cs:line 30
   at Microsoft.AspNetCore.Mvc.Infrastructure.ActionMethodExecutor.TaskOfIActionResultExecutor.Execute(ActionContext actionContext, IActionResultTypeMapper mapper, ObjectMethodExecutor executor, Object controller, Object[] arguments)
   at Microsoft.AspNetCore.Mvc.Infrastructure.ControllerActionInvoker.<InvokeActionMethodAsync>g__Awaited|12_0(ControllerActionInvoker invoker, ValueTask`1 actionResultValueTask)
   at Microsoft.AspNetCore.Mvc.Infrastructure.ControllerActionInvoker.<InvokeNextActionFilterAsync>g__Awaited|10_0(ControllerActionInvoker invoker, Task lastTask, State next, Scope scope, Object state, Boolean isCompleted)
   at Microsoft.AspNetCore.Mvc.Infrastructure.ControllerActionInvoker.Rethrow(ActionExecutedContextSealed context)
   at Microsoft.AspNetCore.Mvc.Infrastructure.ControllerActionInvoker.Next(State& next, Scope& scope, Object& state, Boolean& isCompleted)
   at Microsoft.AspNetCore.Mvc.Infrastructure.ControllerActionInvoker.<InvokeInnerFilterAsync>g__Awaited|13_0(ControllerActionInvoker invoker, Task lastTask, State next, Scope scope, Object state, Boolean isCompleted)
   at Microsoft.AspNetCore.Mvc.Infrastructure.ResourceInvoker.<InvokeFilterPipelineAsync>g__Awaited|20_0(ResourceInvoker invoker, Task lastTask, State next, Scope scope, Object state, Boolean isCompleted)
   at Microsoft.AspNetCore.Mvc.Infrastructure.ResourceInvoker.<InvokeAsync>g__Awaited|17_0(ResourceInvoker invoker, Task task, IDisposable scope)
   at Microsoft.AspNetCore.Mvc.Infrastructure.ResourceInvoker.<InvokeAsync>g__Awaited|17_0(ResourceInvoker invoker, Task task, IDisposable scope)
   at Microsoft.AspNetCore.Authorization.AuthorizationMiddleware.Invoke(HttpContext context)
   at Microsoft.AspNetCore.Authentication.AuthenticationMiddleware.Invoke(HttpContext context)
   at Serilog.AspNetCore.RequestLoggingMiddleware.Invoke(HttpContext httpContext)
   at Microsoft.AspNetCore.Diagnostics.ExceptionHandlerMiddlewareImpl.<Invoke>g__Awaited|10_0(ExceptionHandlerMiddlewareImpl middleware, HttpContext context, Task task)
  Exception data:
    Severity: ERROR
    SqlState: 2201X
    MessageText: OFFSET must not be negative
    File: nodeLimit.c
    Line: 373
    Routine: recompute_limits
