2026-07-30 10:08:58.599 +05:30 [INF] Application is shutting down...
2026-07-30 11:11:18.187 +05:30 [WRN] The WebRootPath was not found: /Users/lalit.tak/Documents/Workspace/FIT/src/FIT.API/wwwroot. Static files may be unavailable.
2026-07-30 11:11:18.261 +05:30 [INF] Now listening on: http://localhost:5000
2026-07-30 11:11:18.261 +05:30 [INF] Application started. Press Ctrl+C to shut down.
2026-07-30 11:11:18.262 +05:30 [INF] Hosting environment: Production
2026-07-30 11:11:18.262 +05:30 [INF] Content root path: /Users/lalit.tak/Documents/Workspace/FIT/src/FIT.API
2026-07-30 11:11:47.677 +05:30 [INF] HTTP GET /health responded 200 in 937.2944 ms
2026-07-30 11:12:17.192 +05:30 [INF] HTTP GET /api/dashboard responded 401 in 102.6488 ms
2026-07-30 11:12:40.845 +05:30 [ERR] HTTP POST /api/auth/login responded 500 in 106.3606 ms
BCrypt.Net.SaltParseException: Invalid salt version
   at BCrypt.Net.BCrypt.HashPassword(String inputKey, String salt, Boolean enhancedEntropy, HashType hashType)
   at BCrypt.Net.BCrypt.Verify(String text, String hash, Boolean enhancedEntropy, HashType hashType)
   at FIT.API.Controllers.AuthController.Login(LoginRequest req, CancellationToken ct) in /Users/lalit.tak/Documents/Workspace/FIT/src/FIT.API/Controllers/AuthController.cs:line 29
   at Microsoft.AspNetCore.Mvc.Infrastructure.ActionMethodExecutor.TaskOfIActionResultExecutor.Execute(ActionContext actionContext, IActionResultTypeMapper mapper, ObjectMethodExecutor executor, Object controller, Object[] arguments)
   at Microsoft.AspNetCore.Mvc.Infrastructure.ControllerActionInvoker.<InvokeActionMethodAsync>g__Awaited|12_0(ControllerActionInvoker invoker, ValueTask`1 actionResultValueTask)
   at Microsoft.AspNetCore.Mvc.Infrastructure.ControllerActionInvoker.<InvokeNextActionFilterAsync>g__Awaited|10_0(ControllerActionInvoker invoker, Task lastTask, State next, Scope scope, Object state, Boolean isCompleted)
   at Microsoft.AspNetCore.Mvc.Infrastructure.ControllerActionInvoker.Rethrow(ActionExecutedContextSealed context)
   at Microsoft.AspNetCore.Mvc.Infrastructure.ControllerActionInvoker.Next(State& next, Scope& scope, Object& state, Boolean& isCompleted)
   at Microsoft.AspNetCore.Mvc.Infrastructure.ControllerActionInvoker.InvokeInnerFilterAsync()
--- End of stack trace from previous location ---
   at Microsoft.AspNetCore.Mvc.Infrastructure.ResourceInvoker.<InvokeFilterPipelineAsync>g__Awaited|20_0(ResourceInvoker invoker, Task lastTask, State next, Scope scope, Object state, Boolean isCompleted)
   at Microsoft.AspNetCore.Mvc.Infrastructure.ResourceInvoker.<InvokeAsync>g__Awaited|17_0(ResourceInvoker invoker, Task task, IDisposable scope)
   at Microsoft.AspNetCore.Mvc.Infrastructure.ResourceInvoker.<InvokeAsync>g__Awaited|17_0(ResourceInvoker invoker, Task task, IDisposable scope)
   at Microsoft.AspNetCore.Authorization.AuthorizationMiddleware.Invoke(HttpContext context)
   at Microsoft.AspNetCore.Authentication.AuthenticationMiddleware.Invoke(HttpContext context)
   at Serilog.AspNetCore.RequestLoggingMiddleware.Invoke(HttpContext httpContext)
2026-07-30 11:12:40.871 +05:30 [ERR] An unhandled exception has occurred while executing the request.
BCrypt.Net.SaltParseException: Invalid salt version
   at BCrypt.Net.BCrypt.HashPassword(String inputKey, String salt, Boolean enhancedEntropy, HashType hashType)
   at BCrypt.Net.BCrypt.Verify(String text, String hash, Boolean enhancedEntropy, HashType hashType)
   at FIT.API.Controllers.AuthController.Login(LoginRequest req, CancellationToken ct) in /Users/lalit.tak/Documents/Workspace/FIT/src/FIT.API/Controllers/AuthController.cs:line 29
   at Microsoft.AspNetCore.Mvc.Infrastructure.ActionMethodExecutor.TaskOfIActionResultExecutor.Execute(ActionContext actionContext, IActionResultTypeMapper mapper, ObjectMethodExecutor executor, Object controller, Object[] arguments)
   at Microsoft.AspNetCore.Mvc.Infrastructure.ControllerActionInvoker.<InvokeActionMethodAsync>g__Awaited|12_0(ControllerActionInvoker invoker, ValueTask`1 actionResultValueTask)
   at Microsoft.AspNetCore.Mvc.Infrastructure.ControllerActionInvoker.<InvokeNextActionFilterAsync>g__Awaited|10_0(ControllerActionInvoker invoker, Task lastTask, State next, Scope scope, Object state, Boolean isCompleted)
   at Microsoft.AspNetCore.Mvc.Infrastructure.ControllerActionInvoker.Rethrow(ActionExecutedContextSealed context)
   at Microsoft.AspNetCore.Mvc.Infrastructure.ControllerActionInvoker.Next(State& next, Scope& scope, Object& state, Boolean& isCompleted)
   at Microsoft.AspNetCore.Mvc.Infrastructure.ControllerActionInvoker.InvokeInnerFilterAsync()
--- End of stack trace from previous location ---
   at Microsoft.AspNetCore.Mvc.Infrastructure.ResourceInvoker.<InvokeFilterPipelineAsync>g__Awaited|20_0(ResourceInvoker invoker, Task lastTask, State next, Scope scope, Object state, Boolean isCompleted)
   at Microsoft.AspNetCore.Mvc.Infrastructure.ResourceInvoker.<InvokeAsync>g__Awaited|17_0(ResourceInvoker invoker, Task task, IDisposable scope)
   at Microsoft.AspNetCore.Mvc.Infrastructure.ResourceInvoker.<InvokeAsync>g__Awaited|17_0(ResourceInvoker invoker, Task task, IDisposable scope)
   at Microsoft.AspNetCore.Authorization.AuthorizationMiddleware.Invoke(HttpContext context)
   at Microsoft.AspNetCore.Authentication.AuthenticationMiddleware.Invoke(HttpContext context)
   at Serilog.AspNetCore.RequestLoggingMiddleware.Invoke(HttpContext httpContext)
   at Microsoft.AspNetCore.Diagnostics.ExceptionHandlerMiddlewareImpl.<Invoke>g__Awaited|10_0(ExceptionHandlerMiddlewareImpl middleware, HttpContext context, Task task)
2026-07-30 11:12:40.873 +05:30 [ERR] Unhandled exception
BCrypt.Net.SaltParseException: Invalid salt version
   at BCrypt.Net.BCrypt.HashPassword(String inputKey, String salt, Boolean enhancedEntropy, HashType hashType)
   at BCrypt.Net.BCrypt.Verify(String text, String hash, Boolean enhancedEntropy, HashType hashType)
   at FIT.API.Controllers.AuthController.Login(LoginRequest req, CancellationToken ct) in /Users/lalit.tak/Documents/Workspace/FIT/src/FIT.API/Controllers/AuthController.cs:line 29
   at Microsoft.AspNetCore.Mvc.Infrastructure.ActionMethodExecutor.TaskOfIActionResultExecutor.Execute(ActionContext actionContext, IActionResultTypeMapper mapper, ObjectMethodExecutor executor, Object controller, Object[] arguments)
   at Microsoft.AspNetCore.Mvc.Infrastructure.ControllerActionInvoker.<InvokeActionMethodAsync>g__Awaited|12_0(ControllerActionInvoker invoker, ValueTask`1 actionResultValueTask)
   at Microsoft.AspNetCore.Mvc.Infrastructure.ControllerActionInvoker.<InvokeNextActionFilterAsync>g__Awaited|10_0(ControllerActionInvoker invoker, Task lastTask, State next, Scope scope, Object state, Boolean isCompleted)
   at Microsoft.AspNetCore.Mvc.Infrastructure.ControllerActionInvoker.Rethrow(ActionExecutedContextSealed context)
   at Microsoft.AspNetCore.Mvc.Infrastructure.ControllerActionInvoker.Next(State& next, Scope& scope, Object& state, Boolean& isCompleted)
   at Microsoft.AspNetCore.Mvc.Infrastructure.ControllerActionInvoker.InvokeInnerFilterAsync()
--- End of stack trace from previous location ---
   at Microsoft.AspNetCore.Mvc.Infrastructure.ResourceInvoker.<InvokeFilterPipelineAsync>g__Awaited|20_0(ResourceInvoker invoker, Task lastTask, State next, Scope scope, Object state, Boolean isCompleted)
   at Microsoft.AspNetCore.Mvc.Infrastructure.ResourceInvoker.<InvokeAsync>g__Awaited|17_0(ResourceInvoker invoker, Task task, IDisposable scope)
   at Microsoft.AspNetCore.Mvc.Infrastructure.ResourceInvoker.<InvokeAsync>g__Awaited|17_0(ResourceInvoker invoker, Task task, IDisposable scope)
   at Microsoft.AspNetCore.Authorization.AuthorizationMiddleware.Invoke(HttpContext context)
   at Microsoft.AspNetCore.Authentication.AuthenticationMiddleware.Invoke(HttpContext context)
   at Serilog.AspNetCore.RequestLoggingMiddleware.Invoke(HttpContext httpContext)
   at Microsoft.AspNetCore.Diagnostics.ExceptionHandlerMiddlewareImpl.<Invoke>g__Awaited|10_0(ExceptionHandlerMiddlewareImpl middleware, HttpContext context, Task task)
2026-07-30 11:12:44.219 +05:30 [ERR] HTTP POST /api/auth/login responded 500 in 4.8594 ms
BCrypt.Net.SaltParseException: Invalid salt version
   at BCrypt.Net.BCrypt.HashPassword(String inputKey, String salt, Boolean enhancedEntropy, HashType hashType)
   at BCrypt.Net.BCrypt.Verify(String text, String hash, Boolean enhancedEntropy, HashType hashType)
   at FIT.API.Controllers.AuthController.Login(LoginRequest req, CancellationToken ct) in /Users/lalit.tak/Documents/Workspace/FIT/src/FIT.API/Controllers/AuthController.cs:line 29
   at Microsoft.AspNetCore.Mvc.Infrastructure.ActionMethodExecutor.TaskOfIActionResultExecutor.Execute(ActionContext actionContext, IActionResultTypeMapper mapper, ObjectMethodExecutor executor, Object controller, Object[] arguments)
   at Microsoft.AspNetCore.Mvc.Infrastructure.ControllerActionInvoker.<InvokeActionMethodAsync>g__Awaited|12_0(ControllerActionInvoker invoker, ValueTask`1 actionResultValueTask)
   at Microsoft.AspNetCore.Mvc.Infrastructure.ControllerActionInvoker.<InvokeNextActionFilterAsync>g__Awaited|10_0(ControllerActionInvoker invoker, Task lastTask, State next, Scope scope, Object state, Boolean isCompleted)
   at Microsoft.AspNetCore.Mvc.Infrastructure.ControllerActionInvoker.Rethrow(ActionExecutedContextSealed context)
   at Microsoft.AspNetCore.Mvc.Infrastructure.ControllerActionInvoker.Next(State& next, Scope& scope, Object& state, Boolean& isCompleted)
   at Microsoft.AspNetCore.Mvc.Infrastructure.ControllerActionInvoker.InvokeInnerFilterAsync()
--- End of stack trace from previous location ---
   at Microsoft.AspNetCore.Mvc.Infrastructure.ResourceInvoker.<InvokeFilterPipelineAsync>g__Awaited|20_0(ResourceInvoker invoker, Task lastTask, State next, Scope scope, Object state, Boolean isCompleted)
   at Microsoft.AspNetCore.Mvc.Infrastructure.ResourceInvoker.<InvokeAsync>g__Awaited|17_0(ResourceInvoker invoker, Task task, IDisposable scope)
   at Microsoft.AspNetCore.Mvc.Infrastructure.ResourceInvoker.<InvokeAsync>g__Awaited|17_0(ResourceInvoker invoker, Task task, IDisposable scope)
   at Microsoft.AspNetCore.Authorization.AuthorizationMiddleware.Invoke(HttpContext context)
   at Microsoft.AspNetCore.Authentication.AuthenticationMiddleware.Invoke(HttpContext context)
   at Serilog.AspNetCore.RequestLoggingMiddleware.Invoke(HttpContext httpContext)
2026-07-30 11:12:44.221 +05:30 [ERR] An unhandled exception has occurred while executing the request.
BCrypt.Net.SaltParseException: Invalid salt version
   at BCrypt.Net.BCrypt.HashPassword(String inputKey, String salt, Boolean enhancedEntropy, HashType hashType)
   at BCrypt.Net.BCrypt.Verify(String text, String hash, Boolean enhancedEntropy, HashType hashType)
   at FIT.API.Controllers.AuthController.Login(LoginRequest req, CancellationToken ct) in /Users/lalit.tak/Documents/Workspace/FIT/src/FIT.API/Controllers/AuthController.cs:line 29
   at Microsoft.AspNetCore.Mvc.Infrastructure.ActionMethodExecutor.TaskOfIActionResultExecutor.Execute(ActionContext actionContext, IActionResultTypeMapper mapper, ObjectMethodExecutor executor, Object controller, Object[] arguments)
   at Microsoft.AspNetCore.Mvc.Infrastructure.ControllerActionInvoker.<InvokeActionMethodAsync>g__Awaited|12_0(ControllerActionInvoker invoker, ValueTask`1 actionResultValueTask)
   at Microsoft.AspNetCore.Mvc.Infrastructure.ControllerActionInvoker.<InvokeNextActionFilterAsync>g__Awaited|10_0(ControllerActionInvoker invoker, Task lastTask, State next, Scope scope, Object state, Boolean isCompleted)
   at Microsoft.AspNetCore.Mvc.Infrastructure.ControllerActionInvoker.Rethrow(ActionExecutedContextSealed context)
   at Microsoft.AspNetCore.Mvc.Infrastructure.ControllerActionInvoker.Next(State& next, Scope& scope, Object& state, Boolean& isCompleted)
   at Microsoft.AspNetCore.Mvc.Infrastructure.ControllerActionInvoker.InvokeInnerFilterAsync()
--- End of stack trace from previous location ---
   at Microsoft.AspNetCore.Mvc.Infrastructure.ResourceInvoker.<InvokeFilterPipelineAsync>g__Awaited|20_0(ResourceInvoker invoker, Task lastTask, State next, Scope scope, Object state, Boolean isCompleted)
   at Microsoft.AspNetCore.Mvc.Infrastructure.ResourceInvoker.<InvokeAsync>g__Awaited|17_0(ResourceInvoker invoker, Task task, IDisposable scope)
   at Microsoft.AspNetCore.Mvc.Infrastructure.ResourceInvoker.<InvokeAsync>g__Awaited|17_0(ResourceInvoker invoker, Task task, IDisposable scope)
   at Microsoft.AspNetCore.Authorization.AuthorizationMiddleware.Invoke(HttpContext context)
   at Microsoft.AspNetCore.Authentication.AuthenticationMiddleware.Invoke(HttpContext context)
   at Serilog.AspNetCore.RequestLoggingMiddleware.Invoke(HttpContext httpContext)
   at Microsoft.AspNetCore.Diagnostics.ExceptionHandlerMiddlewareImpl.<Invoke>g__Awaited|10_0(ExceptionHandlerMiddlewareImpl middleware, HttpContext context, Task task)
2026-07-30 11:12:44.222 +05:30 [ERR] Unhandled exception
BCrypt.Net.SaltParseException: Invalid salt version
   at BCrypt.Net.BCrypt.HashPassword(String inputKey, String salt, Boolean enhancedEntropy, HashType hashType)
   at BCrypt.Net.BCrypt.Verify(String text, String hash, Boolean enhancedEntropy, HashType hashType)
   at FIT.API.Controllers.AuthController.Login(LoginRequest req, CancellationToken ct) in /Users/lalit.tak/Documents/Workspace/FIT/src/FIT.API/Controllers/AuthController.cs:line 29
   at Microsoft.AspNetCore.Mvc.Infrastructure.ActionMethodExecutor.TaskOfIActionResultExecutor.Execute(ActionContext actionContext, IActionResultTypeMapper mapper, ObjectMethodExecutor executor, Object controller, Object[] arguments)
   at Microsoft.AspNetCore.Mvc.Infrastructure.ControllerActionInvoker.<InvokeActionMethodAsync>g__Awaited|12_0(ControllerActionInvoker invoker, ValueTask`1 actionResultValueTask)
   at Microsoft.AspNetCore.Mvc.Infrastructure.ControllerActionInvoker.<InvokeNextActionFilterAsync>g__Awaited|10_0(ControllerActionInvoker invoker, Task lastTask, State next, Scope scope, Object state, Boolean isCompleted)
   at Microsoft.AspNetCore.Mvc.Infrastructure.ControllerActionInvoker.Rethrow(ActionExecutedContextSealed context)
   at Microsoft.AspNetCore.Mvc.Infrastructure.ControllerActionInvoker.Next(State& next, Scope& scope, Object& state, Boolean& isCompleted)
   at Microsoft.AspNetCore.Mvc.Infrastructure.ControllerActionInvoker.InvokeInnerFilterAsync()
--- End of stack trace from previous location ---
   at Microsoft.AspNetCore.Mvc.Infrastructure.ResourceInvoker.<InvokeFilterPipelineAsync>g__Awaited|20_0(ResourceInvoker invoker, Task lastTask, State next, Scope scope, Object state, Boolean isCompleted)
   at Microsoft.AspNetCore.Mvc.Infrastructure.ResourceInvoker.<InvokeAsync>g__Awaited|17_0(ResourceInvoker invoker, Task task, IDisposable scope)
   at Microsoft.AspNetCore.Mvc.Infrastructure.ResourceInvoker.<InvokeAsync>g__Awaited|17_0(ResourceInvoker invoker, Task task, IDisposable scope)
   at Microsoft.AspNetCore.Authorization.AuthorizationMiddleware.Invoke(HttpContext context)
   at Microsoft.AspNetCore.Authentication.AuthenticationMiddleware.Invoke(HttpContext context)
   at Serilog.AspNetCore.RequestLoggingMiddleware.Invoke(HttpContext httpContext)
   at Microsoft.AspNetCore.Diagnostics.ExceptionHandlerMiddlewareImpl.<Invoke>g__Awaited|10_0(ExceptionHandlerMiddlewareImpl middleware, HttpContext context, Task task)
2026-07-30 11:12:46.428 +05:30 [ERR] HTTP POST /api/auth/login responded 500 in 4.6826 ms
BCrypt.Net.SaltParseException: Invalid salt version
   at BCrypt.Net.BCrypt.HashPassword(String inputKey, String salt, Boolean enhancedEntropy, HashType hashType)
   at BCrypt.Net.BCrypt.Verify(String text, String hash, Boolean enhancedEntropy, HashType hashType)
   at FIT.API.Controllers.AuthController.Login(LoginRequest req, CancellationToken ct) in /Users/lalit.tak/Documents/Workspace/FIT/src/FIT.API/Controllers/AuthController.cs:line 29
   at Microsoft.AspNetCore.Mvc.Infrastructure.ActionMethodExecutor.TaskOfIActionResultExecutor.Execute(ActionContext actionContext, IActionResultTypeMapper mapper, ObjectMethodExecutor executor, Object controller, Object[] arguments)
   at Microsoft.AspNetCore.Mvc.Infrastructure.ControllerActionInvoker.<InvokeActionMethodAsync>g__Awaited|12_0(ControllerActionInvoker invoker, ValueTask`1 actionResultValueTask)
   at Microsoft.AspNetCore.Mvc.Infrastructure.ControllerActionInvoker.<InvokeNextActionFilterAsync>g__Awaited|10_0(ControllerActionInvoker invoker, Task lastTask, State next, Scope scope, Object state, Boolean isCompleted)
   at Microsoft.AspNetCore.Mvc.Infrastructure.ControllerActionInvoker.Rethrow(ActionExecutedContextSealed context)
   at Microsoft.AspNetCore.Mvc.Infrastructure.ControllerActionInvoker.Next(State& next, Scope& scope, Object& state, Boolean& isCompleted)
   at Microsoft.AspNetCore.Mvc.Infrastructure.ControllerActionInvoker.InvokeInnerFilterAsync()
--- End of stack trace from previous location ---
   at Microsoft.AspNetCore.Mvc.Infrastructure.ResourceInvoker.<InvokeFilterPipelineAsync>g__Awaited|20_0(ResourceInvoker invoker, Task lastTask, State next, Scope scope, Object state, Boolean isCompleted)
   at Microsoft.AspNetCore.Mvc.Infrastructure.ResourceInvoker.<InvokeAsync>g__Awaited|17_0(ResourceInvoker invoker, Task task, IDisposable scope)
   at Microsoft.AspNetCore.Mvc.Infrastructure.ResourceInvoker.<InvokeAsync>g__Awaited|17_0(ResourceInvoker invoker, Task task, IDisposable scope)
   at Microsoft.AspNetCore.Authorization.AuthorizationMiddleware.Invoke(HttpContext context)
   at Microsoft.AspNetCore.Authentication.AuthenticationMiddleware.Invoke(HttpContext context)
   at Serilog.AspNetCore.RequestLoggingMiddleware.Invoke(HttpContext httpContext)
2026-07-30 11:12:46.430 +05:30 [ERR] An unhandled exception has occurred while executing the request.
BCrypt.Net.SaltParseException: Invalid salt version
   at BCrypt.Net.BCrypt.HashPassword(String inputKey, String salt, Boolean enhancedEntropy, HashType hashType)
   at BCrypt.Net.BCrypt.Verify(String text, String hash, Boolean enhancedEntropy, HashType hashType)
   at FIT.API.Controllers.AuthController.Login(LoginRequest req, CancellationToken ct) in /Users/lalit.tak/Documents/Workspace/FIT/src/FIT.API/Controllers/AuthController.cs:line 29
   at Microsoft.AspNetCore.Mvc.Infrastructure.ActionMethodExecutor.TaskOfIActionResultExecutor.Execute(ActionContext actionContext, IActionResultTypeMapper mapper, ObjectMethodExecutor executor, Object controller, Object[] arguments)
   at Microsoft.AspNetCore.Mvc.Infrastructure.ControllerActionInvoker.<InvokeActionMethodAsync>g__Awaited|12_0(ControllerActionInvoker invoker, ValueTask`1 actionResultValueTask)
   at Microsoft.AspNetCore.Mvc.Infrastructure.ControllerActionInvoker.<InvokeNextActionFilterAsync>g__Awaited|10_0(ControllerActionInvoker invoker, Task lastTask, State next, Scope scope, Object state, Boolean isCompleted)
   at Microsoft.AspNetCore.Mvc.Infrastructure.ControllerActionInvoker.Rethrow(ActionExecutedContextSealed context)
   at Microsoft.AspNetCore.Mvc.Infrastructure.ControllerActionInvoker.Next(State& next, Scope& scope, Object& state, Boolean& isCompleted)
   at Microsoft.AspNetCore.Mvc.Infrastructure.ControllerActionInvoker.InvokeInnerFilterAsync()
--- End of stack trace from previous location ---
   at Microsoft.AspNetCore.Mvc.Infrastructure.ResourceInvoker.<InvokeFilterPipelineAsync>g__Awaited|20_0(ResourceInvoker invoker, Task lastTask, State next, Scope scope, Object state, Boolean isCompleted)
   at Microsoft.AspNetCore.Mvc.Infrastructure.ResourceInvoker.<InvokeAsync>g__Awaited|17_0(ResourceInvoker invoker, Task task, IDisposable scope)
   at Microsoft.AspNetCore.Mvc.Infrastructure.ResourceInvoker.<InvokeAsync>g__Awaited|17_0(ResourceInvoker invoker, Task task, IDisposable scope)
   at Microsoft.AspNetCore.Authorization.AuthorizationMiddleware.Invoke(HttpContext context)
   at Microsoft.AspNetCore.Authentication.AuthenticationMiddleware.Invoke(HttpContext context)
   at Serilog.AspNetCore.RequestLoggingMiddleware.Invoke(HttpContext httpContext)
   at Microsoft.AspNetCore.Diagnostics.ExceptionHandlerMiddlewareImpl.<Invoke>g__Awaited|10_0(ExceptionHandlerMiddlewareImpl middleware, HttpContext context, Task task)
2026-07-30 11:12:46.431 +05:30 [ERR] Unhandled exception
BCrypt.Net.SaltParseException: Invalid salt version
   at BCrypt.Net.BCrypt.HashPassword(String inputKey, String salt, Boolean enhancedEntropy, HashType hashType)
   at BCrypt.Net.BCrypt.Verify(String text, String hash, Boolean enhancedEntropy, HashType hashType)
   at FIT.API.Controllers.AuthController.Login(LoginRequest req, CancellationToken ct) in /Users/lalit.tak/Documents/Workspace/FIT/src/FIT.API/Controllers/AuthController.cs:line 29
   at Microsoft.AspNetCore.Mvc.Infrastructure.ActionMethodExecutor.TaskOfIActionResultExecutor.Execute(ActionContext actionContext, IActionResultTypeMapper mapper, ObjectMethodExecutor executor, Object controller, Object[] arguments)
   at Microsoft.AspNetCore.Mvc.Infrastructure.ControllerActionInvoker.<InvokeActionMethodAsync>g__Awaited|12_0(ControllerActionInvoker invoker, ValueTask`1 actionResultValueTask)
   at Microsoft.AspNetCore.Mvc.Infrastructure.ControllerActionInvoker.<InvokeNextActionFilterAsync>g__Awaited|10_0(ControllerActionInvoker invoker, Task lastTask, State next, Scope scope, Object state, Boolean isCompleted)
   at Microsoft.AspNetCore.Mvc.Infrastructure.ControllerActionInvoker.Rethrow(ActionExecutedContextSealed context)
   at Microsoft.AspNetCore.Mvc.Infrastructure.ControllerActionInvoker.Next(State& next, Scope& scope, Object& state, Boolean& isCompleted)
   at Microsoft.AspNetCore.Mvc.Infrastructure.ControllerActionInvoker.InvokeInnerFilterAsync()
--- End of stack trace from previous location ---
   at Microsoft.AspNetCore.Mvc.Infrastructure.ResourceInvoker.<InvokeFilterPipelineAsync>g__Awaited|20_0(ResourceInvoker invoker, Task lastTask, State next, Scope scope, Object state, Boolean isCompleted)
   at Microsoft.AspNetCore.Mvc.Infrastructure.ResourceInvoker.<InvokeAsync>g__Awaited|17_0(ResourceInvoker invoker, Task task, IDisposable scope)
   at Microsoft.AspNetCore.Mvc.Infrastructure.ResourceInvoker.<InvokeAsync>g__Awaited|17_0(ResourceInvoker invoker, Task task, IDisposable scope)
   at Microsoft.AspNetCore.Authorization.AuthorizationMiddleware.Invoke(HttpContext context)
   at Microsoft.AspNetCore.Authentication.AuthenticationMiddleware.Invoke(HttpContext context)
   at Serilog.AspNetCore.RequestLoggingMiddleware.Invoke(HttpContext httpContext)
   at Microsoft.AspNetCore.Diagnostics.ExceptionHandlerMiddlewareImpl.<Invoke>g__Awaited|10_0(ExceptionHandlerMiddlewareImpl middleware, HttpContext context, Task task)
2026-07-30 11:13:33.505 +05:30 [INF] Application is shutting down...
2026-07-30 11:13:37.818 +05:30 [WRN] The WebRootPath was not found: /Users/lalit.tak/Documents/Workspace/FIT/src/FIT.API/wwwroot. Static files may be unavailable.
2026-07-30 11:13:37.894 +05:30 [INF] Now listening on: http://localhost:5000
2026-07-30 11:13:37.895 +05:30 [INF] Application started. Press Ctrl+C to shut down.
2026-07-30 11:13:37.895 +05:30 [INF] Hosting environment: Production
2026-07-30 11:13:37.895 +05:30 [INF] Content root path: /Users/lalit.tak/Documents/Workspace/FIT/src/FIT.API
2026-07-30 11:13:42.597 +05:30 [INF] HTTP POST /api/auth/login responded 200 in 42.1408 ms
2026-07-30 11:13:50.414 +05:30 [INF] HTTP POST /api/auth/login responded 200 in 8.8679 ms
2026-07-30 11:13:50.504 +05:30 [INF] Start processing HTTP request POST https://grampower.atlassian.net/rest/api/3/search
2026-07-30 11:13:50.504 +05:30 [INF] Sending HTTP request POST https://grampower.atlassian.net/rest/api/3/search
2026-07-30 11:13:55.724 +05:30 [INF] Start processing HTTP request POST https://grampower.atlassian.net/rest/api/3/search
2026-07-30 11:13:55.725 +05:30 [INF] Sending HTTP request POST https://grampower.atlassian.net/rest/api/3/search
2026-07-30 11:14:01.117 +05:30 [INF] Received HTTP response headers after 5389.4834ms - 410
2026-07-30 11:14:01.121 +05:30 [INF] End processing HTTP request after 5396.4578ms - 410
2026-07-30 11:14:01.299 +05:30 [INF] HTTP GET /api/dashboard responded 200 in 5592.6242 ms
2026-07-30 11:14:01.517 +05:30 [INF] Received HTTP response headers after 11012.6114ms - 410
2026-07-30 11:14:01.517 +05:30 [INF] End processing HTTP request after 11014.8277ms - 410
2026-07-30 11:14:01.518 +05:30 [INF] HTTP GET /api/dashboard responded 200 in 11057.9997 ms
2026-07-30 11:16:16.771 +05:30 [INF] HTTP POST /api/auth/login responded 200 in 1.1608 ms
2026-07-30 11:16:17.576 +05:30 [INF] Start processing HTTP request POST https://grampower.atlassian.net/rest/api/3/search
2026-07-30 11:16:17.576 +05:30 [INF] Sending HTTP request POST https://grampower.atlassian.net/rest/api/3/search
2026-07-30 11:16:18.393 +05:30 [INF] Received HTTP response headers after 816.2136ms - 410
2026-07-30 11:16:18.393 +05:30 [INF] End processing HTTP request after 816.4851ms - 410
2026-07-30 11:16:18.393 +05:30 [INF] HTTP GET /api/dashboard responded 200 in 818.5427 ms
2026-07-30 11:16:18.452 +05:30 [INF] Start processing HTTP request POST https://grampower.atlassian.net/rest/api/3/search
2026-07-30 11:16:18.452 +05:30 [INF] Sending HTTP request POST https://grampower.atlassian.net/rest/api/3/search
2026-07-30 11:16:19.119 +05:30 [INF] Received HTTP response headers after 666.609ms - 410
2026-07-30 11:16:19.119 +05:30 [INF] End processing HTTP request after 666.9186ms - 410
2026-07-30 11:16:19.135 +05:30 [INF] HTTP GET /api/issues responded 200 in 724.2789 ms
2026-07-30 11:18:29.762 +05:30 [INF] Start processing HTTP request POST https://grampower.atlassian.net/rest/api/3/search
2026-07-30 11:18:29.763 +05:30 [INF] Sending HTTP request POST https://grampower.atlassian.net/rest/api/3/search
2026-07-30 11:18:30.183 +05:30 [INF] Received HTTP response headers after 419.5452ms - 410
2026-07-30 11:18:30.184 +05:30 [INF] End processing HTTP request after 421.2554ms - 410
2026-07-30 11:18:30.186 +05:30 [INF] HTTP GET /api/dashboard responded 200 in 426.2628 ms
2026-07-30 11:18:50.697 +05:30 [INF] Application is shutting down...
2026-07-30 11:18:54.600 +05:30 [WRN] The WebRootPath was not found: /Users/lalit.tak/Documents/Workspace/FIT/src/FIT.API/wwwroot. Static files may be unavailable.
2026-07-30 11:18:54.658 +05:30 [INF] Now listening on: http://localhost:5000
2026-07-30 11:18:54.659 +05:30 [INF] Application started. Press Ctrl+C to shut down.
2026-07-30 11:18:54.659 +05:30 [INF] Hosting environment: Production
2026-07-30 11:18:54.659 +05:30 [INF] Content root path: /Users/lalit.tak/Documents/Workspace/FIT/src/FIT.API
2026-07-30 11:18:59.790 +05:30 [INF] HTTP POST /api/auth/login responded 200 in 45.1622 ms
2026-07-30 11:18:59.845 +05:30 [INF] Start processing HTTP request POST https://grampower.atlassian.net/rest/api/3/search
2026-07-30 11:18:59.846 +05:30 [INF] Sending HTTP request POST https://grampower.atlassian.net/rest/api/3/search
2026-07-30 11:19:00.465 +05:30 [INF] Received HTTP response headers after 618.2004ms - 410
2026-07-30 11:19:00.467 +05:30 [INF] End processing HTTP request after 622.3046ms - 410
2026-07-30 11:19:00.473 +05:30 [INF] HTTP GET /api/dashboard responded 200 in 658.0464 ms
2026-07-30 11:19:00.530 +05:30 [INF] Start processing HTTP request POST https://grampower.atlassian.net/rest/api/3/search
2026-07-30 11:19:00.531 +05:30 [INF] Sending HTTP request POST https://grampower.atlassian.net/rest/api/3/search
2026-07-30 11:19:01.222 +05:30 [INF] Received HTTP response headers after 691.224ms - 410
2026-07-30 11:19:01.222 +05:30 [INF] End processing HTTP request after 691.709ms - 410
2026-07-30 11:19:01.246 +05:30 [INF] HTTP GET /api/issues responded 200 in 758.3773 ms
2026-07-30 11:31:11.811 +05:30 [INF] HTTP POST /api/auth/login responded 200 in 8.6544 ms
2026-07-30 11:31:43.859 +05:30 [INF] Application is shutting down...
2026-07-30 11:31:49.201 +05:30 [WRN] The WebRootPath was not found: /Users/lalit.tak/Documents/Workspace/FIT/src/FIT.API/wwwroot. Static files may be unavailable.
2026-07-30 11:31:49.266 +05:30 [INF] Now listening on: http://localhost:5000
2026-07-30 11:31:49.267 +05:30 [INF] Application started. Press Ctrl+C to shut down.
2026-07-30 11:31:49.267 +05:30 [INF] Hosting environment: Production
2026-07-30 11:31:49.267 +05:30 [INF] Content root path: /Users/lalit.tak/Documents/Workspace/FIT/src/FIT.API
2026-07-30 11:31:52.960 +05:30 [INF] HTTP POST /api/auth/login responded 200 in 49.1721 ms
2026-07-30 11:31:53.010 +05:30 [INF] Start processing HTTP request POST https://grampower.atlassian.net/rest/api/3/search/jql
2026-07-30 11:31:53.011 +05:30 [INF] Sending HTTP request POST https://grampower.atlassian.net/rest/api/3/search/jql
2026-07-30 11:31:54.163 +05:30 [INF] Received HTTP response headers after 1151.0724ms - 400
2026-07-30 11:31:54.167 +05:30 [INF] End processing HTTP request after 1157.5271ms - 400
2026-07-30 11:31:54.177 +05:30 [INF] HTTP GET /api/dashboard responded 200 in 1198.5077 ms
2026-07-30 11:31:54.281 +05:30 [INF] Start processing HTTP request POST https://grampower.atlassian.net/rest/api/3/search/jql
2026-07-30 11:31:54.281 +05:30 [INF] Sending HTTP request POST https://grampower.atlassian.net/rest/api/3/search/jql
2026-07-30 11:31:54.572 +05:30 [INF] Received HTTP response headers after 291.4678ms - 400
2026-07-30 11:31:54.573 +05:30 [INF] End processing HTTP request after 292.127ms - 400
2026-07-30 11:31:54.590 +05:30 [INF] HTTP GET /api/issues responded 200 in 370.4094 ms
2026-07-30 11:36:43.035 +05:30 [INF] Application is shutting down...
2026-07-30 11:36:47.694 +05:30 [WRN] The WebRootPath was not found: /Users/lalit.tak/Documents/Workspace/FIT/src/FIT.API/wwwroot. Static files may be unavailable.
2026-07-30 11:36:47.818 +05:30 [INF] Now listening on: http://localhost:5000
2026-07-30 11:36:47.819 +05:30 [INF] Application started. Press Ctrl+C to shut down.
2026-07-30 11:36:47.819 +05:30 [INF] Hosting environment: Production
2026-07-30 11:36:47.819 +05:30 [INF] Content root path: /Users/lalit.tak/Documents/Workspace/FIT/src/FIT.API
2026-07-30 11:36:52.133 +05:30 [INF] HTTP POST /api/auth/login responded 200 in 45.9361 ms
2026-07-30 11:36:52.217 +05:30 [INF] Start processing HTTP request GET https://grampower.atlassian.net/rest/api/3/search/jql?*
2026-07-30 11:36:52.217 +05:30 [INF] Sending HTTP request GET https://grampower.atlassian.net/rest/api/3/search/jql?*
2026-07-30 11:36:52.878 +05:30 [INF] Received HTTP response headers after 660.6126ms - 200
2026-07-30 11:36:52.880 +05:30 [INF] End processing HTTP request after 664.5585ms - 200
2026-07-30 11:36:53.040 +05:30 [INF] HTTP GET /api/issues responded 200 in 888.4050 ms
2026-07-30 11:36:53.082 +05:30 [INF] Start processing HTTP request GET https://grampower.atlassian.net/rest/api/3/search/jql?*
2026-07-30 11:36:53.082 +05:30 [INF] Sending HTTP request GET https://grampower.atlassian.net/rest/api/3/search/jql?*
2026-07-30 11:36:53.349 +05:30 [INF] Received HTTP response headers after 266.4203ms - 400
2026-07-30 11:36:53.349 +05:30 [INF] End processing HTTP request after 266.7339ms - 400
2026-07-30 11:36:53.356 +05:30 [INF] HTTP GET /api/dashboard responded 200 in 278.1493 ms
2026-07-30 11:56:18.274 +05:30 [INF] Start processing HTTP request GET https://grampower.atlassian.net/rest/api/3/search/jql?*
2026-07-30 11:56:18.275 +05:30 [INF] Sending HTTP request GET https://grampower.atlassian.net/rest/api/3/search/jql?*
2026-07-30 11:56:19.595 +05:30 [INF] Received HTTP response headers after 1320.5551ms - 400
2026-07-30 11:56:19.596 +05:30 [INF] End processing HTTP request after 1322.3525ms - 400
2026-07-30 11:56:19.599 +05:30 [INF] HTTP GET /api/dashboard responded 200 in 1335.0188 ms
2026-07-30 12:00:36.772 +05:30 [INF] Application is shutting down...
2026-07-30 12:00:42.051 +05:30 [WRN] The WebRootPath was not found: /Users/lalit.tak/Documents/Workspace/FIT/src/FIT.API/wwwroot. Static files may be unavailable.
2026-07-30 12:00:42.109 +05:30 [INF] Now listening on: http://localhost:5000
2026-07-30 12:00:42.109 +05:30 [INF] Application started. Press Ctrl+C to shut down.
2026-07-30 12:00:42.109 +05:30 [INF] Hosting environment: Production
2026-07-30 12:00:42.109 +05:30 [INF] Content root path: /Users/lalit.tak/Documents/Workspace/FIT/src/FIT.API
2026-07-30 12:00:45.868 +05:30 [INF] HTTP POST /api/auth/login responded 200 in 45.7333 ms
2026-07-30 12:00:45.951 +05:30 [INF] Start processing HTTP request GET https://grampower.atlassian.net/rest/api/3/search/jql?*
2026-07-30 12:00:45.951 +05:30 [INF] Sending HTTP request GET https://grampower.atlassian.net/rest/api/3/search/jql?*
2026-07-30 12:00:47.200 +05:30 [INF] Received HTTP response headers after 1246.13ms - 200
2026-07-30 12:00:47.205 +05:30 [INF] End processing HTTP request after 1255.4291ms - 200
2026-07-30 12:00:47.396 +05:30 [INF] HTTP GET /api/issues responded 200 in 1507.8907 ms
2026-07-30 12:00:47.423 +05:30 [INF] Start processing HTTP request GET https://grampower.atlassian.net/rest/api/3/search/jql?*
2026-07-30 12:00:47.423 +05:30 [INF] Sending HTTP request GET https://grampower.atlassian.net/rest/api/3/search/jql?*
2026-07-30 12:00:48.249 +05:30 [INF] Received HTTP response headers after 826.0632ms - 400
2026-07-30 12:00:48.250 +05:30 [INF] End processing HTTP request after 826.9007ms - 400
2026-07-30 12:00:48.267 +05:30 [INF] HTTP GET /api/dashboard responded 200 in 848.6616 ms
2026-07-30 12:01:51.743 +05:30 [INF] Application is shutting down...
2026-07-30 12:01:55.766 +05:30 [WRN] The WebRootPath was not found: /Users/lalit.tak/Documents/Workspace/FIT/src/FIT.API/wwwroot. Static files may be unavailable.
2026-07-30 12:01:55.852 +05:30 [INF] Now listening on: http://localhost:5000
2026-07-30 12:01:55.852 +05:30 [INF] Application started. Press Ctrl+C to shut down.
2026-07-30 12:01:55.852 +05:30 [INF] Hosting environment: Production
2026-07-30 12:01:55.852 +05:30 [INF] Content root path: /Users/lalit.tak/Documents/Workspace/FIT/src/FIT.API
2026-07-30 12:02:00.842 +05:30 [INF] HTTP POST /api/auth/login responded 200 in 46.1110 ms
2026-07-30 12:02:00.921 +05:30 [INF] Start processing HTTP request GET https://grampower.atlassian.net/rest/api/3/search/jql?*
2026-07-30 12:02:00.922 +05:30 [INF] Sending HTTP request GET https://grampower.atlassian.net/rest/api/3/search/jql?*
2026-07-30 12:02:01.572 +05:30 [INF] Received HTTP response headers after 649.6008ms - 200
2026-07-30 12:02:01.574 +05:30 [INF] End processing HTTP request after 653.4501ms - 200
2026-07-30 12:02:01.748 +05:30 [INF] HTTP GET /api/issues responded 200 in 887.7198 ms
2026-07-30 12:02:01.769 +05:30 [INF] Start processing HTTP request GET https://grampower.atlassian.net/rest/api/3/search/jql?*
2026-07-30 12:02:01.769 +05:30 [INF] Sending HTTP request GET https://grampower.atlassian.net/rest/api/3/search/jql?*
2026-07-30 12:02:02.088 +05:30 [INF] Received HTTP response headers after 318.2979ms - 400
2026-07-30 12:02:02.088 +05:30 [INF] End processing HTTP request after 318.6071ms - 400
2026-07-30 12:02:02.088 +05:30 [WRN] SearchIssues failed "BadRequest": {"errorMessages":["The max results parameter has to be between 1 and 5,000."],"errors":{}}
2026-07-30 12:02:02.094 +05:30 [INF] HTTP GET /api/dashboard responded 200 in 328.9865 ms
2026-07-30 12:02:41.591 +05:30 [INF] Application is shutting down...
2026-07-30 12:03:35.763 +05:30 [WRN] The WebRootPath was not found: /Users/lalit.tak/Documents/Workspace/FIT/src/FIT.API/wwwroot. Static files may be unavailable.
2026-07-30 12:03:35.824 +05:30 [INF] Now listening on: http://localhost:5000
2026-07-30 12:03:35.825 +05:30 [INF] Application started. Press Ctrl+C to shut down.
2026-07-30 12:03:35.825 +05:30 [INF] Hosting environment: Production
2026-07-30 12:03:35.825 +05:30 [INF] Content root path: /Users/lalit.tak/Documents/Workspace/FIT/src/FIT.API
2026-07-30 12:03:41.697 +05:30 [INF] HTTP POST /api/auth/login responded 200 in 47.7110 ms
2026-07-30 12:03:55.208 +05:30 [INF] HTTP POST /api/auth/login responded 200 in 2.8070 ms
2026-07-30 12:03:55.306 +05:30 [INF] Start processing HTTP request GET https://grampower.atlassian.net/rest/api/3/search/jql?*
2026-07-30 12:03:55.307 +05:30 [INF] Sending HTTP request GET https://grampower.atlassian.net/rest/api/3/search/jql?*
2026-07-30 12:03:55.863 +05:30 [INF] Received HTTP response headers after 555.5628ms - 400
2026-07-30 12:03:55.865 +05:30 [INF] End processing HTTP request after 559.7428ms - 400
2026-07-30 12:03:55.866 +05:30 [WRN] SearchIssues failed "BadRequest": {"errorMessages":["The max results parameter has to be between 1 and 5,000."],"errors":{}}
2026-07-30 12:03:55.873 +05:30 [INF] HTTP GET /api/dashboard responded 200 in 598.5588 ms
2026-07-30 12:04:08.573 +05:30 [INF] HTTP POST /api/auth/login responded 200 in 1.3210 ms
2026-07-30 12:04:08.611 +05:30 [INF] Start processing HTTP request GET https://grampower.atlassian.net/rest/api/3/search/jql?*
2026-07-30 12:04:08.611 +05:30 [INF] Sending HTTP request GET https://grampower.atlassian.net/rest/api/3/search/jql?*
2026-07-30 12:04:09.270 +05:30 [INF] Received HTTP response headers after 659.3821ms - 400
2026-07-30 12:04:09.271 +05:30 [INF] End processing HTTP request after 659.8063ms - 400
2026-07-30 12:04:09.271 +05:30 [WRN] SearchIssues failed "BadRequest": {"errorMessages":["The max results parameter has to be between 1 and 5,000."],"errors":{}}
2026-07-30 12:04:09.271 +05:30 [INF] HTTP GET /api/dashboard responded 200 in 661.7501 ms
2026-07-30 12:04:09.288 +05:30 [INF] Start processing HTTP request GET https://grampower.atlassian.net/rest/api/3/search/jql?*
2026-07-30 12:04:09.288 +05:30 [INF] Sending HTTP request GET https://grampower.atlassian.net/rest/api/3/search/jql?*
2026-07-30 12:04:09.513 +05:30 [INF] Received HTTP response headers after 225.1528ms - 400
2026-07-30 12:04:09.513 +05:30 [INF] End processing HTTP request after 225.4267ms - 400
2026-07-30 12:04:09.513 +05:30 [WRN] SearchIssues failed "BadRequest": {"errorMessages":["The max results parameter has to be between 1 and 5,000."],"errors":{}}
2026-07-30 12:04:09.513 +05:30 [INF] HTTP GET /api/dashboard responded 200 in 227.2574 ms
2026-07-30 12:04:38.069 +05:30 [INF] Application is shutting down...
2026-07-30 12:04:42.176 +05:30 [WRN] The WebRootPath was not found: /Users/lalit.tak/Documents/Workspace/FIT/src/FIT.API/wwwroot. Static files may be unavailable.
2026-07-30 12:04:42.234 +05:30 [INF] Now listening on: http://localhost:5000
2026-07-30 12:04:42.234 +05:30 [INF] Application started. Press Ctrl+C to shut down.
2026-07-30 12:04:42.234 +05:30 [INF] Hosting environment: Production
2026-07-30 12:04:42.234 +05:30 [INF] Content root path: /Users/lalit.tak/Documents/Workspace/FIT/src/FIT.API
2026-07-30 12:04:49.181 +05:30 [INF] HTTP POST /api/auth/login responded 200 in 47.5535 ms
2026-07-30 12:04:49.230 +05:30 [INF] Start processing HTTP request GET https://grampower.atlassian.net/rest/api/3/search/jql?*
2026-07-30 12:04:49.230 +05:30 [INF] Sending HTTP request GET https://grampower.atlassian.net/rest/api/3/search/jql?*
2026-07-30 12:04:50.030 +05:30 [INF] Received HTTP response headers after 796.9426ms - 200
2026-07-30 12:04:50.035 +05:30 [INF] End processing HTTP request after 806.6628ms - 200
2026-07-30 12:04:50.199 +05:30 [INF] HTTP GET /api/dashboard responded 200 in 993.5843 ms
2026-07-30 12:05:10.073 +05:30 [INF] Start processing HTTP request GET https://grampower.atlassian.net/rest/api/3/search/jql?*
2026-07-30 12:05:10.073 +05:30 [INF] Sending HTTP request GET https://grampower.atlassian.net/rest/api/3/search/jql?*
2026-07-30 12:05:10.613 +05:30 [INF] Received HTTP response headers after 539.7792ms - 200
2026-07-30 12:05:10.614 +05:30 [INF] End processing HTTP request after 541.1404ms - 200
2026-07-30 12:05:10.662 +05:30 [INF] HTTP GET /api/dashboard responded 200 in 596.7145 ms
2026-07-30 12:05:15.716 +05:30 [INF] Start processing HTTP request GET https://grampower.atlassian.net/rest/api/3/issue/FIT-9?*
2026-07-30 12:05:15.716 +05:30 [INF] Sending HTTP request GET https://grampower.atlassian.net/rest/api/3/issue/FIT-9?*
2026-07-30 12:05:16.210 +05:30 [INF] Received HTTP response headers after 493.4919ms - 200
2026-07-30 12:05:16.211 +05:30 [INF] End processing HTTP request after 494.2737ms - 200
2026-07-30 12:05:16.228 +05:30 [INF] Start processing HTTP request GET https://grampower.atlassian.net/rest/api/3/issue/FIT-9/comment
2026-07-30 12:05:16.229 +05:30 [INF] Sending HTTP request GET https://grampower.atlassian.net/rest/api/3/issue/FIT-9/comment
2026-07-30 12:05:16.651 +05:30 [INF] Received HTTP response headers after 422.4892ms - 200
2026-07-30 12:05:16.653 +05:30 [INF] End processing HTTP request after 425.0001ms - 200
2026-07-30 12:05:16.714 +05:30 [INF] HTTP GET /api/issues/00000000-0000-0000-0000-000009000000 responded 200 in 1066.9990 ms
2026-07-30 12:05:20.887 +05:30 [INF] HTTP GET /api/customers responded 200 in 5.2229 ms
2026-07-30 12:05:40.446 +05:30 [INF] Start processing HTTP request GET https://grampower.atlassian.net/rest/api/3/search/jql?*
2026-07-30 12:05:40.446 +05:30 [INF] Sending HTTP request GET https://grampower.atlassian.net/rest/api/3/search/jql?*
2026-07-30 12:05:40.947 +05:30 [INF] Received HTTP response headers after 500.6935ms - 200
2026-07-30 12:05:40.948 +05:30 [INF] End processing HTTP request after 502.6874ms - 200
2026-07-30 12:05:41.117 +05:30 [INF] HTTP GET /api/dashboard responded 200 in 673.0362 ms
2026-07-30 12:05:45.358 +05:30 [INF] Start processing HTTP request GET https://grampower.atlassian.net/rest/api/3/issue/FIT-1?*
2026-07-30 12:05:45.358 +05:30 [INF] Sending HTTP request GET https://grampower.atlassian.net/rest/api/3/issue/FIT-1?*
2026-07-30 12:05:45.799 +05:30 [INF] Received HTTP response headers after 440.9558ms - 200
2026-07-30 12:05:45.800 +05:30 [INF] End processing HTTP request after 441.8242ms - 200
2026-07-30 12:05:45.802 +05:30 [INF] Start processing HTTP request GET https://grampower.atlassian.net/rest/api/3/issue/FIT-1/comment
2026-07-30 12:05:45.802 +05:30 [INF] Sending HTTP request GET https://grampower.atlassian.net/rest/api/3/issue/FIT-1/comment
2026-07-30 12:05:46.097 +05:30 [INF] Received HTTP response headers after 293.4541ms - 200
2026-07-30 12:05:46.098 +05:30 [INF] End processing HTTP request after 296.38ms - 200
2026-07-30 12:05:46.100 +05:30 [INF] HTTP GET /api/issues/00000000-0000-0000-0000-000001000000 responded 200 in 743.7649 ms
2026-07-30 12:05:52.043 +05:30 [INF] Start processing HTTP request GET https://grampower.atlassian.net/rest/api/3/search/jql?*
2026-07-30 12:05:52.043 +05:30 [INF] Sending HTTP request GET https://grampower.atlassian.net/rest/api/3/search/jql?*
2026-07-30 12:05:52.469 +05:30 [INF] Received HTTP response headers after 425.617ms - 200
2026-07-30 12:05:52.470 +05:30 [INF] End processing HTTP request after 426.4946ms - 200
2026-07-30 12:05:52.707 +05:30 [INF] HTTP GET /api/issues responded 200 in 696.0649 ms
2026-07-30 12:06:02.469 +05:30 [INF] Start processing HTTP request GET https://grampower.atlassian.net/rest/api/3/search/jql?*
2026-07-30 12:06:02.472 +05:30 [INF] Sending HTTP request GET https://grampower.atlassian.net/rest/api/3/search/jql?*
2026-07-30 12:06:02.928 +05:30 [INF] Received HTTP response headers after 455.7011ms - 200
2026-07-30 12:06:02.928 +05:30 [INF] End processing HTTP request after 459.6067ms - 200
2026-07-30 12:06:02.974 +05:30 [INF] HTTP GET /api/dashboard responded 200 in 506.3130 ms
2026-07-30 12:06:07.962 +05:30 [INF] Start processing HTTP request GET https://grampower.atlassian.net/rest/api/3/issue/FIT-8?*
2026-07-30 12:06:07.962 +05:30 [INF] Sending HTTP request GET https://grampower.atlassian.net/rest/api/3/issue/FIT-8?*
2026-07-30 12:06:08.390 +05:30 [INF] Received HTTP response headers after 427.3765ms - 200
2026-07-30 12:06:08.390 +05:30 [INF] End processing HTTP request after 428.2131ms - 200
2026-07-30 12:06:08.399 +05:30 [INF] Start processing HTTP request GET https://grampower.atlassian.net/rest/api/3/issue/FIT-8/comment
2026-07-30 12:06:08.399 +05:30 [INF] Sending HTTP request GET https://grampower.atlassian.net/rest/api/3/issue/FIT-8/comment
2026-07-30 12:06:08.685 +05:30 [INF] Received HTTP response headers after 285.4125ms - 200
2026-07-30 12:06:08.686 +05:30 [INF] End processing HTTP request after 287.0185ms - 200
2026-07-30 12:06:08.688 +05:30 [INF] HTTP GET /api/issues/00000000-0000-0000-0000-000008000000 responded 200 in 728.7455 ms
2026-07-30 12:06:28.308 +05:30 [INF] Start processing HTTP request GET https://grampower.atlassian.net/rest/api/3/issue/FIT-8?*
2026-07-30 12:06:28.309 +05:30 [INF] Sending HTTP request GET https://grampower.atlassian.net/rest/api/3/issue/FIT-8?*
2026-07-30 12:06:28.775 +05:30 [INF] Received HTTP response headers after 465.6663ms - 200
2026-07-30 12:06:28.776 +05:30 [INF] End processing HTTP request after 467.7082ms - 200
2026-07-30 12:06:28.787 +05:30 [INF] Start processing HTTP request GET https://grampower.atlassian.net/rest/api/3/issue/FIT-8/comment
2026-07-30 12:06:28.787 +05:30 [INF] Sending HTTP request GET https://grampower.atlassian.net/rest/api/3/issue/FIT-8/comment
2026-07-30 12:06:29.076 +05:30 [INF] Received HTTP response headers after 288.2073ms - 200
2026-07-30 12:06:29.076 +05:30 [INF] End processing HTTP request after 289.2649ms - 200
2026-07-30 12:06:29.082 +05:30 [INF] HTTP GET /api/issues/00000000-0000-0000-0000-000008000000 responded 200 in 784.1209 ms
2026-07-30 12:06:32.152 +05:30 [INF] Start processing HTTP request GET https://grampower.atlassian.net/rest/api/3/search/jql?*
2026-07-30 12:06:32.152 +05:30 [INF] Sending HTTP request GET https://grampower.atlassian.net/rest/api/3/search/jql?*
2026-07-30 12:06:33.028 +05:30 [INF] Received HTTP response headers after 875.959ms - 200
2026-07-30 12:06:33.031 +05:30 [INF] End processing HTTP request after 879.0423ms - 200
2026-07-30 12:06:33.190 +05:30 [INF] HTTP GET /api/issues responded 200 in 1045.5220 ms
2026-07-30 12:08:08.509 +05:30 [INF] Application is shutting down...
2026-07-30 12:08:13.297 +05:30 [WRN] The WebRootPath was not found: /Users/lalit.tak/Documents/Workspace/FIT/src/FIT.API/wwwroot. Static files may be unavailable.
2026-07-30 12:08:13.356 +05:30 [INF] Now listening on: http://localhost:5000
2026-07-30 12:08:13.356 +05:30 [INF] Application started. Press Ctrl+C to shut down.
2026-07-30 12:08:13.356 +05:30 [INF] Hosting environment: Production
2026-07-30 12:08:13.356 +05:30 [INF] Content root path: /Users/lalit.tak/Documents/Workspace/FIT/src/FIT.API
2026-07-30 12:08:19.624 +05:30 [INF] HTTP POST /api/auth/login responded 200 in 48.8006 ms
2026-07-30 12:08:19.675 +05:30 [INF] Start processing HTTP request GET https://grampower.atlassian.net/rest/api/3/search/jql?*
2026-07-30 12:08:19.675 +05:30 [INF] Sending HTTP request GET https://grampower.atlassian.net/rest/api/3/search/jql?*
2026-07-30 12:08:20.767 +05:30 [INF] Received HTTP response headers after 1089.4727ms - 200
2026-07-30 12:08:20.771 +05:30 [INF] End processing HTTP request after 1096.8237ms - 200
2026-07-30 12:08:20.929 +05:30 [INF] HTTP GET /api/dashboard responded 200 in 1279.7301 ms
2026-07-30 12:08:31.750 +05:30 [INF] Start processing HTTP request GET https://grampower.atlassian.net/rest/api/3/search/jql?*
2026-07-30 12:08:31.751 +05:30 [INF] Sending HTTP request GET https://grampower.atlassian.net/rest/api/3/search/jql?*
2026-07-30 12:08:32.181 +05:30 [INF] Received HTTP response headers after 430.0282ms - 200
2026-07-30 12:08:32.182 +05:30 [INF] End processing HTTP request after 432.341ms - 200
2026-07-30 12:08:32.379 +05:30 [INF] HTTP GET /api/issues responded 200 in 699.8961 ms
2026-07-30 12:08:34.194 +05:30 [INF] Start processing HTTP request GET https://grampower.atlassian.net/rest/api/3/issue/FIT-4?*
2026-07-30 12:08:34.195 +05:30 [INF] Sending HTTP request GET https://grampower.atlassian.net/rest/api/3/issue/FIT-4?*
2026-07-30 12:08:34.791 +05:30 [INF] Received HTTP response headers after 596.285ms - 200
2026-07-30 12:08:34.792 +05:30 [INF] End processing HTTP request after 597.4825ms - 200
2026-07-30 12:08:34.800 +05:30 [INF] Start processing HTTP request GET https://grampower.atlassian.net/rest/api/3/issue/FIT-4/comment
2026-07-30 12:08:34.801 +05:30 [INF] Sending HTTP request GET https://grampower.atlassian.net/rest/api/3/issue/FIT-4/comment
2026-07-30 12:08:35.134 +05:30 [INF] Received HTTP response headers after 332.0063ms - 200
2026-07-30 12:08:35.134 +05:30 [INF] End processing HTTP request after 334.0761ms - 200
2026-07-30 12:08:35.164 +05:30 [INF] HTTP GET /api/issues/00000000-0000-0000-0000-000004000000 responded 200 in 992.4958 ms
2026-07-30 12:08:54.128 +05:30 [INF] Start processing HTTP request GET https://grampower.atlassian.net/rest/api/3/search/jql?*
2026-07-30 12:08:54.129 +05:30 [INF] Sending HTTP request GET https://grampower.atlassian.net/rest/api/3/search/jql?*
2026-07-30 12:08:55.008 +05:30 [INF] Received HTTP response headers after 878.9948ms - 200
2026-07-30 12:08:55.009 +05:30 [INF] End processing HTTP request after 880.3492ms - 200
2026-07-30 12:08:55.265 +05:30 [INF] HTTP GET /api/issues responded 200 in 1138.5148 ms
2026-07-30 12:08:58.115 +05:30 [INF] Start processing HTTP request GET https://grampower.atlassian.net/rest/api/3/issue/FIT-4?*
2026-07-30 12:08:58.115 +05:30 [INF] Sending HTTP request GET https://grampower.atlassian.net/rest/api/3/issue/FIT-4?*
2026-07-30 12:08:58.909 +05:30 [INF] Received HTTP response headers after 793.1014ms - 200
2026-07-30 12:08:58.909 +05:30 [INF] End processing HTTP request after 794.1793ms - 200
2026-07-30 12:08:58.917 +05:30 [INF] Start processing HTTP request GET https://grampower.atlassian.net/rest/api/3/issue/FIT-4/comment
2026-07-30 12:08:58.917 +05:30 [INF] Sending HTTP request GET https://grampower.atlassian.net/rest/api/3/issue/FIT-4/comment
2026-07-30 12:08:59.614 +05:30 [INF] Received HTTP response headers after 696.5684ms - 200
2026-07-30 12:08:59.615 +05:30 [INF] End processing HTTP request after 698.008ms - 200
2026-07-30 12:08:59.618 +05:30 [INF] HTTP GET /api/issues/00000000-0000-0000-0000-000004000000 responded 200 in 1503.9967 ms
2026-07-30 12:09:05.092 +05:30 [INF] HTTP POST /api/issues/00000000-0000-0000-0000-000004000000/comments responded 400 in 26.8314 ms
2026-07-30 12:13:18.911 +05:30 [INF] Start processing HTTP request GET https://grampower.atlassian.net/rest/api/3/issue/FIT-4?*
2026-07-30 12:13:18.912 +05:30 [INF] Sending HTTP request GET https://grampower.atlassian.net/rest/api/3/issue/FIT-4?*
2026-07-30 12:13:19.595 +05:30 [INF] Received HTTP response headers after 682.2424ms - 200
2026-07-30 12:13:19.595 +05:30 [INF] End processing HTTP request after 683.977ms - 200
2026-07-30 12:13:19.598 +05:30 [INF] Start processing HTTP request GET https://grampower.atlassian.net/rest/api/3/issue/FIT-4/comment
2026-07-30 12:13:19.598 +05:30 [INF] Sending HTTP request GET https://grampower.atlassian.net/rest/api/3/issue/FIT-4/comment
2026-07-30 12:13:20.005 +05:30 [INF] Received HTTP response headers after 407.02ms - 200
2026-07-30 12:13:20.005 +05:30 [INF] End processing HTTP request after 407.8748ms - 200
2026-07-30 12:13:20.008 +05:30 [INF] HTTP GET /api/issues/00000000-0000-0000-0000-000004000000 responded 200 in 1105.6583 ms
2026-07-30 12:15:15.853 +05:30 [INF] Start processing HTTP request GET https://grampower.atlassian.net/rest/api/3/issue/FIT-4?*
2026-07-30 12:15:15.854 +05:30 [INF] Sending HTTP request GET https://grampower.atlassian.net/rest/api/3/issue/FIT-4?*
2026-07-30 12:15:16.912 +05:30 [INF] Received HTTP response headers after 1057.7779ms - 200
2026-07-30 12:15:16.912 +05:30 [INF] End processing HTTP request after 1059.3466ms - 200
2026-07-30 12:15:16.917 +05:30 [INF] Start processing HTTP request GET https://grampower.atlassian.net/rest/api/3/issue/FIT-4/comment
2026-07-30 12:15:16.918 +05:30 [INF] Sending HTTP request GET https://grampower.atlassian.net/rest/api/3/issue/FIT-4/comment
2026-07-30 12:15:17.668 +05:30 [INF] Received HTTP response headers after 750.3262ms - 200
2026-07-30 12:15:17.668 +05:30 [INF] End processing HTTP request after 750.8946ms - 200
2026-07-30 12:15:17.669 +05:30 [INF] HTTP GET /api/issues/00000000-0000-0000-0000-000004000000 responded 200 in 1820.0568 ms
2026-07-30 12:17:10.419 +05:30 [INF] Start processing HTTP request GET https://grampower.atlassian.net/rest/api/3/issue/FIT-4?*
2026-07-30 12:17:10.420 +05:30 [INF] Sending HTTP request GET https://grampower.atlassian.net/rest/api/3/issue/FIT-4?*
2026-07-30 12:17:11.111 +05:30 [INF] Received HTTP response headers after 690.4161ms - 200
2026-07-30 12:17:11.111 +05:30 [INF] End processing HTTP request after 691.608ms - 200
2026-07-30 12:17:11.112 +05:30 [INF] Start processing HTTP request GET https://grampower.atlassian.net/rest/api/3/issue/FIT-4/comment
2026-07-30 12:17:11.112 +05:30 [INF] Sending HTTP request GET https://grampower.atlassian.net/rest/api/3/issue/FIT-4/comment
2026-07-30 12:17:11.444 +05:30 [INF] Received HTTP response headers after 332.0366ms - 200
2026-07-30 12:17:11.445 +05:30 [INF] End processing HTTP request after 332.6469ms - 200
2026-07-30 12:17:11.447 +05:30 [INF] HTTP GET /api/issues/00000000-0000-0000-0000-000004000000 responded 200 in 1033.2839 ms
2026-07-30 12:17:20.060 +05:30 [INF] Start processing HTTP request GET https://grampower.atlassian.net/rest/api/3/search/jql?*
2026-07-30 12:17:20.060 +05:30 [INF] Sending HTTP request GET https://grampower.atlassian.net/rest/api/3/search/jql?*
2026-07-30 12:17:20.737 +05:30 [INF] Received HTTP response headers after 676.4275ms - 200
2026-07-30 12:17:20.739 +05:30 [INF] End processing HTTP request after 678.1205ms - 200
2026-07-30 12:17:20.807 +05:30 [INF] HTTP GET /api/dashboard responded 200 in 750.0561 ms
2026-07-30 12:17:46.350 +05:30 [INF] Start processing HTTP request GET https://grampower.atlassian.net/rest/api/3/issue/FIT-9?*
2026-07-30 12:17:46.351 +05:30 [INF] Sending HTTP request GET https://grampower.atlassian.net/rest/api/3/issue/FIT-9?*
2026-07-30 12:17:47.130 +05:30 [INF] Received HTTP response headers after 779.5602ms - 200
2026-07-30 12:17:47.131 +05:30 [INF] End processing HTTP request after 780.4668ms - 200
2026-07-30 12:17:47.141 +05:30 [INF] Start processing HTTP request GET https://grampower.atlassian.net/rest/api/3/issue/FIT-9/comment
2026-07-30 12:17:47.141 +05:30 [INF] Sending HTTP request GET https://grampower.atlassian.net/rest/api/3/issue/FIT-9/comment
2026-07-30 12:17:47.459 +05:30 [INF] Received HTTP response headers after 317.3194ms - 200
2026-07-30 12:17:47.459 +05:30 [INF] End processing HTTP request after 318.1668ms - 200
2026-07-30 12:17:47.460 +05:30 [INF] HTTP GET /api/issues/00000000-0000-0000-0000-000009000000 responded 200 in 1111.5062 ms
2026-07-30 12:17:53.521 +05:30 [INF] HTTP POST /api/issues/00000000-0000-0000-0000-000009000000/comments responded 400 in 3.1705 ms
2026-07-30 12:17:59.875 +05:30 [INF] Start processing HTTP request GET https://grampower.atlassian.net/rest/api/3/search/jql?*
2026-07-30 12:17:59.875 +05:30 [INF] Sending HTTP request GET https://grampower.atlassian.net/rest/api/3/search/jql?*
2026-07-30 12:18:00.507 +05:30 [INF] Received HTTP response headers after 632.0069ms - 200
2026-07-30 12:18:00.508 +05:30 [INF] End processing HTTP request after 633.2116ms - 200
2026-07-30 12:18:01.039 +05:30 [INF] HTTP GET /api/dashboard responded 200 in 1165.1095 ms
2026-07-30 12:18:03.421 +05:30 [INF] HTTP GET /api/customers responded 200 in 7.2755 ms
2026-07-30 12:19:01.524 +05:30 [INF] HTTP POST /api/auth/login responded 200 in 1.8423 ms
2026-07-30 12:19:01.583 +05:30 [INF] Start processing HTTP request GET https://grampower.atlassian.net/rest/api/3/search/jql?*
2026-07-30 12:19:01.583 +05:30 [INF] Sending HTTP request GET https://grampower.atlassian.net/rest/api/3/search/jql?*
2026-07-30 12:19:02.011 +05:30 [INF] Received HTTP response headers after 427.706ms - 200
2026-07-30 12:19:02.011 +05:30 [INF] End processing HTTP request after 427.8973ms - 200
2026-07-30 12:19:02.011 +05:30 [INF] HTTP GET /api/issues responded 200 in 429.4734 ms
2026-07-30 12:19:02.026 +05:30 [INF] HTTP POST /api/issues/00000000-0000-0000-0000-000009000000/comments responded 400 in 0.5676 ms
2026-07-30 12:20:00.087 +05:30 [INF] HTTP POST /api/auth/login responded 200 in 1.4081 ms
2026-07-30 12:20:00.142 +05:30 [INF] Start processing HTTP request GET https://grampower.atlassian.net/rest/api/3/search/jql?*
2026-07-30 12:20:00.142 +05:30 [INF] Sending HTTP request GET https://grampower.atlassian.net/rest/api/3/search/jql?*
2026-07-30 12:20:01.139 +05:30 [INF] Received HTTP response headers after 997.6777ms - 200
2026-07-30 12:20:01.140 +05:30 [INF] End processing HTTP request after 997.8902ms - 200
2026-07-30 12:20:01.140 +05:30 [INF] HTTP GET /api/issues responded 200 in 999.1053 ms
2026-07-30 12:20:01.156 +05:30 [INF] Start processing HTTP request GET https://grampower.atlassian.net/rest/api/3/issue/FIT-9?*
2026-07-30 12:20:01.156 +05:30 [INF] Sending HTTP request GET https://grampower.atlassian.net/rest/api/3/issue/FIT-9?*
2026-07-30 12:20:02.147 +05:30 [INF] Received HTTP response headers after 991.1411ms - 200
2026-07-30 12:20:02.147 +05:30 [INF] End processing HTTP request after 991.3054ms - 200
2026-07-30 12:20:02.147 +05:30 [INF] Start processing HTTP request GET https://grampower.atlassian.net/rest/api/3/issue/FIT-9/comment
2026-07-30 12:20:02.147 +05:30 [INF] Sending HTTP request GET https://grampower.atlassian.net/rest/api/3/issue/FIT-9/comment
2026-07-30 12:20:02.449 +05:30 [INF] Received HTTP response headers after 302.0414ms - 200
2026-07-30 12:20:02.450 +05:30 [INF] End processing HTTP request after 302.1905ms - 200
2026-07-30 12:20:02.451 +05:30 [INF] Start processing HTTP request GET https://grampower.atlassian.net/rest/api/3/issue/FIT-9?*
2026-07-30 12:20:02.451 +05:30 [INF] Sending HTTP request GET https://grampower.atlassian.net/rest/api/3/issue/FIT-9?*
2026-07-30 12:20:03.261 +05:30 [INF] Received HTTP response headers after 809.7675ms - 200
2026-07-30 12:20:03.261 +05:30 [INF] End processing HTTP request after 809.9051ms - 200
2026-07-30 12:20:03.277 +05:30 [INF] Start processing HTTP request PUT https://grampower.atlassian.net/rest/api/3/issue/FIT-9
2026-07-30 12:20:03.277 +05:30 [INF] Sending HTTP request PUT https://grampower.atlassian.net/rest/api/3/issue/FIT-9
2026-07-30 12:20:04.377 +05:30 [INF] Received HTTP response headers after 1099.1502ms - 204
2026-07-30 12:20:04.377 +05:30 [INF] End processing HTTP request after 1099.3069ms - 204
2026-07-30 12:20:04.379 +05:30 [INF] Start processing HTTP request POST https://grampower.atlassian.net/rest/api/3/issue/FIT-9/comment
2026-07-30 12:20:04.379 +05:30 [INF] Sending HTTP request POST https://grampower.atlassian.net/rest/api/3/issue/FIT-9/comment
2026-07-30 12:20:05.314 +05:30 [INF] Received HTTP response headers after 934.9397ms - 201
2026-07-30 12:20:05.314 +05:30 [INF] End processing HTTP request after 935.0786ms - 201
2026-07-30 12:20:05.315 +05:30 [INF] HTTP POST /api/issues/00000000-0000-0000-0000-000009000000/comments responded 204 in 4162.0698 ms
2026-07-30 12:25:50.163 +05:30 [INF] HTTP GET /api/customers responded 200 in 10.0020 ms
2026-07-30 12:29:32.841 +05:30 [INF] Application is shutting down...
2026-07-30 12:29:38.789 +05:30 [WRN] The WebRootPath was not found: /Users/lalit.tak/Documents/Workspace/FIT/src/FIT.API/wwwroot. Static files may be unavailable.
2026-07-30 12:29:38.855 +05:30 [INF] Now listening on: http://localhost:5000
2026-07-30 12:29:38.855 +05:30 [INF] Application started. Press Ctrl+C to shut down.
2026-07-30 12:29:38.856 +05:30 [INF] Hosting environment: Production
2026-07-30 12:29:38.856 +05:30 [INF] Content root path: /Users/lalit.tak/Documents/Workspace/FIT/src/FIT.API
2026-07-30 12:29:41.939 +05:30 [INF] HTTP POST /api/auth/login responded 200 in 48.1294 ms
2026-07-30 12:29:41.987 +05:30 [INF] Start processing HTTP request GET https://grampower.atlassian.net/rest/api/3/issue/createmeta/FIT/issuetypes
2026-07-30 12:29:41.988 +05:30 [INF] Sending HTTP request GET https://grampower.atlassian.net/rest/api/3/issue/createmeta/FIT/issuetypes
2026-07-30 12:29:42.611 +05:30 [INF] Received HTTP response headers after 621.8918ms - 200
2026-07-30 12:29:42.612 +05:30 [INF] End processing HTTP request after 626.0154ms - 200
2026-07-30 12:29:42.618 +05:30 [INF] HTTP GET /api/jira/issue-types responded 200 in 660.1191 ms
2026-07-30 12:29:42.637 +05:30 [INF] Start processing HTTP request GET https://grampower.atlassian.net/rest/api/3/priority
2026-07-30 12:29:42.637 +05:30 [INF] Sending HTTP request GET https://grampower.atlassian.net/rest/api/3/priority
2026-07-30 12:29:42.885 +05:30 [INF] Received HTTP response headers after 247.9443ms - 200
2026-07-30 12:29:42.885 +05:30 [INF] End processing HTTP request after 248.2701ms - 200
2026-07-30 12:29:42.886 +05:30 [INF] HTTP GET /api/jira/priorities responded 200 in 252.8008 ms
2026-07-30 12:29:42.906 +05:30 [INF] Start processing HTTP request GET https://grampower.atlassian.net/rest/api/3/issue/createmeta/FIT/issuetypes/11333
2026-07-30 12:29:42.906 +05:30 [INF] Sending HTTP request GET https://grampower.atlassian.net/rest/api/3/issue/createmeta/FIT/issuetypes/11333
2026-07-30 12:29:43.580 +05:30 [INF] Received HTTP response headers after 673.5141ms - 200
2026-07-30 12:29:43.580 +05:30 [INF] End processing HTTP request after 674.1787ms - 200
2026-07-30 12:29:43.585 +05:30 [INF] HTTP GET /api/jira/field-options responded 200 in 683.6937 ms
2026-07-30 12:31:12.205 +05:30 [INF] Start processing HTTP request GET https://grampower.atlassian.net/rest/api/3/priority
2026-07-30 12:31:12.205 +05:30 [INF] Start processing HTTP request GET https://grampower.atlassian.net/rest/api/3/issue/createmeta/FIT/issuetypes
2026-07-30 12:31:12.205 +05:30 [INF] Start processing HTTP request GET https://grampower.atlassian.net/rest/api/3/issue/createmeta/FIT/issuetypes/11333
2026-07-30 12:31:12.206 +05:30 [INF] Sending HTTP request GET https://grampower.atlassian.net/rest/api/3/priority
2026-07-30 12:31:12.206 +05:30 [INF] Sending HTTP request GET https://grampower.atlassian.net/rest/api/3/issue/createmeta/FIT/issuetypes
2026-07-30 12:31:12.206 +05:30 [INF] Sending HTTP request GET https://grampower.atlassian.net/rest/api/3/issue/createmeta/FIT/issuetypes/11333
2026-07-30 12:31:12.763 +05:30 [INF] Received HTTP response headers after 557.2503ms - 200
2026-07-30 12:31:12.764 +05:30 [INF] End processing HTTP request after 559.5872ms - 200
2026-07-30 12:31:12.766 +05:30 [INF] HTTP GET /api/jira/priorities responded 200 in 562.1386 ms
2026-07-30 12:31:12.820 +05:30 [INF] Received HTTP response headers after 614.2254ms - 200
2026-07-30 12:31:12.821 +05:30 [INF] End processing HTTP request after 616.4196ms - 200
2026-07-30 12:31:12.822 +05:30 [INF] HTTP GET /api/jira/issue-types responded 200 in 618.4683 ms
2026-07-30 12:31:13.336 +05:30 [INF] Received HTTP response headers after 1130.0206ms - 200
2026-07-30 12:31:13.337 +05:30 [INF] End processing HTTP request after 1132.3296ms - 200
2026-07-30 12:31:13.339 +05:30 [INF] HTTP GET /api/jira/field-options responded 200 in 1135.2891 ms
2026-07-30 12:34:14.292 +05:30 [INF] Start processing HTTP request GET https://grampower.atlassian.net/rest/api/3/issue/createmeta/FIT/issuetypes
2026-07-30 12:34:14.293 +05:30 [INF] Sending HTTP request GET https://grampower.atlassian.net/rest/api/3/issue/createmeta/FIT/issuetypes
2026-07-30 12:34:14.303 +05:30 [INF] Start processing HTTP request GET https://grampower.atlassian.net/rest/api/3/priority
2026-07-30 12:34:14.303 +05:30 [INF] Sending HTTP request GET https://grampower.atlassian.net/rest/api/3/priority
2026-07-30 12:34:14.303 +05:30 [INF] Start processing HTTP request GET https://grampower.atlassian.net/rest/api/3/issue/createmeta/FIT/issuetypes/11333
2026-07-30 12:34:14.303 +05:30 [INF] Sending HTTP request GET https://grampower.atlassian.net/rest/api/3/issue/createmeta/FIT/issuetypes/11333
2026-07-30 12:34:14.952 +05:30 [INF] Received HTTP response headers after 649.4567ms - 200
2026-07-30 12:34:14.952 +05:30 [INF] End processing HTTP request after 649.7797ms - 200
2026-07-30 12:34:14.953 +05:30 [INF] HTTP GET /api/jira/priorities responded 200 in 650.5273 ms
2026-07-30 12:34:15.264 +05:30 [INF] Received HTTP response headers after 960.9973ms - 200
2026-07-30 12:34:15.264 +05:30 [INF] End processing HTTP request after 961.6297ms - 200
2026-07-30 12:34:15.266 +05:30 [INF] HTTP GET /api/jira/field-options responded 200 in 963.9280 ms
2026-07-30 12:34:15.425 +05:30 [INF] Received HTTP response headers after 1131.7222ms - 200
2026-07-30 12:34:15.425 +05:30 [INF] End processing HTTP request after 1133.0832ms - 200
2026-07-30 12:34:15.431 +05:30 [INF] HTTP GET /api/jira/issue-types responded 200 in 1141.4660 ms
2026-07-30 12:35:31.771 +05:30 [INF] Start processing HTTP request POST https://grampower.atlassian.net/rest/api/3/issue
2026-07-30 12:35:31.771 +05:30 [INF] Sending HTTP request POST https://grampower.atlassian.net/rest/api/3/issue
2026-07-30 12:35:33.260 +05:30 [INF] Received HTTP response headers after 1488.6095ms - 201
2026-07-30 12:35:33.260 +05:30 [INF] End processing HTTP request after 1489.9603ms - 201
2026-07-30 12:35:33.267 +05:30 [INF] Start processing HTTP request PUT https://grampower.atlassian.net/rest/api/3/issue/FIT-10
2026-07-30 12:35:33.268 +05:30 [INF] Sending HTTP request PUT https://grampower.atlassian.net/rest/api/3/issue/FIT-10
2026-07-30 12:35:34.334 +05:30 [INF] Received HTTP response headers after 1065.9717ms - 204
2026-07-30 12:35:34.334 +05:30 [INF] End processing HTTP request after 1067.1182ms - 204
2026-07-30 12:35:34.342 +05:30 [INF] Start processing HTTP request GET https://grampower.atlassian.net/rest/api/3/issue/FIT-10?*
2026-07-30 12:35:34.342 +05:30 [INF] Sending HTTP request GET https://grampower.atlassian.net/rest/api/3/issue/FIT-10?*
2026-07-30 12:35:34.699 +05:30 [INF] Received HTTP response headers after 356.6675ms - 200
2026-07-30 12:35:34.700 +05:30 [INF] End processing HTTP request after 357.8832ms - 200
2026-07-30 12:35:34.715 +05:30 [INF] Start processing HTTP request GET https://grampower.atlassian.net/rest/api/3/issue/FIT-10/comment
2026-07-30 12:35:34.716 +05:30 [INF] Sending HTTP request GET https://grampower.atlassian.net/rest/api/3/issue/FIT-10/comment
2026-07-30 12:35:35.547 +05:30 [INF] Received HTTP response headers after 830.6928ms - 200
2026-07-30 12:35:35.547 +05:30 [INF] End processing HTTP request after 831.7715ms - 200
2026-07-30 12:35:35.611 +05:30 [INF] HTTP POST /api/issues responded 201 in 3937.3359 ms
2026-07-30 12:35:35.781 +05:30 [INF] Start processing HTTP request GET https://grampower.atlassian.net/rest/api/3/search/jql?*
2026-07-30 12:35:35.781 +05:30 [INF] Sending HTTP request GET https://grampower.atlassian.net/rest/api/3/search/jql?*
2026-07-30 12:35:36.903 +05:30 [INF] Received HTTP response headers after 1121.246ms - 200
2026-07-30 12:35:36.903 +05:30 [INF] End processing HTTP request after 1121.9096ms - 200
2026-07-30 12:35:37.062 +05:30 [INF] HTTP GET /api/issues responded 200 in 1302.9957 ms
2026-07-30 12:36:47.350 +05:30 [INF] Start processing HTTP request GET https://grampower.atlassian.net/rest/api/3/search/jql?*
2026-07-30 12:36:47.351 +05:30 [INF] Sending HTTP request GET https://grampower.atlassian.net/rest/api/3/search/jql?*
2026-07-30 12:36:48.600 +05:30 [INF] Received HTTP response headers after 1248.8906ms - 200
2026-07-30 12:36:48.601 +05:30 [INF] End processing HTTP request after 1250.4722ms - 200
2026-07-30 12:36:48.815 +05:30 [INF] HTTP GET /api/dashboard responded 200 in 1485.2563 ms
2026-07-30 12:36:53.798 +05:30 [INF] Start processing HTTP request GET https://grampower.atlassian.net/rest/api/3/search/jql?*
2026-07-30 12:36:53.798 +05:30 [INF] Sending HTTP request GET https://grampower.atlassian.net/rest/api/3/search/jql?*
2026-07-30 12:36:54.346 +05:30 [INF] Received HTTP response headers after 547.5057ms - 200
2026-07-30 12:36:54.346 +05:30 [INF] End processing HTTP request after 548.0045ms - 200
2026-07-30 12:36:54.387 +05:30 [INF] HTTP GET /api/issues responded 200 in 592.2491 ms
2026-07-30 12:37:26.596 +05:30 [INF] Start processing HTTP request GET https://grampower.atlassian.net/rest/api/3/search/jql?*
2026-07-30 12:37:26.597 +05:30 [INF] Sending HTTP request GET https://grampower.atlassian.net/rest/api/3/search/jql?*
2026-07-30 12:37:27.801 +05:30 [INF] Received HTTP response headers after 1203.4057ms - 200
2026-07-30 12:37:27.801 +05:30 [INF] End processing HTTP request after 1205.1501ms - 200
2026-07-30 12:37:28.084 +05:30 [INF] HTTP GET /api/dashboard responded 200 in 1490.1238 ms
2026-07-30 12:38:17.682 +05:30 [INF] Start processing HTTP request POST https://grampower.atlassian.net/rest/api/3/issue
2026-07-30 12:38:17.683 +05:30 [INF] Sending HTTP request POST https://grampower.atlassian.net/rest/api/3/issue
2026-07-30 12:38:19.115 +05:30 [INF] Received HTTP response headers after 1432.1094ms - 201
2026-07-30 12:38:19.116 +05:30 [INF] End processing HTTP request after 1433.776ms - 201
2026-07-30 12:38:19.117 +05:30 [INF] Start processing HTTP request PUT https://grampower.atlassian.net/rest/api/3/issue/FIT-11
2026-07-30 12:38:19.117 +05:30 [INF] Sending HTTP request PUT https://grampower.atlassian.net/rest/api/3/issue/FIT-11
2026-07-30 12:38:20.115 +05:30 [INF] Received HTTP response headers after 998.3353ms - 204
2026-07-30 12:38:20.116 +05:30 [INF] End processing HTTP request after 999.1136ms - 204
2026-07-30 12:38:20.116 +05:30 [INF] Start processing HTTP request GET https://grampower.atlassian.net/rest/api/3/issue/FIT-11?*
2026-07-30 12:38:20.117 +05:30 [INF] Sending HTTP request GET https://grampower.atlassian.net/rest/api/3/issue/FIT-11?*
2026-07-30 12:38:20.639 +05:30 [INF] Received HTTP response headers after 522.11ms - 200
2026-07-30 12:38:20.639 +05:30 [INF] End processing HTTP request after 522.9865ms - 200
2026-07-30 12:38:20.641 +05:30 [INF] Start processing HTTP request GET https://grampower.atlassian.net/rest/api/3/issue/FIT-11/comment
2026-07-30 12:38:20.641 +05:30 [INF] Sending HTTP request GET https://grampower.atlassian.net/rest/api/3/issue/FIT-11/comment
2026-07-30 12:38:21.564 +05:30 [INF] Received HTTP response headers after 922.6148ms - 200
2026-07-30 12:38:21.564 +05:30 [INF] End processing HTTP request after 923.4285ms - 200
2026-07-30 12:38:21.568 +05:30 [INF] HTTP POST /api/issues responded 201 in 3887.8033 ms
2026-07-30 12:38:21.693 +05:30 [INF] Start processing HTTP request GET https://grampower.atlassian.net/rest/api/3/search/jql?*
2026-07-30 12:38:21.693 +05:30 [INF] Sending HTTP request GET https://grampower.atlassian.net/rest/api/3/search/jql?*
2026-07-30 12:38:22.760 +05:30 [INF] Received HTTP response headers after 1067.5102ms - 200
2026-07-30 12:38:22.761 +05:30 [INF] End processing HTTP request after 1067.9838ms - 200
2026-07-30 12:38:22.923 +05:30 [INF] HTTP GET /api/issues responded 200 in 1238.2477 ms
2026-07-30 12:38:46.825 +05:30 [INF] Start processing HTTP request GET https://grampower.atlassian.net/rest/api/3/issue/FIT-11?*
2026-07-30 12:38:46.825 +05:30 [INF] Sending HTTP request GET https://grampower.atlassian.net/rest/api/3/issue/FIT-11?*
2026-07-30 12:38:47.235 +05:30 [INF] Received HTTP response headers after 409.4862ms - 200
2026-07-30 12:38:47.235 +05:30 [INF] End processing HTTP request after 410.4137ms - 200
2026-07-30 12:38:47.242 +05:30 [INF] Start processing HTTP request GET https://grampower.atlassian.net/rest/api/3/issue/FIT-11/comment
2026-07-30 12:38:47.242 +05:30 [INF] Sending HTTP request GET https://grampower.atlassian.net/rest/api/3/issue/FIT-11/comment
2026-07-30 12:38:47.575 +05:30 [INF] Received HTTP response headers after 333.5497ms - 200
2026-07-30 12:38:47.576 +05:30 [INF] End processing HTTP request after 334.1627ms - 200
2026-07-30 12:38:47.584 +05:30 [INF] HTTP GET /api/issues/00000000-0000-0000-0000-00000b000000 responded 200 in 771.3375 ms
2026-07-30 12:39:03.473 +05:30 [INF] Start processing HTTP request GET https://grampower.atlassian.net/rest/api/3/issue/FIT-11?*
2026-07-30 12:39:03.474 +05:30 [INF] Sending HTTP request GET https://grampower.atlassian.net/rest/api/3/issue/FIT-11?*
2026-07-30 12:39:04.569 +05:30 [INF] Received HTTP response headers after 1095.1591ms - 200
2026-07-30 12:39:04.569 +05:30 [INF] End processing HTTP request after 1096.237ms - 200
2026-07-30 12:39:04.577 +05:30 [INF] Start processing HTTP request GET https://grampower.atlassian.net/rest/api/3/issue/FIT-11/comment
2026-07-30 12:39:04.577 +05:30 [INF] Sending HTTP request GET https://grampower.atlassian.net/rest/api/3/issue/FIT-11/comment
2026-07-30 12:39:04.869 +05:30 [INF] Received HTTP response headers after 291.7559ms - 200
2026-07-30 12:39:04.870 +05:30 [INF] End processing HTTP request after 292.7166ms - 200
2026-07-30 12:39:04.871 +05:30 [INF] HTTP GET /api/issues/00000000-0000-0000-0000-00000b000000 responded 200 in 1400.6346 ms
2026-07-30 12:39:08.095 +05:30 [INF] Start processing HTTP request GET https://grampower.atlassian.net/rest/api/3/search/jql?*
2026-07-30 12:39:08.095 +05:30 [INF] Sending HTTP request GET https://grampower.atlassian.net/rest/api/3/search/jql?*
2026-07-30 12:39:08.715 +05:30 [INF] Received HTTP response headers after 620.2848ms - 200
2026-07-30 12:39:08.716 +05:30 [INF] End processing HTTP request after 621.0812ms - 200
2026-07-30 12:39:08.850 +05:30 [INF] HTTP GET /api/dashboard responded 200 in 755.7022 ms
2026-07-30 12:39:30.070 +05:30 [INF] Start processing HTTP request GET https://grampower.atlassian.net/rest/api/3/search/jql?*
2026-07-30 12:39:30.070 +05:30 [INF] Sending HTTP request GET https://grampower.atlassian.net/rest/api/3/search/jql?*
2026-07-30 12:39:30.549 +05:30 [INF] Received HTTP response headers after 478.6404ms - 200
2026-07-30 12:39:30.549 +05:30 [INF] End processing HTTP request after 479.7362ms - 200
2026-07-30 12:39:30.790 +05:30 [INF] HTTP GET /api/dashboard responded 200 in 729.9485 ms
2026-07-30 12:39:36.658 +05:30 [INF] Start processing HTTP request GET https://grampower.atlassian.net/rest/api/3/issue/FIT-11?*
2026-07-30 12:39:36.658 +05:30 [INF] Sending HTTP request GET https://grampower.atlassian.net/rest/api/3/issue/FIT-11?*
2026-07-30 12:39:37.054 +05:30 [INF] Received HTTP response headers after 395.6072ms - 200
2026-07-30 12:39:37.054 +05:30 [INF] End processing HTTP request after 396.1906ms - 200
2026-07-30 12:39:37.058 +05:30 [INF] Start processing HTTP request GET https://grampower.atlassian.net/rest/api/3/issue/FIT-11/comment
2026-07-30 12:39:37.058 +05:30 [INF] Sending HTTP request GET https://grampower.atlassian.net/rest/api/3/issue/FIT-11/comment
2026-07-30 12:39:37.437 +05:30 [INF] Received HTTP response headers after 379.2816ms - 200
2026-07-30 12:39:37.438 +05:30 [INF] End processing HTTP request after 379.762ms - 200
2026-07-30 12:39:37.439 +05:30 [INF] HTTP GET /api/issues/00000000-0000-0000-0000-00000b000000 responded 200 in 783.5709 ms
2026-07-30 12:39:42.445 +05:30 [INF] Start processing HTTP request GET https://grampower.atlassian.net/rest/api/3/issue/FIT-11?*
2026-07-30 12:39:42.445 +05:30 [INF] Sending HTTP request GET https://grampower.atlassian.net/rest/api/3/issue/FIT-11?*
2026-07-30 12:39:42.888 +05:30 [INF] Received HTTP response headers after 442.9637ms - 200
2026-07-30 12:39:42.888 +05:30 [INF] End processing HTTP request after 443.5483ms - 200
2026-07-30 12:39:42.893 +05:30 [INF] Start processing HTTP request GET https://grampower.atlassian.net/rest/api/3/issue/FIT-11/comment
2026-07-30 12:39:42.893 +05:30 [INF] Sending HTTP request GET https://grampower.atlassian.net/rest/api/3/issue/FIT-11/comment
2026-07-30 12:39:43.654 +05:30 [INF] Received HTTP response headers after 760.1776ms - 200
2026-07-30 12:39:43.654 +05:30 [INF] End processing HTTP request after 760.6937ms - 200
2026-07-30 12:39:43.654 +05:30 [INF] HTTP GET /api/issues/00000000-0000-0000-0000-00000b000000 responded 200 in 1210.2923 ms
2026-07-30 12:39:53.894 +05:30 [INF] Start processing HTTP request GET https://grampower.atlassian.net/rest/api/3/search/jql?*
2026-07-30 12:39:53.895 +05:30 [INF] Sending HTTP request GET https://grampower.atlassian.net/rest/api/3/search/jql?*
2026-07-30 12:39:54.365 +05:30 [INF] Received HTTP response headers after 469.5542ms - 200
2026-07-30 12:39:54.365 +05:30 [INF] End processing HTTP request after 472.3004ms - 200
2026-07-30 12:39:54.564 +05:30 [INF] HTTP GET /api/issues responded 200 in 672.5335 ms
2026-07-30 12:39:56.939 +05:30 [INF] Start processing HTTP request GET https://grampower.atlassian.net/rest/api/3/search/jql?*
2026-07-30 12:39:56.939 +05:30 [INF] Sending HTTP request GET https://grampower.atlassian.net/rest/api/3/search/jql?*
2026-07-30 12:39:57.516 +05:30 [INF] Received HTTP response headers after 576.9264ms - 200
2026-07-30 12:39:57.517 +05:30 [INF] End processing HTTP request after 577.7178ms - 200
2026-07-30 12:39:57.548 +05:30 [INF] HTTP GET /api/issues responded 200 in 610.8546 ms
2026-07-30 12:40:13.739 +05:30 [INF] Start processing HTTP request GET https://grampower.atlassian.net/rest/api/3/search/jql?*
2026-07-30 12:40:13.740 +05:30 [INF] Sending HTTP request GET https://grampower.atlassian.net/rest/api/3/search/jql?*
2026-07-30 12:40:14.402 +05:30 [INF] Received HTTP response headers after 661.8416ms - 200
2026-07-30 12:40:14.403 +05:30 [INF] End processing HTTP request after 663.1084ms - 200
2026-07-30 12:40:14.454 +05:30 [INF] HTTP GET /api/issues responded 200 in 715.7136 ms
2026-07-30 12:40:16.830 +05:30 [INF] Start processing HTTP request GET https://grampower.atlassian.net/rest/api/3/issue/FIT-8?*
2026-07-30 12:40:16.830 +05:30 [INF] Sending HTTP request GET https://grampower.atlassian.net/rest/api/3/issue/FIT-8?*
2026-07-30 12:40:17.302 +05:30 [INF] Received HTTP response headers after 472.4193ms - 200
2026-07-30 12:40:17.303 +05:30 [INF] End processing HTTP request after 473.0317ms - 200
2026-07-30 12:40:17.417 +05:30 [INF] Start processing HTTP request GET https://grampower.atlassian.net/rest/api/3/issue/FIT-8/comment
2026-07-30 12:40:17.417 +05:30 [INF] Sending HTTP request GET https://grampower.atlassian.net/rest/api/3/issue/FIT-8/comment
2026-07-30 12:40:17.714 +05:30 [INF] Received HTTP response headers after 297.2646ms - 200
2026-07-30 12:40:17.715 +05:30 [INF] End processing HTTP request after 298.4284ms - 200
2026-07-30 12:40:17.716 +05:30 [INF] HTTP GET /api/issues/00000000-0000-0000-0000-000008000000 responded 200 in 887.2025 ms
2026-07-30 12:40:29.560 +05:30 [INF] Start processing HTTP request GET https://grampower.atlassian.net/rest/api/3/search/jql?*
2026-07-30 12:40:29.560 +05:30 [INF] Sending HTTP request GET https://grampower.atlassian.net/rest/api/3/search/jql?*
2026-07-30 12:40:30.150 +05:30 [INF] Received HTTP response headers after 589.2517ms - 200
2026-07-30 12:40:30.150 +05:30 [INF] End processing HTTP request after 590.5533ms - 200
2026-07-30 12:40:30.304 +05:30 [INF] HTTP GET /api/issues responded 200 in 755.0899 ms
2026-07-30 12:40:45.599 +05:30 [INF] Start processing HTTP request GET https://grampower.atlassian.net/rest/api/3/issue/FIT-8?*
2026-07-30 12:40:45.600 +05:30 [INF] Sending HTTP request GET https://grampower.atlassian.net/rest/api/3/issue/FIT-8?*
2026-07-30 12:40:46.070 +05:30 [INF] Received HTTP response headers after 469.7186ms - 200
2026-07-30 12:40:46.070 +05:30 [INF] End processing HTTP request after 470.5481ms - 200
2026-07-30 12:40:46.070 +05:30 [INF] Start processing HTTP request GET https://grampower.atlassian.net/rest/api/3/issue/FIT-8/comment
2026-07-30 12:40:46.070 +05:30 [INF] Sending HTTP request GET https://grampower.atlassian.net/rest/api/3/issue/FIT-8/comment
2026-07-30 12:40:46.325 +05:30 [INF] Received HTTP response headers after 254.6769ms - 200
2026-07-30 12:40:46.325 +05:30 [INF] End processing HTTP request after 255.0175ms - 200
2026-07-30 12:40:46.326 +05:30 [INF] HTTP GET /api/issues/00000000-0000-0000-0000-000008000000 responded 200 in 729.6784 ms
2026-07-30 12:40:56.940 +05:30 [INF] Start processing HTTP request GET https://grampower.atlassian.net/rest/api/3/search/jql?*
2026-07-30 12:40:56.941 +05:30 [INF] Sending HTTP request GET https://grampower.atlassian.net/rest/api/3/search/jql?*
2026-07-30 12:40:57.517 +05:30 [INF] Received HTTP response headers after 576.3511ms - 200
2026-07-30 12:40:57.518 +05:30 [INF] End processing HTTP request after 578.152ms - 200
2026-07-30 12:40:57.580 +05:30 [INF] HTTP GET /api/issues responded 200 in 646.5839 ms
2026-07-30 12:41:56.244 +05:30 [INF] Start processing HTTP request GET https://grampower.atlassian.net/rest/api/3/issue/FIT-4?*
2026-07-30 12:41:56.244 +05:30 [INF] Sending HTTP request GET https://grampower.atlassian.net/rest/api/3/issue/FIT-4?*
2026-07-30 12:41:57.186 +05:30 [INF] Received HTTP response headers after 941.4058ms - 200
2026-07-30 12:41:57.186 +05:30 [INF] End processing HTTP request after 942.3998ms - 200
2026-07-30 12:41:57.187 +05:30 [INF] Start processing HTTP request GET https://grampower.atlassian.net/rest/api/3/issue/FIT-4/comment
2026-07-30 12:41:57.187 +05:30 [INF] Sending HTTP request GET https://grampower.atlassian.net/rest/api/3/issue/FIT-4/comment
2026-07-30 12:41:57.929 +05:30 [INF] Received HTTP response headers after 741.5945ms - 200
2026-07-30 12:41:57.929 +05:30 [INF] End processing HTTP request after 742.2182ms - 200
2026-07-30 12:41:57.934 +05:30 [INF] HTTP GET /api/issues/00000000-0000-0000-0000-000004000000 responded 200 in 1694.0934 ms
2026-07-30 12:42:05.243 +05:30 [INF] Start processing HTTP request GET https://grampower.atlassian.net/rest/api/3/search/jql?*
2026-07-30 12:42:05.243 +05:30 [INF] Sending HTTP request GET https://grampower.atlassian.net/rest/api/3/search/jql?*
2026-07-30 12:42:06.221 +05:30 [INF] Received HTTP response headers after 977.4359ms - 200
2026-07-30 12:42:06.221 +05:30 [INF] End processing HTTP request after 977.9761ms - 200
2026-07-30 12:42:06.479 +05:30 [INF] HTTP GET /api/dashboard responded 200 in 1236.7845 ms
2026-07-30 12:53:07.145 +05:30 [INF] Start processing HTTP request GET https://grampower.atlassian.net/rest/api/3/search/jql?*
2026-07-30 12:53:07.146 +05:30 [INF] Sending HTTP request GET https://grampower.atlassian.net/rest/api/3/search/jql?*
2026-07-30 12:53:08.337 +05:30 [INF] Received HTTP response headers after 1191.0385ms - 200
2026-07-30 12:53:08.337 +05:30 [INF] End processing HTTP request after 1192.0565ms - 200
2026-07-30 12:53:08.599 +05:30 [INF] HTTP GET /api/dashboard responded 200 in 1458.2356 ms
2026-07-30 12:53:25.256 +05:30 [INF] Start processing HTTP request GET https://grampower.atlassian.net/rest/api/3/issue/FIT-11?*
2026-07-30 12:53:25.257 +05:30 [INF] Sending HTTP request GET https://grampower.atlassian.net/rest/api/3/issue/FIT-11?*
2026-07-30 12:53:26.095 +05:30 [INF] Received HTTP response headers after 838.4595ms - 200
2026-07-30 12:53:26.096 +05:30 [INF] End processing HTTP request after 839.2271ms - 200
2026-07-30 12:53:26.105 +05:30 [INF] Start processing HTTP request GET https://grampower.atlassian.net/rest/api/3/issue/FIT-11/comment
2026-07-30 12:53:26.105 +05:30 [INF] Sending HTTP request GET https://grampower.atlassian.net/rest/api/3/issue/FIT-11/comment
2026-07-30 12:53:26.409 +05:30 [INF] Received HTTP response headers after 303.4475ms - 200
2026-07-30 12:53:26.409 +05:30 [INF] End processing HTTP request after 304.0405ms - 200
2026-07-30 12:53:26.410 +05:30 [INF] HTTP GET /api/issues/00000000-0000-0000-0000-00000b000000 responded 200 in 1155.6191 ms
2026-07-30 12:54:45.282 +05:30 [INF] Start processing HTTP request GET https://grampower.atlassian.net/rest/api/3/search/jql?*
2026-07-30 12:54:45.283 +05:30 [INF] Sending HTTP request GET https://grampower.atlassian.net/rest/api/3/search/jql?*
2026-07-30 12:54:46.111 +05:30 [INF] Received HTTP response headers after 827.926ms - 200
2026-07-30 12:54:46.112 +05:30 [INF] End processing HTTP request after 829.5945ms - 200
2026-07-30 12:54:46.172 +05:30 [INF] HTTP GET /api/issues responded 200 in 901.7456 ms
2026-07-30 12:54:48.236 +05:30 [INF] Start processing HTTP request GET https://grampower.atlassian.net/rest/api/3/search/jql?*
2026-07-30 12:54:48.236 +05:30 [INF] Sending HTTP request GET https://grampower.atlassian.net/rest/api/3/search/jql?*
2026-07-30 12:54:48.886 +05:30 [INF] Received HTTP response headers after 650.4102ms - 200
2026-07-30 12:54:48.888 +05:30 [INF] End processing HTTP request after 652.0031ms - 200
2026-07-30 12:54:49.094 +05:30 [INF] HTTP GET /api/dashboard responded 200 in 859.0482 ms
2026-07-30 12:54:50.433 +05:30 [INF] Start processing HTTP request GET https://grampower.atlassian.net/rest/api/3/search/jql?*
2026-07-30 12:54:50.433 +05:30 [INF] Sending HTTP request GET https://grampower.atlassian.net/rest/api/3/search/jql?*
2026-07-30 12:54:50.944 +05:30 [INF] Received HTTP response headers after 510.4277ms - 200
2026-07-30 12:54:50.945 +05:30 [INF] End processing HTTP request after 512.242ms - 200
2026-07-30 12:54:50.991 +05:30 [INF] HTTP GET /api/dashboard responded 200 in 558.4779 ms
2026-07-30 12:55:05.428 +05:30 [INF] Application is shutting down...
2026-07-30 12:55:14.828 +05:30 [WRN] The WebRootPath was not found: /Users/lalit.tak/Documents/Workspace/FIT/src/FIT.API/wwwroot. Static files may be unavailable.
2026-07-30 12:55:14.885 +05:30 [INF] Now listening on: http://localhost:5000
2026-07-30 12:55:14.885 +05:30 [INF] Application started. Press Ctrl+C to shut down.
2026-07-30 12:55:14.886 +05:30 [INF] Hosting environment: Production
2026-07-30 12:55:14.886 +05:30 [INF] Content root path: /Users/lalit.tak/Documents/Workspace/FIT/src/FIT.API
2026-07-30 12:55:24.616 +05:30 [INF] HTTP GET /health responded 200 in 22.1293 ms
2026-07-30 12:55:40.527 +05:30 [INF] Start processing HTTP request GET https://grampower.atlassian.net/rest/api/3/search/jql?*
2026-07-30 12:55:40.527 +05:30 [INF] Sending HTTP request GET https://grampower.atlassian.net/rest/api/3/search/jql?*
2026-07-30 12:55:41.325 +05:30 [INF] Received HTTP response headers after 795.6395ms - 200
2026-07-30 12:55:41.327 +05:30 [INF] End processing HTTP request after 801.5872ms - 200
2026-07-30 12:55:41.529 +05:30 [INF] HTTP GET /api/dashboard responded 200 in 1082.9668 ms
2026-07-30 12:56:10.438 +05:30 [INF] Application is shutting down...
2026-07-30 12:56:15.246 +05:30 [WRN] The WebRootPath was not found: /Users/lalit.tak/Documents/Workspace/FIT/src/FIT.API/wwwroot. Static files may be unavailable.
2026-07-30 12:56:15.318 +05:30 [INF] Now listening on: http://localhost:5000
2026-07-30 12:56:15.319 +05:30 [INF] Application started. Press Ctrl+C to shut down.
2026-07-30 12:56:15.319 +05:30 [INF] Hosting environment: Production
2026-07-30 12:56:15.319 +05:30 [INF] Content root path: /Users/lalit.tak/Documents/Workspace/FIT/src/FIT.API
2026-07-30 12:56:30.907 +05:30 [INF] HTTP GET /health responded 200 in 27.1368 ms
2026-07-30 12:56:49.482 +05:30 [INF] HTTP GET /health responded 200 in 0.7900 ms
2026-07-30 12:56:52.578 +05:30 [INF] HTTP POST /api/auth/login responded 200 in 65.5223 ms
2026-07-30 12:57:06.021 +05:30 [INF] HTTP POST /api/auth/login responded 200 in 1.8757 ms
2026-07-30 12:57:06.202 +05:30 [INF] Start processing HTTP request GET https://grampower.atlassian.net/rest/api/3/search/jql?*
2026-07-30 12:57:06.203 +05:30 [INF] Sending HTTP request GET https://grampower.atlassian.net/rest/api/3/search/jql?*
2026-07-30 12:57:07.355 +05:30 [INF] Received HTTP response headers after 1150.896ms - 200
2026-07-30 12:57:07.358 +05:30 [INF] End processing HTTP request after 1157.9347ms - 200
2026-07-30 12:57:07.568 +05:30 [INF] HTTP GET /api/issues responded 200 in 1483.6744 ms
2026-07-30 12:57:40.288 +05:30 [INF] Start processing HTTP request GET https://grampower.atlassian.net/rest/api/3/search/jql?*
2026-07-30 12:57:40.291 +05:30 [INF] Sending HTTP request GET https://grampower.atlassian.net/rest/api/3/search/jql?*
2026-07-30 12:57:41.271 +05:30 [INF] Received HTTP response headers after 980.128ms - 200
2026-07-30 12:57:41.272 +05:30 [INF] End processing HTTP request after 984.2412ms - 200
2026-07-30 12:57:41.516 +05:30 [INF] HTTP GET /api/dashboard responded 200 in 1240.6150 ms
2026-07-30 12:58:00.857 +05:30 [INF] Start processing HTTP request GET https://grampower.atlassian.net/rest/api/3/search/jql?*
2026-07-30 12:58:00.858 +05:30 [INF] Sending HTTP request GET https://grampower.atlassian.net/rest/api/3/search/jql?*
2026-07-30 12:58:01.986 +05:30 [INF] Received HTTP response headers after 1127.8624ms - 200
2026-07-30 12:58:01.988 +05:30 [INF] End processing HTTP request after 1131.7419ms - 200
2026-07-30 12:58:02.330 +05:30 [INF] HTTP GET /api/dashboard responded 200 in 1481.7939 ms
2026-07-30 12:59:56.731 +05:30 [INF] Start processing HTTP request GET https://grampower.atlassian.net/rest/api/3/search/jql?*
2026-07-30 12:59:56.732 +05:30 [INF] Sending HTTP request GET https://grampower.atlassian.net/rest/api/3/search/jql?*
2026-07-30 12:59:58.663 +05:30 [INF] Received HTTP response headers after 1931.1784ms - 200
2026-07-30 12:59:58.664 +05:30 [INF] End processing HTTP request after 1933.5137ms - 200
2026-07-30 12:59:58.840 +05:30 [INF] HTTP GET /api/dashboard responded 200 in 2116.4917 ms
2026-07-30 13:12:33.993 +05:30 [INF] Start processing HTTP request GET https://grampower.atlassian.net/rest/api/3/search/jql?*
2026-07-30 13:12:33.994 +05:30 [INF] Sending HTTP request GET https://grampower.atlassian.net/rest/api/3/search/jql?*
2026-07-30 13:13:04.003 +05:30 [WRN] SearchIssues failed for JQL: project = FIT ORDER BY created DESC
System.Threading.Tasks.TaskCanceledException: The request was canceled due to the configured HttpClient.Timeout of 30 seconds elapsing.
 ---> System.TimeoutException: The operation was canceled.
 ---> System.Threading.Tasks.TaskCanceledException: The operation was canceled.
 ---> System.IO.IOException: Unable to read data from the transport connection: Operation canceled.
 ---> System.Net.Sockets.SocketException (89): Operation canceled
   --- End of inner exception stack trace ---
   at System.Net.Sockets.Socket.AwaitableSocketAsyncEventArgs.ThrowException(SocketError error, CancellationToken cancellationToken)
   at System.Net.Sockets.Socket.AwaitableSocketAsyncEventArgs.System.Threading.Tasks.Sources.IValueTaskSource<System.Int32>.GetResult(Int16 token)
   at System.Net.Security.SslStream.EnsureFullTlsFrameAsync[TIOAdapter](CancellationToken cancellationToken, Int32 estimatedSize)
   at System.Runtime.CompilerServices.PoolingAsyncValueTaskMethodBuilder`1.StateMachineBox`1.System.Threading.Tasks.Sources.IValueTaskSource<TResult>.GetResult(Int16 token)
   at System.Net.Security.SslStream.ReadAsyncInternal[TIOAdapter](Memory`1 buffer, CancellationToken cancellationToken)
   at System.Runtime.CompilerServices.PoolingAsyncValueTaskMethodBuilder`1.StateMachineBox`1.System.Threading.Tasks.Sources.IValueTaskSource<TResult>.GetResult(Int16 token)
   at System.Net.Http.HttpConnection.<CheckUsabilityOnScavenge>g__ReadAheadWithZeroByteReadAsync|39_0()
   at System.Net.Http.HttpConnection.SendAsync(HttpRequestMessage request, Boolean async, CancellationToken cancellationToken)
   --- End of inner exception stack trace ---
   at System.Net.Http.HttpConnection.SendAsync(HttpRequestMessage request, Boolean async, CancellationToken cancellationToken)
   at System.Net.Http.HttpConnectionPool.SendWithVersionDetectionAndRetryAsync(HttpRequestMessage request, Boolean async, Boolean doRequestAuth, CancellationToken cancellationToken)
   at System.Net.Http.DiagnosticsHandler.SendAsyncCore(HttpRequestMessage request, Boolean async, CancellationToken cancellationToken)
   at System.Net.Http.RedirectHandler.SendAsync(HttpRequestMessage request, Boolean async, CancellationToken cancellationToken)
   at Microsoft.Extensions.Http.Logging.LoggingHttpMessageHandler.<SendCoreAsync>g__Core|4_0(HttpRequestMessage request, Boolean useAsync, CancellationToken cancellationToken)
   at Microsoft.Extensions.Http.Logging.LoggingScopeHttpMessageHandler.<SendCoreAsync>g__Core|4_0(HttpRequestMessage request, Boolean useAsync, CancellationToken cancellationToken)
   at System.Net.Http.HttpClient.<SendAsync>g__Core|83_0(HttpRequestMessage request, HttpCompletionOption completionOption, CancellationTokenSource cts, Boolean disposeCts, CancellationTokenSource pendingRequestsCts, CancellationToken originalCancellationToken)
   --- End of inner exception stack trace ---
   --- End of inner exception stack trace ---
   at System.Net.Http.HttpClient.HandleFailure(Exception e, Boolean telemetryStarted, HttpResponseMessage response, CancellationTokenSource cts, CancellationToken cancellationToken, CancellationTokenSource pendingRequestsCts)
   at System.Net.Http.HttpClient.<SendAsync>g__Core|83_0(HttpRequestMessage request, HttpCompletionOption completionOption, CancellationTokenSource cts, Boolean disposeCts, CancellationTokenSource pendingRequestsCts, CancellationToken originalCancellationToken)
   at FIT.Infrastructure.Services.JiraService.SearchIssuesAsync(String jql, Int32 startAt, Int32 maxResults, CancellationToken cancellationToken) in /Users/lalit.tak/Documents/Workspace/FIT/src/FIT.Infrastructure/Services/JiraService.cs:line 246
2026-07-30 13:13:04.033 +05:30 [INF] HTTP GET /api/dashboard responded 200 in 30044.0515 ms
2026-07-30 13:48:38.985 +05:30 [INF] Start processing HTTP request GET https://grampower.atlassian.net/rest/api/3/search/jql?*
2026-07-30 13:48:38.986 +05:30 [INF] Sending HTTP request GET https://grampower.atlassian.net/rest/api/3/search/jql?*
2026-07-30 13:48:40.243 +05:30 [INF] Received HTTP response headers after 1255.3337ms - 200
2026-07-30 13:48:40.244 +05:30 [INF] End processing HTTP request after 1259.755ms - 200
2026-07-30 13:48:40.390 +05:30 [INF] HTTP GET /api/dashboard responded 200 in 1415.5393 ms
2026-07-30 13:51:19.857 +05:30 [INF] Start processing HTTP request GET https://grampower.atlassian.net/rest/api/3/search/jql?*
2026-07-30 13:51:19.858 +05:30 [INF] Sending HTTP request GET https://grampower.atlassian.net/rest/api/3/search/jql?*
2026-07-30 13:51:20.671 +05:30 [INF] Received HTTP response headers after 812.9067ms - 200
2026-07-30 13:51:20.671 +05:30 [INF] End processing HTTP request after 814.1483ms - 200
2026-07-30 13:51:20.736 +05:30 [INF] HTTP GET /api/dashboard responded 200 in 883.6685 ms
2026-07-30 13:56:08.792 +05:30 [INF] Start processing HTTP request GET https://grampower.atlassian.net/rest/api/3/search/jql?*
2026-07-30 13:56:08.793 +05:30 [INF] Sending HTTP request GET https://grampower.atlassian.net/rest/api/3/search/jql?*
2026-07-30 13:56:10.029 +05:30 [INF] Received HTTP response headers after 1235.4468ms - 200
2026-07-30 13:56:10.029 +05:30 [INF] End processing HTTP request after 1239.9693ms - 200
2026-07-30 13:56:10.243 +05:30 [INF] HTTP GET /api/dashboard responded 200 in 1459.8342 ms
2026-07-30 13:56:12.086 +05:30 [INF] Start processing HTTP request GET https://grampower.atlassian.net/rest/api/3/search/jql?*
2026-07-30 13:56:12.086 +05:30 [INF] Sending HTTP request GET https://grampower.atlassian.net/rest/api/3/search/jql?*
2026-07-30 13:56:12.562 +05:30 [INF] Received HTTP response headers after 475.5344ms - 200
2026-07-30 13:56:12.562 +05:30 [INF] End processing HTTP request after 476.0422ms - 200
2026-07-30 13:56:12.600 +05:30 [INF] HTTP GET /api/issues responded 200 in 543.6543 ms
2026-07-30 13:56:14.381 +05:30 [INF] Start processing HTTP request GET https://grampower.atlassian.net/rest/api/3/issue/createmeta/FIT/issuetypes/11333
2026-07-30 13:56:14.381 +05:30 [INF] Start processing HTTP request GET https://grampower.atlassian.net/rest/api/3/priority
2026-07-30 13:56:14.381 +05:30 [INF] Start processing HTTP request GET https://grampower.atlassian.net/rest/api/3/issue/createmeta/FIT/issuetypes
2026-07-30 13:56:14.381 +05:30 [INF] Sending HTTP request GET https://grampower.atlassian.net/rest/api/3/priority
2026-07-30 13:56:14.381 +05:30 [INF] Sending HTTP request GET https://grampower.atlassian.net/rest/api/3/issue/createmeta/FIT/issuetypes/11333
2026-07-30 13:56:14.381 +05:30 [INF] Sending HTTP request GET https://grampower.atlassian.net/rest/api/3/issue/createmeta/FIT/issuetypes
2026-07-30 13:56:14.660 +05:30 [INF] Received HTTP response headers after 279.4676ms - 200
2026-07-30 13:56:14.661 +05:30 [INF] End processing HTTP request after 280.0445ms - 200
2026-07-30 13:56:14.664 +05:30 [INF] HTTP GET /api/jira/priorities responded 200 in 299.4523 ms
2026-07-30 13:56:15.192 +05:30 [INF] Received HTTP response headers after 811.136ms - 200
2026-07-30 13:56:15.193 +05:30 [INF] End processing HTTP request after 812.2578ms - 200
2026-07-30 13:56:15.194 +05:30 [INF] HTTP GET /api/jira/issue-types responded 200 in 830.0418 ms
2026-07-30 13:56:15.330 +05:30 [INF] Received HTTP response headers after 949.3555ms - 200
2026-07-30 13:56:15.330 +05:30 [INF] End processing HTTP request after 949.909ms - 200
2026-07-30 13:56:15.336 +05:30 [INF] HTTP GET /api/jira/field-options responded 200 in 970.6998 ms
2026-07-30 13:59:13.663 +05:30 [INF] Start processing HTTP request GET https://grampower.atlassian.net/rest/api/3/search/jql?*
2026-07-30 13:59:13.664 +05:30 [INF] Sending HTTP request GET https://grampower.atlassian.net/rest/api/3/search/jql?*
2026-07-30 13:59:14.700 +05:30 [INF] Received HTTP response headers after 1035.2387ms - 200
2026-07-30 13:59:14.701 +05:30 [INF] End processing HTTP request after 1037.5151ms - 200
2026-07-30 13:59:15.092 +05:30 [INF] HTTP GET /api/dashboard responded 200 in 1435.3824 ms
2026-07-30 13:59:34.777 +05:30 [INF] HTTP POST /api/auth/login responded 200 in 13.5296 ms
2026-07-30 14:01:28.654 +05:30 [INF] Start processing HTTP request GET https://grampower.atlassian.net/rest/api/3/search/jql?*
2026-07-30 14:01:28.656 +05:30 [INF] Sending HTTP request GET https://grampower.atlassian.net/rest/api/3/search/jql?*
2026-07-30 14:01:29.948 +05:30 [INF] Received HTTP response headers after 1292.3462ms - 200
2026-07-30 14:01:29.949 +05:30 [INF] End processing HTTP request after 1298.0789ms - 200
2026-07-30 14:01:30.155 +05:30 [INF] HTTP GET /api/issues responded 200 in 1522.8984 ms
2026-07-30 14:01:33.646 +05:30 [INF] Start processing HTTP request GET https://grampower.atlassian.net/rest/api/3/priority
2026-07-30 14:01:33.646 +05:30 [INF] Start processing HTTP request GET https://grampower.atlassian.net/rest/api/3/issue/createmeta/FIT/issuetypes/11333
2026-07-30 14:01:33.646 +05:30 [INF] Sending HTTP request GET https://grampower.atlassian.net/rest/api/3/priority
2026-07-30 14:01:33.646 +05:30 [INF] Start processing HTTP request GET https://grampower.atlassian.net/rest/api/3/issue/createmeta/FIT/issuetypes
2026-07-30 14:01:33.646 +05:30 [INF] Sending HTTP request GET https://grampower.atlassian.net/rest/api/3/issue/createmeta/FIT/issuetypes
2026-07-30 14:01:33.646 +05:30 [INF] Sending HTTP request GET https://grampower.atlassian.net/rest/api/3/issue/createmeta/FIT/issuetypes/11333
2026-07-30 14:01:34.035 +05:30 [INF] Received HTTP response headers after 388.7881ms - 200
2026-07-30 14:01:34.035 +05:30 [INF] End processing HTTP request after 389.2175ms - 200
2026-07-30 14:01:34.072 +05:30 [INF] Received HTTP response headers after 425.8945ms - 200
2026-07-30 14:01:34.075 +05:30 [INF] End processing HTTP request after 429.3654ms - 200
2026-07-30 14:01:34.076 +05:30 [INF] HTTP GET /api/jira/issue-types responded 200 in 430.5980 ms
2026-07-30 14:01:34.075 +05:30 [INF] HTTP GET /api/jira/priorities responded 200 in 429.8550 ms
2026-07-30 14:01:34.642 +05:30 [INF] Received HTTP response headers after 995.5186ms - 200
2026-07-30 14:01:34.642 +05:30 [INF] End processing HTTP request after 996.2079ms - 200
2026-07-30 14:01:34.644 +05:30 [INF] HTTP GET /api/jira/field-options responded 200 in 998.7146 ms
2026-07-30 14:02:24.578 +05:30 [INF] Start processing HTTP request POST https://grampower.atlassian.net/rest/api/3/issue
2026-07-30 14:02:24.578 +05:30 [INF] Sending HTTP request POST https://grampower.atlassian.net/rest/api/3/issue
2026-07-30 14:02:25.539 +05:30 [INF] Received HTTP response headers after 960.4006ms - 201
2026-07-30 14:02:25.539 +05:30 [INF] End processing HTTP request after 961.7296ms - 201
2026-07-30 14:02:25.545 +05:30 [INF] Start processing HTTP request PUT https://grampower.atlassian.net/rest/api/3/issue/FIT-12
2026-07-30 14:02:25.545 +05:30 [INF] Sending HTTP request PUT https://grampower.atlassian.net/rest/api/3/issue/FIT-12
2026-07-30 14:02:26.534 +05:30 [INF] Received HTTP response headers after 989.2575ms - 204
2026-07-30 14:02:26.535 +05:30 [INF] End processing HTTP request after 989.9551ms - 204
2026-07-30 14:02:26.544 +05:30 [INF] Start processing HTTP request GET https://grampower.atlassian.net/rest/api/3/issue/FIT-12?*
2026-07-30 14:02:26.545 +05:30 [INF] Sending HTTP request GET https://grampower.atlassian.net/rest/api/3/issue/FIT-12?*
2026-07-30 14:02:26.984 +05:30 [INF] Received HTTP response headers after 438.7651ms - 200
2026-07-30 14:02:26.984 +05:30 [INF] End processing HTTP request after 439.8695ms - 200
2026-07-30 14:02:26.989 +05:30 [INF] Start processing HTTP request GET https://grampower.atlassian.net/rest/api/3/issue/FIT-12/comment
2026-07-30 14:02:26.989 +05:30 [INF] Sending HTTP request GET https://grampower.atlassian.net/rest/api/3/issue/FIT-12/comment
2026-07-30 14:02:27.688 +05:30 [INF] Received HTTP response headers after 699.3518ms - 200
2026-07-30 14:02:27.689 +05:30 [INF] End processing HTTP request after 700.4314ms - 200
2026-07-30 14:02:27.751 +05:30 [INF] HTTP POST /api/issues responded 201 in 3217.7698 ms
2026-07-30 14:02:28.006 +05:30 [INF] Start processing HTTP request GET https://grampower.atlassian.net/rest/api/3/search/jql?*
2026-07-30 14:02:28.006 +05:30 [INF] Sending HTTP request GET https://grampower.atlassian.net/rest/api/3/search/jql?*
2026-07-30 14:02:28.916 +05:30 [INF] Received HTTP response headers after 910.4872ms - 200
2026-07-30 14:02:28.917 +05:30 [INF] End processing HTTP request after 911.0287ms - 200
2026-07-30 14:02:29.138 +05:30 [INF] HTTP GET /api/issues responded 200 in 1134.2107 ms
2026-07-30 14:03:01.119 +05:30 [INF] Start processing HTTP request GET https://grampower.atlassian.net/rest/api/3/search/jql?*
2026-07-30 14:03:01.119 +05:30 [INF] Sending HTTP request GET https://grampower.atlassian.net/rest/api/3/search/jql?*
2026-07-30 14:03:01.749 +05:30 [INF] Received HTTP response headers after 629.3058ms - 200
2026-07-30 14:03:01.749 +05:30 [INF] End processing HTTP request after 630.5274ms - 200
2026-07-30 14:03:01.849 +05:30 [INF] HTTP GET /api/issues responded 200 in 737.1127 ms
2026-07-30 14:03:24.786 +05:30 [INF] Start processing HTTP request GET https://grampower.atlassian.net/rest/api/3/search/jql?*
2026-07-30 14:03:24.786 +05:30 [INF] Sending HTTP request GET https://grampower.atlassian.net/rest/api/3/search/jql?*
2026-07-30 14:03:25.239 +05:30 [INF] Received HTTP response headers after 453.1253ms - 200
2026-07-30 14:03:25.240 +05:30 [INF] End processing HTTP request after 454.0424ms - 200
2026-07-30 14:03:25.316 +05:30 [INF] HTTP GET /api/issues responded 200 in 533.4663 ms
2026-07-30 14:03:27.933 +05:30 [INF] Start processing HTTP request GET https://grampower.atlassian.net/rest/api/3/issue/FIT-12?*
2026-07-30 14:03:27.933 +05:30 [INF] Sending HTTP request GET https://grampower.atlassian.net/rest/api/3/issue/FIT-12?*
2026-07-30 14:03:28.324 +05:30 [INF] Received HTTP response headers after 391.3892ms - 200
2026-07-30 14:03:28.325 +05:30 [INF] End processing HTTP request after 391.8904ms - 200
2026-07-30 14:03:28.333 +05:30 [INF] Start processing HTTP request GET https://grampower.atlassian.net/rest/api/3/issue/FIT-12/comment
2026-07-30 14:03:28.334 +05:30 [INF] Sending HTTP request GET https://grampower.atlassian.net/rest/api/3/issue/FIT-12/comment
2026-07-30 14:03:28.601 +05:30 [INF] Received HTTP response headers after 266.6915ms - 200
2026-07-30 14:03:28.601 +05:30 [INF] End processing HTTP request after 267.567ms - 200
2026-07-30 14:03:28.605 +05:30 [INF] HTTP GET /api/issues/00000000-0000-0000-0000-00000c000000 responded 200 in 682.7019 ms
2026-07-30 14:03:45.547 +05:30 [INF] HTTP POST /api/issues/00000000-0000-0000-0000-00000c000000/comments responded 400 in 28.2076 ms
2026-07-30 14:03:55.744 +05:30 [INF] Start processing HTTP request GET https://grampower.atlassian.net/rest/api/3/search/jql?*
2026-07-30 14:03:55.745 +05:30 [INF] Sending HTTP request GET https://grampower.atlassian.net/rest/api/3/search/jql?*
2026-07-30 14:03:56.511 +05:30 [INF] Received HTTP response headers after 766.11ms - 200
2026-07-30 14:03:56.512 +05:30 [INF] End processing HTTP request after 767.1037ms - 200
2026-07-30 14:03:56.683 +05:30 [INF] HTTP GET /api/dashboard responded 200 in 939.0607 ms
2026-07-30 14:04:50.677 +05:30 [INF] Start processing HTTP request GET https://grampower.atlassian.net/rest/api/3/search/jql?*
2026-07-30 14:04:50.677 +05:30 [INF] Sending HTTP request GET https://grampower.atlassian.net/rest/api/3/search/jql?*
2026-07-30 14:04:51.193 +05:30 [INF] Received HTTP response headers after 515.4137ms - 200
2026-07-30 14:04:51.193 +05:30 [INF] End processing HTTP request after 516.1231ms - 200
2026-07-30 14:04:51.283 +05:30 [INF] HTTP GET /api/issues responded 200 in 606.7766 ms
2026-07-30 14:04:53.509 +05:30 [INF] Start processing HTTP request GET https://grampower.atlassian.net/rest/api/3/search/jql?*
2026-07-30 14:04:53.509 +05:30 [INF] Sending HTTP request GET https://grampower.atlassian.net/rest/api/3/search/jql?*
2026-07-30 14:04:54.565 +05:30 [INF] Received HTTP response headers after 1055.6841ms - 200
2026-07-30 14:04:54.566 +05:30 [INF] End processing HTTP request after 1056.5704ms - 200
2026-07-30 14:04:54.732 +05:30 [INF] HTTP GET /api/issues responded 200 in 1225.1216 ms
2026-07-30 14:08:57.772 +05:30 [INF] Application is shutting down...
2026-07-30 14:09:06.231 +05:30 [WRN] The WebRootPath was not found: /Users/lalit.tak/Documents/Workspace/FIT/src/FIT.API/wwwroot. Static files may be unavailable.
2026-07-30 14:09:06.333 +05:30 [INF] Now listening on: http://localhost:5000
2026-07-30 14:09:06.334 +05:30 [INF] Application started. Press Ctrl+C to shut down.
2026-07-30 14:09:06.334 +05:30 [INF] Hosting environment: Production
2026-07-30 14:09:06.334 +05:30 [INF] Content root path: /Users/lalit.tak/Documents/Workspace/FIT/src/FIT.API
2026-07-30 14:09:16.804 +05:30 [INF] HTTP GET /health responded 200 in 25.3614 ms
2026-07-30 14:09:42.913 +05:30 [INF] Start processing HTTP request GET https://grampower.atlassian.net/rest/api/3/search/jql?*
2026-07-30 14:09:42.914 +05:30 [INF] Sending HTTP request GET https://grampower.atlassian.net/rest/api/3/search/jql?*
2026-07-30 14:09:44.179 +05:30 [INF] Received HTTP response headers after 1262.2162ms - 200
2026-07-30 14:09:44.186 +05:30 [INF] End processing HTTP request after 1274.7067ms - 200
2026-07-30 14:09:44.460 +05:30 [INF] HTTP GET /api/issues responded 200 in 1684.7510 ms
2026-07-30 14:09:47.960 +05:30 [INF] Start processing HTTP request GET https://grampower.atlassian.net/rest/api/3/issue/FIT-12?*
2026-07-30 14:09:47.960 +05:30 [INF] Sending HTTP request GET https://grampower.atlassian.net/rest/api/3/issue/FIT-12?*
2026-07-30 14:09:48.815 +05:30 [INF] Received HTTP response headers after 855.2557ms - 200
2026-07-30 14:09:48.816 +05:30 [INF] End processing HTTP request after 856.0289ms - 200
2026-07-30 14:09:48.835 +05:30 [INF] Start processing HTTP request GET https://grampower.atlassian.net/rest/api/3/issue/FIT-12/comment
2026-07-30 14:09:48.835 +05:30 [INF] Sending HTTP request GET https://grampower.atlassian.net/rest/api/3/issue/FIT-12/comment
2026-07-30 14:09:49.539 +05:30 [INF] Received HTTP response headers after 703.8884ms - 200
2026-07-30 14:09:49.540 +05:30 [INF] End processing HTTP request after 705.3674ms - 200
2026-07-30 14:09:49.593 +05:30 [INF] HTTP GET /api/issues/00000000-0000-0000-0000-00000c000000 responded 200 in 1648.5358 ms
2026-07-30 14:10:02.902 +05:30 [INF] Start processing HTTP request GET https://grampower.atlassian.net/rest/api/3/search/jql?*
2026-07-30 14:10:02.902 +05:30 [INF] Sending HTTP request GET https://grampower.atlassian.net/rest/api/3/search/jql?*
2026-07-30 14:10:03.960 +05:30 [INF] Received HTTP response headers after 1057.5205ms - 200
2026-07-30 14:10:03.961 +05:30 [INF] End processing HTTP request after 1058.6634ms - 200
2026-07-30 14:10:04.141 +05:30 [INF] HTTP GET /api/issues responded 200 in 1243.0753 ms
2026-07-30 14:10:07.020 +05:30 [INF] Start processing HTTP request GET https://grampower.atlassian.net/rest/api/3/search/jql?*
2026-07-30 14:10:07.020 +05:30 [INF] Sending HTTP request GET https://grampower.atlassian.net/rest/api/3/search/jql?*
2026-07-30 14:10:08.220 +05:30 [INF] Received HTTP response headers after 1198.9648ms - 200
2026-07-30 14:10:08.220 +05:30 [INF] End processing HTTP request after 1200.2857ms - 200
2026-07-30 14:10:08.252 +05:30 [INF] HTTP GET /api/issues responded 200 in 1237.1262 ms
2026-07-30 14:11:09.143 +05:30 [INF] Start processing HTTP request GET https://grampower.atlassian.net/rest/api/3/search/jql?*
2026-07-30 14:11:09.143 +05:30 [INF] Sending HTTP request GET https://grampower.atlassian.net/rest/api/3/search/jql?*
2026-07-30 14:11:09.778 +05:30 [INF] Received HTTP response headers after 634.5563ms - 200
2026-07-30 14:11:09.779 +05:30 [INF] End processing HTTP request after 636.2105ms - 200
2026-07-30 14:11:09.877 +05:30 [INF] HTTP GET /api/issues responded 200 in 735.5523 ms
2026-07-30 14:11:13.536 +05:30 [INF] Start processing HTTP request GET https://grampower.atlassian.net/rest/api/3/issue/FIT-12?*
2026-07-30 14:11:13.536 +05:30 [INF] Sending HTTP request GET https://grampower.atlassian.net/rest/api/3/issue/FIT-12?*
2026-07-30 14:11:14.407 +05:30 [INF] Received HTTP response headers after 870.5464ms - 200
2026-07-30 14:11:14.408 +05:30 [INF] End processing HTTP request after 871.6142ms - 200
2026-07-30 14:11:14.424 +05:30 [INF] Start processing HTTP request GET https://grampower.atlassian.net/rest/api/3/issue/FIT-12/comment
2026-07-30 14:11:14.424 +05:30 [INF] Sending HTTP request GET https://grampower.atlassian.net/rest/api/3/issue/FIT-12/comment
2026-07-30 14:11:15.291 +05:30 [INF] Received HTTP response headers after 866.2505ms - 200
2026-07-30 14:11:15.291 +05:30 [INF] End processing HTTP request after 867.8322ms - 200
2026-07-30 14:11:15.295 +05:30 [INF] HTTP GET /api/issues/00000000-0000-0000-0000-00000c000000 responded 200 in 1760.6262 ms
2026-07-30 14:11:35.447 +05:30 [INF] Start processing HTTP request GET https://grampower.atlassian.net/rest/api/3/issue/FIT-12?*
2026-07-30 14:11:35.447 +05:30 [INF] Sending HTTP request GET https://grampower.atlassian.net/rest/api/3/issue/FIT-12?*
2026-07-30 14:11:35.877 +05:30 [INF] Received HTTP response headers after 429.9785ms - 200
2026-07-30 14:11:35.878 +05:30 [INF] End processing HTTP request after 430.859ms - 200
2026-07-30 14:11:35.887 +05:30 [INF] Start processing HTTP request GET https://grampower.atlassian.net/rest/api/3/issue/FIT-12/comment
2026-07-30 14:11:35.887 +05:30 [INF] Sending HTTP request GET https://grampower.atlassian.net/rest/api/3/issue/FIT-12/comment
2026-07-30 14:11:36.629 +05:30 [INF] Received HTTP response headers after 741.4135ms - 200
2026-07-30 14:11:36.631 +05:30 [INF] End processing HTTP request after 743.7484ms - 200
2026-07-30 14:11:36.642 +05:30 [INF] Start processing HTTP request GET https://grampower.atlassian.net/rest/api/3/issue/FIT-12?*
2026-07-30 14:11:36.642 +05:30 [INF] Sending HTTP request GET https://grampower.atlassian.net/rest/api/3/issue/FIT-12?*
2026-07-30 14:11:37.483 +05:30 [INF] Received HTTP response headers after 840.579ms - 200
2026-07-30 14:11:37.483 +05:30 [INF] End processing HTTP request after 841.4474ms - 200
2026-07-30 14:11:37.504 +05:30 [INF] Start processing HTTP request PUT https://grampower.atlassian.net/rest/api/3/issue/FIT-12
2026-07-30 14:11:37.505 +05:30 [INF] Sending HTTP request PUT https://grampower.atlassian.net/rest/api/3/issue/FIT-12
2026-07-30 14:11:38.556 +05:30 [INF] Received HTTP response headers after 1051.6973ms - 204
2026-07-30 14:11:38.557 +05:30 [INF] End processing HTTP request after 1052.809ms - 204
2026-07-30 14:11:38.566 +05:30 [INF] Start processing HTTP request POST https://grampower.atlassian.net/rest/api/3/issue/FIT-12/comment
2026-07-30 14:11:38.567 +05:30 [INF] Sending HTTP request POST https://grampower.atlassian.net/rest/api/3/issue/FIT-12/comment
2026-07-30 14:11:39.512 +05:30 [INF] Received HTTP response headers after 945.3189ms - 201
2026-07-30 14:11:39.513 +05:30 [INF] End processing HTTP request after 946.3746ms - 201
2026-07-30 14:11:39.518 +05:30 [INF] HTTP POST /api/issues/00000000-0000-0000-0000-00000c000000/comments responded 204 in 4098.3329 ms
2026-07-30 14:11:39.554 +05:30 [INF] Start processing HTTP request GET https://grampower.atlassian.net/rest/api/3/issue/FIT-12?*
2026-07-30 14:11:39.554 +05:30 [INF] Sending HTTP request GET https://grampower.atlassian.net/rest/api/3/issue/FIT-12?*
2026-07-30 14:11:39.949 +05:30 [INF] Received HTTP response headers after 394.3382ms - 200
2026-07-30 14:11:39.949 +05:30 [INF] End processing HTTP request after 395.2606ms - 200
2026-07-30 14:11:39.969 +05:30 [INF] Start processing HTTP request GET https://grampower.atlassian.net/rest/api/3/issue/FIT-12/comment
2026-07-30 14:11:39.970 +05:30 [INF] Sending HTTP request GET https://grampower.atlassian.net/rest/api/3/issue/FIT-12/comment
2026-07-30 14:11:40.267 +05:30 [INF] Received HTTP response headers after 297.0672ms - 200
2026-07-30 14:11:40.268 +05:30 [INF] End processing HTTP request after 298.1861ms - 200
2026-07-30 14:11:40.287 +05:30 [INF] HTTP GET /api/issues/00000000-0000-0000-0000-00000c000000 responded 200 in 735.1183 ms
2026-07-30 14:11:48.937 +05:30 [INF] Start processing HTTP request GET https://grampower.atlassian.net/rest/api/3/issue/FIT-12?*
2026-07-30 14:11:48.938 +05:30 [INF] Sending HTTP request GET https://grampower.atlassian.net/rest/api/3/issue/FIT-12?*
2026-07-30 14:11:49.876 +05:30 [INF] Received HTTP response headers after 938.099ms - 200
2026-07-30 14:11:49.876 +05:30 [INF] End processing HTTP request after 938.837ms - 200
2026-07-30 14:11:49.898 +05:30 [INF] Start processing HTTP request GET https://grampower.atlassian.net/rest/api/3/issue/FIT-12/comment
2026-07-30 14:11:49.898 +05:30 [INF] Sending HTTP request GET https://grampower.atlassian.net/rest/api/3/issue/FIT-12/comment
2026-07-30 14:11:50.625 +05:30 [INF] HTTP POST /api/auth/login responded 200 in 17.9071 ms
2026-07-30 14:11:50.663 +05:30 [INF] Received HTTP response headers after 764.4025ms - 200
2026-07-30 14:11:50.663 +05:30 [INF] End processing HTTP request after 764.9537ms - 200
2026-07-30 14:11:50.663 +05:30 [INF] Start processing HTTP request GET https://grampower.atlassian.net/rest/api/3/issue/FIT-12?*
2026-07-30 14:11:50.663 +05:30 [INF] Sending HTTP request GET https://grampower.atlassian.net/rest/api/3/issue/FIT-12?*
2026-07-30 14:11:50.701 +05:30 [INF] Start processing HTTP request GET https://grampower.atlassian.net/rest/api/3/search/jql?*
2026-07-30 14:11:50.701 +05:30 [INF] Sending HTTP request GET https://grampower.atlassian.net/rest/api/3/search/jql?*
2026-07-30 14:11:51.336 +05:30 [INF] Received HTTP response headers after 635.0048ms - 200
2026-07-30 14:11:51.336 +05:30 [INF] End processing HTTP request after 635.3063ms - 200
2026-07-30 14:11:51.442 +05:30 [INF] Received HTTP response headers after 778.9248ms - 200
2026-07-30 14:11:51.442 +05:30 [INF] End processing HTTP request after 779.2434ms - 200
2026-07-30 14:11:51.458 +05:30 [INF] Start processing HTTP request PUT https://grampower.atlassian.net/rest/api/3/issue/FIT-12
2026-07-30 14:11:51.458 +05:30 [INF] Sending HTTP request PUT https://grampower.atlassian.net/rest/api/3/issue/FIT-12
2026-07-30 14:11:51.488 +05:30 [INF] HTTP GET /api/issues responded 200 in 787.8853 ms
2026-07-30 14:11:52.279 +05:30 [INF] Received HTTP response headers after 821.3012ms - 204
2026-07-30 14:11:52.280 +05:30 [INF] End processing HTTP request after 821.5794ms - 204
2026-07-30 14:11:52.280 +05:30 [INF] Start processing HTTP request POST https://grampower.atlassian.net/rest/api/3/issue/FIT-12/comment
2026-07-30 14:11:52.280 +05:30 [INF] Sending HTTP request POST https://grampower.atlassian.net/rest/api/3/issue/FIT-12/comment
2026-07-30 14:11:53.099 +05:30 [INF] Received HTTP response headers after 819.267ms - 201
2026-07-30 14:11:53.099 +05:30 [INF] End processing HTTP request after 819.4952ms - 201
2026-07-30 14:11:53.102 +05:30 [INF] Start processing HTTP request POST https://grampower.atlassian.net/rest/api/3/issue/FIT-12/comment
2026-07-30 14:11:53.102 +05:30 [INF] Sending HTTP request POST https://grampower.atlassian.net/rest/api/3/issue/FIT-12/comment
2026-07-30 14:11:53.950 +05:30 [INF] Received HTTP response headers after 847.4268ms - 201
2026-07-30 14:11:53.950 +05:30 [INF] End processing HTTP request after 847.6913ms - 201
2026-07-30 14:11:53.950 +05:30 [INF] HTTP POST /api/issues/00000000-0000-0000-0000-00000c000000/comments responded 204 in 5016.0385 ms
2026-07-30 14:11:53.962 +05:30 [INF] Start processing HTTP request GET https://grampower.atlassian.net/rest/api/3/issue/FIT-12?*
2026-07-30 14:11:53.962 +05:30 [INF] Sending HTTP request GET https://grampower.atlassian.net/rest/api/3/issue/FIT-12?*
2026-07-30 14:11:54.370 +05:30 [INF] Received HTTP response headers after 407.7251ms - 200
2026-07-30 14:11:54.370 +05:30 [INF] End processing HTTP request after 407.99ms - 200
2026-07-30 14:11:54.402 +05:30 [INF] Start processing HTTP request GET https://grampower.atlassian.net/rest/api/3/issue/FIT-12/comment
2026-07-30 14:11:54.402 +05:30 [INF] Sending HTTP request GET https://grampower.atlassian.net/rest/api/3/issue/FIT-12/comment
2026-07-30 14:11:55.225 +05:30 [INF] Received HTTP response headers after 823.2693ms - 200
2026-07-30 14:11:55.226 +05:30 [INF] End processing HTTP request after 823.6503ms - 200
2026-07-30 14:11:55.226 +05:30 [INF] HTTP GET /api/issues/00000000-0000-0000-0000-00000c000000 responded 200 in 1265.0748 ms
2026-07-30 14:12:08.038 +05:30 [INF] HTTP POST /api/auth/login responded 200 in 0.8784 ms
2026-07-30 14:12:08.096 +05:30 [INF] Start processing HTTP request GET https://grampower.atlassian.net/rest/api/3/search/jql?*
2026-07-30 14:12:08.096 +05:30 [INF] Sending HTTP request GET https://grampower.atlassian.net/rest/api/3/search/jql?*
2026-07-30 14:12:08.736 +05:30 [INF] Received HTTP response headers after 640.2779ms - 200
2026-07-30 14:12:08.736 +05:30 [INF] End processing HTTP request after 640.5851ms - 200
2026-07-30 14:12:08.737 +05:30 [INF] HTTP GET /api/issues responded 200 in 641.7763 ms
2026-07-30 14:12:15.240 +05:30 [INF] Start processing HTTP request GET https://grampower.atlassian.net/rest/api/3/search/jql?*
2026-07-30 14:12:15.241 +05:30 [INF] Sending HTTP request GET https://grampower.atlassian.net/rest/api/3/search/jql?*
2026-07-30 14:12:15.921 +05:30 [INF] Received HTTP response headers after 679.9702ms - 200
2026-07-30 14:12:15.921 +05:30 [INF] End processing HTTP request after 680.6547ms - 200
2026-07-30 14:12:16.100 +05:30 [INF] HTTP GET /api/dashboard responded 200 in 874.6038 ms
2026-07-30 14:12:20.076 +05:30 [INF] Start processing HTTP request GET https://grampower.atlassian.net/rest/api/3/search/jql?*
2026-07-30 14:12:20.077 +05:30 [INF] Sending HTTP request GET https://grampower.atlassian.net/rest/api/3/search/jql?*
2026-07-30 14:12:20.952 +05:30 [INF] Received HTTP response headers after 874.3734ms - 200
2026-07-30 14:12:20.952 +05:30 [INF] End processing HTTP request after 875.7842ms - 200
2026-07-30 14:12:21.237 +05:30 [INF] HTTP GET /api/issues responded 200 in 1162.5339 ms
2026-07-30 14:12:23.152 +05:30 [INF] HTTP POST /api/auth/login responded 200 in 1.4808 ms
2026-07-30 14:12:23.231 +05:30 [INF] Start processing HTTP request GET https://grampower.atlassian.net/rest/api/3/search/jql?*
2026-07-30 14:12:23.231 +05:30 [INF] Sending HTTP request GET https://grampower.atlassian.net/rest/api/3/search/jql?*
2026-07-30 14:12:23.691 +05:30 [INF] Received HTTP response headers after 460.4955ms - 200
2026-07-30 14:12:23.691 +05:30 [INF] End processing HTTP request after 460.8731ms - 200
2026-07-30 14:12:23.728 +05:30 [INF] HTTP GET /api/issues responded 200 in 497.9445 ms
2026-07-30 14:12:59.320 +05:30 [INF] HTTP POST /api/auth/login responded 200 in 0.7235 ms
2026-07-30 14:12:59.383 +05:30 [INF] HTTP GET /api/issues/FIT-12 responded 404 in 0.3450 ms
2026-07-30 14:18:10.343 +05:30 [INF] Application is shutting down...
2026-07-30 14:18:19.503 +05:30 [WRN] The WebRootPath was not found: /Users/lalit.tak/Documents/Workspace/FIT/src/FIT.API/wwwroot. Static files may be unavailable.
2026-07-30 14:18:19.657 +05:30 [INF] Now listening on: http://localhost:5000
2026-07-30 14:18:19.658 +05:30 [INF] Application started. Press Ctrl+C to shut down.
2026-07-30 14:18:19.658 +05:30 [INF] Hosting environment: Production
2026-07-30 14:18:19.658 +05:30 [INF] Content root path: /Users/lalit.tak/Documents/Workspace/FIT/src/FIT.API
2026-07-30 14:18:27.445 +05:30 [INF] HTTP GET /health responded 200 in 23.5474 ms
2026-07-30 14:18:40.401 +05:30 [INF] HTTP POST /api/auth/login responded 200 in 62.7037 ms
2026-07-30 14:18:40.539 +05:30 [INF] Start processing HTTP request GET https://grampower.atlassian.net/rest/api/3/search/jql?*
2026-07-30 14:18:40.540 +05:30 [INF] Sending HTTP request GET https://grampower.atlassian.net/rest/api/3/search/jql?*
2026-07-30 14:18:41.800 +05:30 [INF] Received HTTP response headers after 1258.5132ms - 200
2026-07-30 14:18:41.803 +05:30 [INF] End processing HTTP request after 1265.275ms - 200
2026-07-30 14:18:42.355 +05:30 [INF] HTTP GET /api/issues responded 200 in 1930.0555 ms
2026-07-30 14:19:14.968 +05:30 [INF] Start processing HTTP request GET https://grampower.atlassian.net/rest/api/3/search/jql?*
2026-07-30 14:19:14.969 +05:30 [INF] Sending HTTP request GET https://grampower.atlassian.net/rest/api/3/search/jql?*
2026-07-30 14:19:15.637 +05:30 [INF] Received HTTP response headers after 668.6837ms - 200
2026-07-30 14:19:15.638 +05:30 [INF] End processing HTTP request after 670.6793ms - 200
2026-07-30 14:19:16.180 +05:30 [INF] HTTP GET /api/issues responded 200 in 1223.2379 ms
2026-07-30 14:19:22.900 +05:30 [INF] Start processing HTTP request GET https://grampower.atlassian.net/rest/api/3/priority
2026-07-30 14:19:22.900 +05:30 [INF] Sending HTTP request GET https://grampower.atlassian.net/rest/api/3/priority
2026-07-30 14:19:22.901 +05:30 [INF] Start processing HTTP request GET https://grampower.atlassian.net/rest/api/3/issue/createmeta/FIT/issuetypes/11333
2026-07-30 14:19:22.901 +05:30 [INF] Sending HTTP request GET https://grampower.atlassian.net/rest/api/3/issue/createmeta/FIT/issuetypes/11333
2026-07-30 14:19:22.902 +05:30 [INF] Start processing HTTP request GET https://grampower.atlassian.net/rest/api/3/issue/createmeta/FIT/issuetypes
2026-07-30 14:19:22.902 +05:30 [INF] Sending HTTP request GET https://grampower.atlassian.net/rest/api/3/issue/createmeta/FIT/issuetypes
2026-07-30 14:19:23.153 +05:30 [INF] Received HTTP response headers after 252.4181ms - 200
2026-07-30 14:19:23.153 +05:30 [INF] End processing HTTP request after 253.3577ms - 200
2026-07-30 14:19:23.166 +05:30 [INF] HTTP GET /api/jira/priorities responded 200 in 278.9449 ms
2026-07-30 14:19:23.588 +05:30 [INF] Start processing HTTP request GET https://grampower.atlassian.net/rest/api/3/search/jql?*
2026-07-30 14:19:23.588 +05:30 [INF] Sending HTTP request GET https://grampower.atlassian.net/rest/api/3/search/jql?*
2026-07-30 14:19:23.734 +05:30 [INF] Received HTTP response headers after 832.322ms - 200
2026-07-30 14:19:23.736 +05:30 [INF] End processing HTTP request after 833.8794ms - 200
2026-07-30 14:19:23.737 +05:30 [INF] HTTP GET /api/jira/issue-types responded 200 in 849.5129 ms
2026-07-30 14:19:23.956 +05:30 [INF] Received HTTP response headers after 1055.5283ms - 200
2026-07-30 14:19:23.957 +05:30 [INF] End processing HTTP request after 1056.0462ms - 200
2026-07-30 14:19:23.963 +05:30 [INF] HTTP GET /api/jira/field-options responded 200 in 1075.9530 ms
2026-07-30 14:19:24.048 +05:30 [INF] Received HTTP response headers after 459.1646ms - 200
2026-07-30 14:19:24.048 +05:30 [INF] End processing HTTP request after 459.7584ms - 200
2026-07-30 14:19:24.492 +05:30 [INF] HTTP GET /api/dashboard responded 200 in 912.8821 ms
2026-07-30 14:19:31.388 +05:30 [INF] Start processing HTTP request GET https://grampower.atlassian.net/rest/api/3/issue/FIT-12?*
2026-07-30 14:19:31.389 +05:30 [INF] Sending HTTP request GET https://grampower.atlassian.net/rest/api/3/issue/FIT-12?*
2026-07-30 14:19:31.821 +05:30 [INF] Received HTTP response headers after 432.0455ms - 200
2026-07-30 14:19:31.821 +05:30 [INF] End processing HTTP request after 432.5665ms - 200
2026-07-30 14:19:31.876 +05:30 [INF] Start processing HTTP request GET https://grampower.atlassian.net/rest/api/3/issue/FIT-12/comment
2026-07-30 14:19:31.876 +05:30 [INF] Sending HTTP request GET https://grampower.atlassian.net/rest/api/3/issue/FIT-12/comment
2026-07-30 14:19:32.596 +05:30 [INF] Received HTTP response headers after 719.359ms - 200
2026-07-30 14:19:32.596 +05:30 [INF] End processing HTTP request after 720.311ms - 200
2026-07-30 14:19:32.650 +05:30 [INF] HTTP GET /api/issues/00000000-0000-0000-0000-00000c000000 responded 200 in 1274.7580 ms
2026-07-30 14:19:40.906 +05:30 [INF] Start processing HTTP request GET https://grampower.atlassian.net/rest/api/3/issue/FIT-12?*
2026-07-30 14:19:40.906 +05:30 [INF] Sending HTTP request GET https://grampower.atlassian.net/rest/api/3/issue/FIT-12?*
2026-07-30 14:19:41.287 +05:30 [INF] Received HTTP response headers after 380.993ms - 200
2026-07-30 14:19:41.288 +05:30 [INF] End processing HTTP request after 382.151ms - 200
2026-07-30 14:19:41.326 +05:30 [INF] Start processing HTTP request GET https://grampower.atlassian.net/rest/api/3/issue/FIT-12/comment
2026-07-30 14:19:41.326 +05:30 [INF] Sending HTTP request GET https://grampower.atlassian.net/rest/api/3/issue/FIT-12/comment
2026-07-30 14:19:42.087 +05:30 [INF] Received HTTP response headers after 760.6625ms - 200
2026-07-30 14:19:42.088 +05:30 [INF] End processing HTTP request after 761.5602ms - 200
2026-07-30 14:19:42.095 +05:30 [INF] Start processing HTTP request GET https://grampower.atlassian.net/rest/api/3/issue/FIT-12?*
2026-07-30 14:19:42.095 +05:30 [INF] Sending HTTP request GET https://grampower.atlassian.net/rest/api/3/issue/FIT-12?*
2026-07-30 14:19:42.539 +05:30 [INF] Received HTTP response headers after 443.7627ms - 200
2026-07-30 14:19:42.540 +05:30 [INF] End processing HTTP request after 444.8634ms - 200
2026-07-30 14:19:42.571 +05:30 [INF] Start processing HTTP request PUT https://grampower.atlassian.net/rest/api/3/issue/FIT-12
2026-07-30 14:19:42.571 +05:30 [INF] Sending HTTP request PUT https://grampower.atlassian.net/rest/api/3/issue/FIT-12
2026-07-30 14:19:42.978 +05:30 [INF] Received HTTP response headers after 406.8588ms - 204
2026-07-30 14:19:42.978 +05:30 [INF] End processing HTTP request after 408.1152ms - 204
2026-07-30 14:19:42.988 +05:30 [INF] Start processing HTTP request POST https://grampower.atlassian.net/rest/api/3/issue/FIT-12/comment
2026-07-30 14:19:42.988 +05:30 [INF] Sending HTTP request POST https://grampower.atlassian.net/rest/api/3/issue/FIT-12/comment
2026-07-30 14:19:43.895 +05:30 [INF] Received HTTP response headers after 906.0019ms - 201
2026-07-30 14:19:43.895 +05:30 [INF] End processing HTTP request after 907.0966ms - 201
2026-07-30 14:19:43.899 +05:30 [INF] HTTP POST /api/issues/00000000-0000-0000-0000-00000c000000/comments responded 204 in 3006.5515 ms
2026-07-30 14:19:43.925 +05:30 [INF] Start processing HTTP request GET https://grampower.atlassian.net/rest/api/3/issue/FIT-12?*
2026-07-30 14:19:43.925 +05:30 [INF] Sending HTTP request GET https://grampower.atlassian.net/rest/api/3/issue/FIT-12?*
2026-07-30 14:19:44.402 +05:30 [INF] Received HTTP response headers after 476.1167ms - 200
2026-07-30 14:19:44.402 +05:30 [INF] End processing HTTP request after 477.4088ms - 200
2026-07-30 14:19:44.403 +05:30 [INF] Start processing HTTP request GET https://grampower.atlassian.net/rest/api/3/issue/FIT-12/comment
2026-07-30 14:19:44.403 +05:30 [INF] Sending HTTP request GET https://grampower.atlassian.net/rest/api/3/issue/FIT-12/comment
2026-07-30 14:19:45.165 +05:30 [INF] Received HTTP response headers after 761.9632ms - 200
2026-07-30 14:19:45.166 +05:30 [INF] End processing HTTP request after 762.505ms - 200
2026-07-30 14:19:45.168 +05:30 [INF] HTTP GET /api/issues/00000000-0000-0000-0000-00000c000000 responded 200 in 1245.1491 ms
2026-07-30 14:21:25.919 +05:30 [INF] Start processing HTTP request GET https://grampower.atlassian.net/rest/api/3/issue/FIT-12?*
2026-07-30 14:21:25.919 +05:30 [INF] Sending HTTP request GET https://grampower.atlassian.net/rest/api/3/issue/FIT-12?*
2026-07-30 14:21:29.772 +05:30 [INF] Received HTTP response headers after 3852.8847ms - 200
2026-07-30 14:21:29.773 +05:30 [INF] End processing HTTP request after 3854.0605ms - 200
2026-07-30 14:21:29.800 +05:30 [INF] Start processing HTTP request GET https://grampower.atlassian.net/rest/api/3/issue/FIT-12/comment
2026-07-30 14:21:29.800 +05:30 [INF] Sending HTTP request GET https://grampower.atlassian.net/rest/api/3/issue/FIT-12/comment
2026-07-30 14:21:30.294 +05:30 [INF] Received HTTP response headers after 493.431ms - 200
2026-07-30 14:21:30.295 +05:30 [INF] End processing HTTP request after 494.7517ms - 200
2026-07-30 14:21:30.297 +05:30 [INF] HTTP GET /api/issues/00000000-0000-0000-0000-00000c000000 responded 200 in 4385.3051 ms
2026-07-30 14:22:27.031 +05:30 [INF] Start processing HTTP request GET https://grampower.atlassian.net/rest/api/3/search/jql?*
2026-07-30 14:22:27.033 +05:30 [INF] Sending HTTP request GET https://grampower.atlassian.net/rest/api/3/search/jql?*
2026-07-30 14:22:28.053 +05:30 [INF] Received HTTP response headers after 1016.3337ms - 200
2026-07-30 14:22:28.053 +05:30 [INF] End processing HTTP request after 1021.6957ms - 200
2026-07-30 14:22:28.607 +05:30 [INF] HTTP GET /api/issues responded 200 in 1582.5545 ms
2026-07-30 14:23:28.428 +05:30 [INF] Application is shutting down...
2026-07-30 14:23:36.265 +05:30 [WRN] The WebRootPath was not found: /Users/lalit.tak/Documents/Workspace/FIT/src/FIT.API/wwwroot. Static files may be unavailable.
2026-07-30 14:23:36.412 +05:30 [INF] Now listening on: http://localhost:5000
2026-07-30 14:23:36.413 +05:30 [INF] Application started. Press Ctrl+C to shut down.
2026-07-30 14:23:36.413 +05:30 [INF] Hosting environment: Production
2026-07-30 14:23:36.414 +05:30 [INF] Content root path: /Users/lalit.tak/Documents/Workspace/FIT/src/FIT.API
2026-07-30 14:23:45.546 +05:30 [INF] HTTP GET /health responded 200 in 26.6102 ms
2026-07-30 14:23:55.211 +05:30 [INF] Start processing HTTP request GET https://grampower.atlassian.net/rest/api/3/search/jql?*
2026-07-30 14:23:55.213 +05:30 [INF] Sending HTTP request GET https://grampower.atlassian.net/rest/api/3/search/jql?*
2026-07-30 14:23:55.795 +05:30 [INF] Received HTTP response headers after 580.7642ms - 200
2026-07-30 14:23:55.797 +05:30 [INF] End processing HTTP request after 588.5518ms - 200
2026-07-30 14:23:55.854 +05:30 [INF] HTTP GET /api/issues responded 200 in 1199.1760 ms
2026-07-30 14:23:59.561 +05:30 [INF] Start processing HTTP request GET https://grampower.atlassian.net/rest/api/3/issue/FIT-12?*
2026-07-30 14:23:59.561 +05:30 [INF] Sending HTTP request GET https://grampower.atlassian.net/rest/api/3/issue/FIT-12?*
2026-07-30 14:24:00.053 +05:30 [INF] Received HTTP response headers after 491.8405ms - 200
2026-07-30 14:24:00.054 +05:30 [INF] End processing HTTP request after 492.7156ms - 200
2026-07-30 14:24:00.100 +05:30 [INF] Start processing HTTP request GET https://grampower.atlassian.net/rest/api/3/issue/FIT-12/comment
2026-07-30 14:24:00.101 +05:30 [INF] Sending HTTP request GET https://grampower.atlassian.net/rest/api/3/issue/FIT-12/comment
2026-07-30 14:24:00.418 +05:30 [INF] Received HTTP response headers after 317.5095ms - 200
2026-07-30 14:24:00.419 +05:30 [INF] End processing HTTP request after 318.7825ms - 200
2026-07-30 14:24:00.468 +05:30 [INF] HTTP GET /api/issues/00000000-0000-0000-0000-00000c000000 responded 200 in 925.5308 ms
2026-07-30 14:24:07.504 +05:30 [INF] HTTP POST /api/auth/login responded 200 in 23.5900 ms
2026-07-30 14:24:07.567 +05:30 [INF] Start processing HTTP request GET https://grampower.atlassian.net/rest/api/3/search/jql?*
2026-07-30 14:24:07.567 +05:30 [INF] Sending HTTP request GET https://grampower.atlassian.net/rest/api/3/search/jql?*
2026-07-30 14:24:08.127 +05:30 [INF] Received HTTP response headers after 559.2604ms - 200
2026-07-30 14:24:08.127 +05:30 [INF] End processing HTTP request after 559.7064ms - 200
2026-07-30 14:24:08.128 +05:30 [INF] HTTP GET /api/issues responded 200 in 563.2794 ms
2026-07-30 14:24:19.891 +05:30 [INF] HTTP POST /api/auth/login responded 200 in 1.4560 ms
2026-07-30 14:24:19.954 +05:30 [INF] Start processing HTTP request GET https://grampower.atlassian.net/rest/api/3/issue/FIT-12?*
2026-07-30 14:24:19.954 +05:30 [INF] Sending HTTP request GET https://grampower.atlassian.net/rest/api/3/issue/FIT-12?*
2026-07-30 14:24:20.321 +05:30 [INF] Received HTTP response headers after 366.8296ms - 200
2026-07-30 14:24:20.322 +05:30 [INF] End processing HTTP request after 367.3163ms - 200
2026-07-30 14:24:20.364 +05:30 [INF] Start processing HTTP request GET https://grampower.atlassian.net/rest/api/3/issue/FIT-12/comment
2026-07-30 14:24:20.364 +05:30 [INF] Sending HTTP request GET https://grampower.atlassian.net/rest/api/3/issue/FIT-12/comment
2026-07-30 14:24:20.688 +05:30 [INF] Received HTTP response headers after 323.7729ms - 200
2026-07-30 14:24:20.688 +05:30 [INF] End processing HTTP request after 324.1745ms - 200
2026-07-30 14:24:20.689 +05:30 [INF] HTTP GET /api/issues/00000000-0000-0000-0000-00000c000000 responded 200 in 735.6963 ms
2026-07-30 14:24:37.954 +05:30 [INF] Start processing HTTP request GET https://grampower.atlassian.net/rest/api/3/issue/FIT-12?*
2026-07-30 14:24:37.955 +05:30 [INF] Sending HTTP request GET https://grampower.atlassian.net/rest/api/3/issue/FIT-12?*
2026-07-30 14:24:38.542 +05:30 [INF] Received HTTP response headers after 586.4182ms - 200
2026-07-30 14:24:38.542 +05:30 [INF] End processing HTTP request after 588.5697ms - 200
2026-07-30 14:24:38.545 +05:30 [INF] Start processing HTTP request GET https://grampower.atlassian.net/rest/api/3/issue/FIT-12/comment
2026-07-30 14:24:38.545 +05:30 [INF] Sending HTTP request GET https://grampower.atlassian.net/rest/api/3/issue/FIT-12/comment
2026-07-30 14:24:38.934 +05:30 [INF] Received HTTP response headers after 388.7742ms - 200
2026-07-30 14:24:38.935 +05:30 [INF] End processing HTTP request after 390.3955ms - 200
2026-07-30 14:24:38.938 +05:30 [INF] HTTP GET /api/issues/00000000-0000-0000-0000-00000c000000 responded 200 in 997.1127 ms
2026-07-30 14:24:41.923 +05:30 [INF] Start processing HTTP request GET https://grampower.atlassian.net/rest/api/3/search/jql?*
2026-07-30 14:24:41.923 +05:30 [INF] Sending HTTP request GET https://grampower.atlassian.net/rest/api/3/search/jql?*
2026-07-30 14:24:42.316 +05:30 [INF] Received HTTP response headers after 392.2608ms - 200
2026-07-30 14:24:42.317 +05:30 [INF] End processing HTTP request after 393.5725ms - 200
2026-07-30 14:24:42.353 +05:30 [INF] HTTP GET /api/dashboard responded 200 in 438.4368 ms
2026-07-30 14:24:48.771 +05:30 [INF] Start processing HTTP request GET https://grampower.atlassian.net/rest/api/3/search/jql?*
2026-07-30 14:24:48.772 +05:30 [INF] Sending HTTP request GET https://grampower.atlassian.net/rest/api/3/search/jql?*
2026-07-30 14:24:49.245 +05:30 [INF] Received HTTP response headers after 472.8199ms - 200
2026-07-30 14:24:49.245 +05:30 [INF] End processing HTTP request after 473.944ms - 200
2026-07-30 14:24:49.247 +05:30 [INF] HTTP GET /api/issues responded 200 in 477.6365 ms
2026-07-30 14:25:20.949 +05:30 [INF] Start processing HTTP request GET https://grampower.atlassian.net/rest/api/3/issue/FIT-12?*
2026-07-30 14:25:20.949 +05:30 [INF] Sending HTTP request GET https://grampower.atlassian.net/rest/api/3/issue/FIT-12?*
2026-07-30 14:25:21.768 +05:30 [INF] Received HTTP response headers after 818.6273ms - 200
2026-07-30 14:25:21.769 +05:30 [INF] End processing HTTP request after 820.1615ms - 200
2026-07-30 14:25:21.771 +05:30 [INF] Start processing HTTP request GET https://grampower.atlassian.net/rest/api/3/issue/FIT-12/comment
2026-07-30 14:25:21.771 +05:30 [INF] Sending HTTP request GET https://grampower.atlassian.net/rest/api/3/issue/FIT-12/comment
2026-07-30 14:25:22.438 +05:30 [INF] Received HTTP response headers after 667.085ms - 200
2026-07-30 14:25:22.439 +05:30 [INF] End processing HTTP request after 668.376ms - 200
2026-07-30 14:25:22.442 +05:30 [INF] HTTP GET /api/issues/00000000-0000-0000-0000-00000c000000 responded 200 in 1511.1825 ms
2026-07-30 14:25:55.115 +05:30 [INF] Start processing HTTP request GET https://grampower.atlassian.net/rest/api/3/issue/FIT-12?*
2026-07-30 14:25:55.116 +05:30 [INF] Sending HTTP request GET https://grampower.atlassian.net/rest/api/3/issue/FIT-12?*
2026-07-30 14:25:56.114 +05:30 [INF] Received HTTP response headers after 997.4205ms - 200
2026-07-30 14:25:56.114 +05:30 [INF] End processing HTTP request after 999.2361ms - 200
2026-07-30 14:25:56.200 +05:30 [INF] Start processing HTTP request GET https://grampower.atlassian.net/rest/api/3/issue/FIT-12/comment
2026-07-30 14:25:56.201 +05:30 [INF] Sending HTTP request GET https://grampower.atlassian.net/rest/api/3/issue/FIT-12/comment
2026-07-30 14:25:57.029 +05:30 [INF] Received HTTP response headers after 828.3908ms - 200
2026-07-30 14:25:57.031 +05:30 [INF] End processing HTTP request after 830.3437ms - 200
2026-07-30 14:25:57.035 +05:30 [INF] HTTP GET /api/issues/00000000-0000-0000-0000-00000c000000 responded 200 in 1925.9477 ms
2026-07-30 14:26:08.402 +05:30 [INF] Start processing HTTP request GET https://grampower.atlassian.net/rest/api/3/search/jql?*
2026-07-30 14:26:08.402 +05:30 [INF] Sending HTTP request GET https://grampower.atlassian.net/rest/api/3/search/jql?*
2026-07-30 14:26:08.923 +05:30 [INF] Received HTTP response headers after 520.4197ms - 200
2026-07-30 14:26:08.923 +05:30 [INF] End processing HTTP request after 521.6629ms - 200
2026-07-30 14:26:08.932 +05:30 [INF] HTTP GET /api/issues responded 200 in 531.6669 ms
2026-07-30 14:27:52.441 +05:30 [INF] Start processing HTTP request GET https://grampower.atlassian.net/rest/api/3/search/jql?*
2026-07-30 14:27:52.442 +05:30 [INF] Sending HTTP request GET https://grampower.atlassian.net/rest/api/3/search/jql?*
2026-07-30 14:27:53.170 +05:30 [INF] Received HTTP response headers after 727.6571ms - 200
2026-07-30 14:27:53.175 +05:30 [INF] End processing HTTP request after 733.4545ms - 200
2026-07-30 14:27:53.189 +05:30 [INF] HTTP GET /api/issues responded 200 in 752.6205 ms
2026-07-30 14:27:54.944 +05:30 [INF] Start processing HTTP request GET https://grampower.atlassian.net/rest/api/3/priority
2026-07-30 14:27:54.945 +05:30 [INF] Sending HTTP request GET https://grampower.atlassian.net/rest/api/3/priority
2026-07-30 14:27:54.945 +05:30 [INF] Start processing HTTP request GET https://grampower.atlassian.net/rest/api/3/issue/createmeta/FIT/issuetypes
2026-07-30 14:27:54.945 +05:30 [INF] Sending HTTP request GET https://grampower.atlassian.net/rest/api/3/issue/createmeta/FIT/issuetypes
2026-07-30 14:27:54.946 +05:30 [INF] Start processing HTTP request GET https://grampower.atlassian.net/rest/api/3/issue/createmeta/FIT/issuetypes/11333
2026-07-30 14:27:54.946 +05:30 [INF] Sending HTTP request GET https://grampower.atlassian.net/rest/api/3/issue/createmeta/FIT/issuetypes/11333
2026-07-30 14:27:55.257 +05:30 [INF] Received HTTP response headers after 312.5024ms - 200
2026-07-30 14:27:55.258 +05:30 [INF] End processing HTTP request after 312.88ms - 200
2026-07-30 14:27:55.259 +05:30 [INF] HTTP GET /api/jira/issue-types responded 200 in 326.0540 ms
2026-07-30 14:27:55.646 +05:30 [INF] Received HTTP response headers after 699.7235ms - 200
2026-07-30 14:27:55.646 +05:30 [INF] End processing HTTP request after 700.4254ms - 200
2026-07-30 14:27:55.657 +05:30 [INF] HTTP GET /api/jira/field-options responded 200 in 722.9422 ms
2026-07-30 14:27:55.812 +05:30 [INF] Received HTTP response headers after 867.4501ms - 200
2026-07-30 14:27:55.813 +05:30 [INF] End processing HTTP request after 868.2716ms - 200
2026-07-30 14:27:55.814 +05:30 [INF] HTTP GET /api/jira/priorities responded 200 in 881.0598 ms
2026-07-30 14:28:07.243 +05:30 [INF] Start processing HTTP request GET https://grampower.atlassian.net/rest/api/3/search/jql?*
2026-07-30 14:28:07.244 +05:30 [INF] Sending HTTP request GET https://grampower.atlassian.net/rest/api/3/search/jql?*
2026-07-30 14:28:07.853 +05:30 [INF] Received HTTP response headers after 609.2781ms - 200
2026-07-30 14:28:07.853 +05:30 [INF] End processing HTTP request after 610.0786ms - 200
2026-07-30 14:28:07.867 +05:30 [INF] HTTP GET /api/dashboard responded 200 in 624.8390 ms
2026-07-30 14:28:33.906 +05:30 [INF] Start processing HTTP request GET https://grampower.atlassian.net/rest/api/3/search/jql?*
2026-07-30 14:28:33.906 +05:30 [INF] Sending HTTP request GET https://grampower.atlassian.net/rest/api/3/search/jql?*
2026-07-30 14:28:34.465 +05:30 [INF] Received HTTP response headers after 554.6591ms - 200
2026-07-30 14:28:34.465 +05:30 [INF] End processing HTTP request after 559.3652ms - 200
2026-07-30 14:28:34.491 +05:30 [INF] HTTP GET /api/issues responded 200 in 586.0618 ms
2026-07-30 14:28:36.159 +05:30 [INF] Start processing HTTP request GET https://grampower.atlassian.net/rest/api/3/issue/FIT-12?*
2026-07-30 14:28:36.159 +05:30 [INF] Sending HTTP request GET https://grampower.atlassian.net/rest/api/3/issue/FIT-12?*
2026-07-30 14:28:36.542 +05:30 [INF] Received HTTP response headers after 382.8842ms - 200
2026-07-30 14:28:36.543 +05:30 [INF] End processing HTTP request after 384.2091ms - 200
2026-07-30 14:28:36.580 +05:30 [INF] Start processing HTTP request GET https://grampower.atlassian.net/rest/api/3/issue/FIT-12/comment
2026-07-30 14:28:36.580 +05:30 [INF] Sending HTTP request GET https://grampower.atlassian.net/rest/api/3/issue/FIT-12/comment
2026-07-30 14:28:36.902 +05:30 [INF] Received HTTP response headers after 321.4875ms - 200
2026-07-30 14:28:36.902 +05:30 [INF] End processing HTTP request after 322.3822ms - 200
2026-07-30 14:28:36.903 +05:30 [INF] HTTP GET /api/issues/00000000-0000-0000-0000-00000c000000 responded 200 in 744.8218 ms
2026-07-30 14:29:38.867 +05:30 [INF] Start processing HTTP request GET https://grampower.atlassian.net/rest/api/3/issue/FIT-12?*
2026-07-30 14:29:38.868 +05:30 [INF] Sending HTTP request GET https://grampower.atlassian.net/rest/api/3/issue/FIT-12?*
2026-07-30 14:29:39.509 +05:30 [INF] Received HTTP response headers after 641.2435ms - 200
2026-07-30 14:29:39.510 +05:30 [INF] End processing HTTP request after 642.8174ms - 200
2026-07-30 14:29:39.549 +05:30 [INF] Start processing HTTP request GET https://grampower.atlassian.net/rest/api/3/issue/FIT-12/comment
2026-07-30 14:29:39.549 +05:30 [INF] Sending HTTP request GET https://grampower.atlassian.net/rest/api/3/issue/FIT-12/comment
2026-07-30 14:29:39.979 +05:30 [INF] Received HTTP response headers after 429.8714ms - 200
2026-07-30 14:29:39.979 +05:30 [INF] End processing HTTP request after 430.6632ms - 200
2026-07-30 14:29:39.982 +05:30 [INF] HTTP GET /api/issues/00000000-0000-0000-0000-00000c000000 responded 200 in 1119.1425 ms
2026-07-30 14:32:22.957 +05:30 [INF] Start processing HTTP request GET https://grampower.atlassian.net/rest/api/3/issue/FIT-12?*
2026-07-30 14:32:22.957 +05:30 [INF] Sending HTTP request GET https://grampower.atlassian.net/rest/api/3/issue/FIT-12?*
2026-07-30 14:32:23.596 +05:30 [INF] Received HTTP response headers after 638.3137ms - 200
2026-07-30 14:32:23.596 +05:30 [INF] End processing HTTP request after 640.5197ms - 200
2026-07-30 14:32:23.637 +05:30 [INF] Start processing HTTP request GET https://grampower.atlassian.net/rest/api/3/issue/FIT-12/comment
2026-07-30 14:32:23.637 +05:30 [INF] Sending HTTP request GET https://grampower.atlassian.net/rest/api/3/issue/FIT-12/comment
2026-07-30 14:32:23.961 +05:30 [INF] Received HTTP response headers after 324.1226ms - 200
2026-07-30 14:32:23.962 +05:30 [INF] End processing HTTP request after 324.7645ms - 200
2026-07-30 14:32:23.967 +05:30 [INF] HTTP GET /api/issues/00000000-0000-0000-0000-00000c000000 responded 200 in 1027.4396 ms
2026-07-30 14:32:28.590 +05:30 [INF] Start processing HTTP request GET https://grampower.atlassian.net/rest/api/3/search/jql?*
2026-07-30 14:32:28.590 +05:30 [INF] Sending HTTP request GET https://grampower.atlassian.net/rest/api/3/search/jql?*
2026-07-30 14:32:29.095 +05:30 [INF] Received HTTP response headers after 504.925ms - 200
2026-07-30 14:32:29.095 +05:30 [INF] End processing HTTP request after 505.4456ms - 200
2026-07-30 14:32:29.103 +05:30 [INF] HTTP GET /api/issues responded 200 in 515.0544 ms
2026-07-30 14:33:30.709 +05:30 [INF] Start processing HTTP request GET https://grampower.atlassian.net/rest/api/3/search/jql?*
2026-07-30 14:33:30.709 +05:30 [INF] Sending HTTP request GET https://grampower.atlassian.net/rest/api/3/search/jql?*
2026-07-30 14:33:31.173 +05:30 [INF] Received HTTP response headers after 463.3597ms - 200
2026-07-30 14:33:31.174 +05:30 [INF] End processing HTTP request after 464.9854ms - 200
2026-07-30 14:33:31.176 +05:30 [INF] HTTP GET /api/issues responded 200 in 470.0415 ms
2026-07-30 14:33:36.126 +05:30 [INF] Start processing HTTP request GET https://grampower.atlassian.net/rest/api/3/issue/FIT-12?*
2026-07-30 14:33:36.126 +05:30 [INF] Sending HTTP request GET https://grampower.atlassian.net/rest/api/3/issue/FIT-12?*
2026-07-30 14:33:36.486 +05:30 [INF] Received HTTP response headers after 360.377ms - 200
2026-07-30 14:33:36.487 +05:30 [INF] End processing HTTP request after 360.6956ms - 200
2026-07-30 14:33:36.526 +05:30 [INF] Start processing HTTP request GET https://grampower.atlassian.net/rest/api/3/issue/FIT-12/comment
2026-07-30 14:33:36.527 +05:30 [INF] Sending HTTP request GET https://grampower.atlassian.net/rest/api/3/issue/FIT-12/comment
2026-07-30 14:33:36.935 +05:30 [INF] Received HTTP response headers after 408.2475ms - 200
2026-07-30 14:33:36.935 +05:30 [INF] End processing HTTP request after 408.73ms - 200
2026-07-30 14:33:36.936 +05:30 [INF] HTTP GET /api/issues/00000000-0000-0000-0000-00000c000000 responded 200 in 810.6822 ms
2026-07-30 14:35:12.994 +05:30 [INF] Start processing HTTP request GET https://grampower.atlassian.net/rest/api/3/issue/FIT-12?*
2026-07-30 14:35:12.994 +05:30 [INF] Sending HTTP request GET https://grampower.atlassian.net/rest/api/3/issue/FIT-12?*
2026-07-30 14:35:13.553 +05:30 [INF] Received HTTP response headers after 558.5612ms - 200
2026-07-30 14:35:13.553 +05:30 [INF] End processing HTTP request after 559.8549ms - 200
2026-07-30 14:35:13.588 +05:30 [INF] Start processing HTTP request GET https://grampower.atlassian.net/rest/api/3/issue/FIT-12/comment
2026-07-30 14:35:13.589 +05:30 [INF] Sending HTTP request GET https://grampower.atlassian.net/rest/api/3/issue/FIT-12/comment
2026-07-30 14:35:13.935 +05:30 [INF] Received HTTP response headers after 345.8281ms - 200
2026-07-30 14:35:13.935 +05:30 [INF] End processing HTTP request after 346.8779ms - 200
2026-07-30 14:35:13.939 +05:30 [INF] HTTP GET /api/issues/00000000-0000-0000-0000-00000c000000 responded 200 in 953.5037 ms
2026-07-30 14:36:34.434 +05:30 [INF] Start processing HTTP request GET https://grampower.atlassian.net/rest/api/3/issue/FIT-12?*
2026-07-30 14:36:34.436 +05:30 [INF] Sending HTTP request GET https://grampower.atlassian.net/rest/api/3/issue/FIT-12?*
2026-07-30 14:36:36.066 +05:30 [INF] Received HTTP response headers after 1630.6794ms - 200
2026-07-30 14:36:36.067 +05:30 [INF] End processing HTTP request after 1632.5573ms - 200
2026-07-30 14:36:36.245 +05:30 [INF] Start processing HTTP request GET https://grampower.atlassian.net/rest/api/3/issue/FIT-12/comment
2026-07-30 14:36:36.246 +05:30 [INF] Sending HTTP request GET https://grampower.atlassian.net/rest/api/3/issue/FIT-12/comment
2026-07-30 14:36:36.563 +05:30 [INF] Received HTTP response headers after 317.4965ms - 200
2026-07-30 14:36:36.564 +05:30 [INF] End processing HTTP request after 318.5927ms - 200
2026-07-30 14:36:36.566 +05:30 [INF] HTTP GET /api/issues/00000000-0000-0000-0000-00000c000000 responded 200 in 2132.9263 ms
2026-07-30 14:36:38.264 +05:30 [INF] Start processing HTTP request GET https://grampower.atlassian.net/rest/api/3/issue/FIT-12?*
2026-07-30 14:36:38.264 +05:30 [INF] Sending HTTP request GET https://grampower.atlassian.net/rest/api/3/issue/FIT-12?*
2026-07-30 14:36:39.173 +05:30 [INF] Received HTTP response headers after 908.8174ms - 200
2026-07-30 14:36:39.173 +05:30 [INF] End processing HTTP request after 909.5795ms - 200
2026-07-30 14:36:39.393 +05:30 [INF] Start processing HTTP request GET https://grampower.atlassian.net/rest/api/3/issue/FIT-12/comment
2026-07-30 14:36:39.394 +05:30 [INF] Sending HTTP request GET https://grampower.atlassian.net/rest/api/3/issue/FIT-12/comment
2026-07-30 14:36:40.098 +05:30 [INF] Received HTTP response headers after 702.8941ms - 200
2026-07-30 14:36:40.098 +05:30 [INF] End processing HTTP request after 704.7617ms - 200
2026-07-30 14:36:40.102 +05:30 [INF] HTTP GET /api/issues/00000000-0000-0000-0000-00000c000000 responded 200 in 1839.7294 ms
2026-07-30 14:38:29.815 +05:30 [INF] Start processing HTTP request GET https://grampower.atlassian.net/rest/api/3/issue/FIT-12?*
2026-07-30 14:38:29.815 +05:30 [INF] Sending HTTP request GET https://grampower.atlassian.net/rest/api/3/issue/FIT-12?*
2026-07-30 14:38:30.965 +05:30 [INF] Received HTTP response headers after 1149.4038ms - 200
2026-07-30 14:38:30.965 +05:30 [INF] End processing HTTP request after 1150.9097ms - 200
2026-07-30 14:38:31.096 +05:30 [INF] Start processing HTTP request GET https://grampower.atlassian.net/rest/api/3/issue/FIT-12/comment
2026-07-30 14:38:31.096 +05:30 [INF] Sending HTTP request GET https://grampower.atlassian.net/rest/api/3/issue/FIT-12/comment
2026-07-30 14:38:31.905 +05:30 [INF] Received HTTP response headers after 809.0291ms - 200
2026-07-30 14:38:31.906 +05:30 [INF] End processing HTTP request after 809.9444ms - 200
2026-07-30 14:38:31.908 +05:30 [INF] HTTP GET /api/issues/00000000-0000-0000-0000-00000c000000 responded 200 in 2094.6551 ms
2026-07-30 14:41:39.747 +05:30 [INF] Start processing HTTP request GET https://grampower.atlassian.net/rest/api/3/issue/FIT-12?*
2026-07-30 14:41:39.748 +05:30 [INF] Sending HTTP request GET https://grampower.atlassian.net/rest/api/3/issue/FIT-12?*
2026-07-30 14:41:40.411 +05:30 [INF] Received HTTP response headers after 663.4167ms - 200
2026-07-30 14:41:40.412 +05:30 [INF] End processing HTTP request after 664.915ms - 200
2026-07-30 14:41:40.448 +05:30 [INF] Start processing HTTP request GET https://grampower.atlassian.net/rest/api/3/issue/FIT-12/comment
2026-07-30 14:41:40.448 +05:30 [INF] Sending HTTP request GET https://grampower.atlassian.net/rest/api/3/issue/FIT-12/comment
2026-07-30 14:41:40.852 +05:30 [INF] Received HTTP response headers after 403.9825ms - 200
2026-07-30 14:41:40.853 +05:30 [INF] End processing HTTP request after 405.15ms - 200
2026-07-30 14:41:40.857 +05:30 [INF] HTTP GET /api/issues/00000000-0000-0000-0000-00000c000000 responded 200 in 1152.8787 ms
2026-07-30 14:45:01.844 +05:30 [INF] Start processing HTTP request GET https://grampower.atlassian.net/rest/api/3/issue/FIT-12?*
2026-07-30 14:45:01.844 +05:30 [INF] Sending HTTP request GET https://grampower.atlassian.net/rest/api/3/issue/FIT-12?*
2026-07-30 14:45:02.943 +05:30 [INF] Received HTTP response headers after 1098.477ms - 200
2026-07-30 14:45:02.943 +05:30 [INF] End processing HTTP request after 1099.4714ms - 200
2026-07-30 14:45:03.076 +05:30 [INF] Start processing HTTP request GET https://grampower.atlassian.net/rest/api/3/issue/FIT-12/comment
2026-07-30 14:45:03.076 +05:30 [INF] Sending HTTP request GET https://grampower.atlassian.net/rest/api/3/issue/FIT-12/comment
2026-07-30 14:45:03.819 +05:30 [INF] Received HTTP response headers after 742.4854ms - 200
2026-07-30 14:45:03.819 +05:30 [INF] End processing HTTP request after 743.0818ms - 200
2026-07-30 14:45:03.821 +05:30 [INF] HTTP GET /api/issues/00000000-0000-0000-0000-00000c000000 responded 200 in 1981.4487 ms
2026-07-30 14:45:39.841 +05:30 [INF] Start processing HTTP request GET https://grampower.atlassian.net/rest/api/3/issue/FIT-12?*
2026-07-30 14:45:39.841 +05:30 [INF] Sending HTTP request GET https://grampower.atlassian.net/rest/api/3/issue/FIT-12?*
2026-07-30 14:45:40.490 +05:30 [INF] Received HTTP response headers after 649.1942ms - 200
2026-07-30 14:45:40.491 +05:30 [INF] End processing HTTP request after 650.1805ms - 200
2026-07-30 14:45:40.492 +05:30 [INF] Start processing HTTP request GET https://grampower.atlassian.net/rest/api/3/issue/FIT-12/comment
2026-07-30 14:45:40.493 +05:30 [INF] Sending HTTP request GET https://grampower.atlassian.net/rest/api/3/issue/FIT-12/comment
2026-07-30 14:45:40.879 +05:30 [INF] Received HTTP response headers after 386.8419ms - 200
2026-07-30 14:45:40.880 +05:30 [INF] End processing HTTP request after 387.3838ms - 200
2026-07-30 14:45:40.881 +05:30 [INF] HTTP GET /api/issues/00000000-0000-0000-0000-00000c000000 responded 200 in 1041.5496 ms
2026-07-30 14:46:28.293 +05:30 [INF] Start processing HTTP request GET https://grampower.atlassian.net/rest/api/3/issue/FIT-12?*
2026-07-30 14:46:28.293 +05:30 [INF] Sending HTTP request GET https://grampower.atlassian.net/rest/api/3/issue/FIT-12?*
2026-07-30 14:46:28.792 +05:30 [INF] Received HTTP response headers after 498.1668ms - 200
2026-07-30 14:46:28.792 +05:30 [INF] End processing HTTP request after 498.9394ms - 200
2026-07-30 14:46:28.825 +05:30 [INF] Start processing HTTP request GET https://grampower.atlassian.net/rest/api/3/issue/FIT-12/comment
2026-07-30 14:46:28.825 +05:30 [INF] Sending HTTP request GET https://grampower.atlassian.net/rest/api/3/issue/FIT-12/comment
2026-07-30 14:46:29.221 +05:30 [INF] Received HTTP response headers after 395.5772ms - 200
2026-07-30 14:46:29.221 +05:30 [INF] End processing HTTP request after 396.2605ms - 200
2026-07-30 14:46:29.223 +05:30 [INF] HTTP GET /api/issues/00000000-0000-0000-0000-00000c000000 responded 200 in 931.6753 ms
2026-07-30 14:46:54.638 +05:30 [INF] Start processing HTTP request GET https://grampower.atlassian.net/rest/api/3/issue/FIT-12?*
2026-07-30 14:46:54.638 +05:30 [INF] Sending HTTP request GET https://grampower.atlassian.net/rest/api/3/issue/FIT-12?*
2026-07-30 14:46:55.082 +05:30 [INF] Received HTTP response headers after 443.7142ms - 200
2026-07-30 14:46:55.083 +05:30 [INF] End processing HTTP request after 444.5945ms - 200
2026-07-30 14:46:55.174 +05:30 [INF] Start processing HTTP request GET http2026-07-30 15:10:54.556 +05:30 [INF] HTTP POST /api/auth/login responded 401 in 57.1876 ms
2026-07-30 15:10:54.722 +05:30 [INF] HTTP POST /api/issues/00000000-0000-0000-0000-00000c000000/attachments responded 401 in 4.2869 ms
esponse headers after 377.6846ms - 200
2026-07-30 14:46:55.553 +05:30 [INF] End processing HTTP request after 378.9643ms - 200
2026-07-30 14:46:55.603 +05:30 [INF] Start processing HTTP request PUT https://grampower.atlassian.net/rest/api/3/issue/FIT-12
2026-07-30 14:46:55.603 +05:30 [INF] Sending HTTP request PUT https://grampower.atlassian.net/rest/api/3/issue/FIT-12
2026-07-30 14:46:55.978 +05:30 [INF] Received HTTP response headers after 374.4312ms - 204
2026-07-30 14:46:55.978 +05:30 [INF] End processing HTTP request after 375.4693ms - 204
2026-07-30 14:46:55.984 +05:30 [INF] HTTP POST /api/issues/00000000-0000-0000-0000-00000c000000/attachments responded 204 in 1371.0092 ms
2026-07-30 14:46:56.016 +05:30 [INF] Start processing HTTP request GET https://grampower.atlassian.net/rest/api/3/issue/FIT-12?*
2026-07-30 14:46:56.016 +05:30 [INF] Sending HTTP request GET https://grampower.atlassian.net/rest/api/3/issue/FIT-12?*
2026-07-30 14:46:56.511 +05:30 [INF] Received HTTP response headers after 494.7102ms - 200
2026-07-30 14:46:56.512 +05:30 [INF] End processing HTTP request after 496.1506ms - 200
2026-07-30 14:46:56.534 +05:30 [INF] Start processing HTTP request GET https://grampower.atlassian.net/rest/api/3/issue/FIT-12/comment
2026-07-30 14:46:56.534 +05:30 [INF] Sending HTTP request GET https://grampower.atlassian.net/rest/api/3/issue/FIT-12/comment
2026-07-30 14:46:57.030 +05:30 [INF] Received HTTP response headers after 495.2037ms - 200
2026-07-30 14:46:57.030 +05:30 [INF] End processing HTTP request after 496.0212ms - 200
2026-07-30 14:46:57.031 +05:30 [INF] HTTP GET /api/issues/00000000-0000-0000-0000-00000c000000 responded 200 in 1016.6181 ms
2026-07-30 14:47:02.518 +05:30 [INF] Start processing HTTP request GET https://grampower.atlassian.net/rest/api/3/issue/FIT-12?*
2026-07-30 14:47:02.519 +05:30 [INF] Sending HTTP request GET https://grampower.atlassian.net/rest/api/3/issue/FIT-12?*
2026-07-30 14:47:03.537 +05:30 [INF] Received HTTP response headers after 1018.6036ms - 200
2026-07-30 14:47:03.538 +05:30 [INF] End processing HTTP request after 1019.7368ms - 200
2026-07-30 14:47:03.666 +05:30 [INF] Start processing HTTP request GET https://grampower.atlassian.net/rest/api/3/issue/FIT-12/comment
2026-07-30 14:47:03.666 +05:30 [INF] Sending HTTP request GET https://grampower.atlassian.net/rest/api/3/issue/FIT-12/comment
2026-07-30 14:47:03.988 +05:30 [INF] Received HTTP response headers after 321.1848ms - 200
2026-07-30 14:47:03.989 +05:30 [INF] End processing HTTP request after 323.0844ms - 200
2026-07-30 14:47:03.990 +05:30 [INF] HTTP GET /api/issues/00000000-0000-0000-0000-00000c000000 responded 200 in 1472.5721 ms
2026-07-30 14:49:51.818 +05:30 [INF] Start processing HTTP request GET https://grampower.atlassian.net/rest/api/3/issue/FIT-12?*
2026-07-30 14:49:51.819 +05:30 [INF] Sending HTTP request GET https://grampower.atlassian.net/rest/api/3/issue/FIT-12?*
2026-07-30 14:49:52.741 +05:30 [INF] Received HTTP response headers after 922.5541ms - 200
2026-07-30 14:49:52.742 +05:30 [INF] End processing HTTP request after 923.8734ms - 200
2026-07-30 14:49:52.771 +05:30 [INF] Start processing HTTP request GET https://grampower.atlassian.net/rest/api/3/issue/FIT-12/comment
2026-07-30 14:49:52.771 +05:30 [INF] Sending HTTP request GET https://grampower.atlassian.net/rest/api/3/issue/FIT-12/comment
2026-07-30 14:49:53.110 +05:30 [INF] Received HTTP response headers after 338.7644ms - 200
2026-07-30 14:49:53.110 +05:30 [INF] End processing HTTP request after 339.7522ms - 200
2026-07-30 14:49:53.113 +05:30 [INF] HTTP GET /api/issues/00000000-0000-0000-0000-00000c000000 responded 200 in 1299.2879 ms
2026-07-30 14:55:14.299 +05:30 [INF] Start processing HTTP request GET https://grampower.atlassian.net/rest/api/3/issue/FIT-12?*
2026-07-30 14:55:14.302 +05:30 [INF] Sending HTTP request GET https://grampower.atlassian.net/rest/api/3/issue/FIT-12?*
2026-07-30 14:55:15.612 +05:30 [INF] Received HTTP response headers after 1309.763ms - 200
2026-07-30 14:55:15.612 +05:30 [INF] End processing HTTP request after 1313.4829ms - 200
2026-07-30 14:55:15.635 +05:30 [INF] Start processing HTTP request GET https://grampower.atlassian.net/rest/api/3/issue/FIT-12/comment
2026-07-30 14:55:15.636 +05:30 [INF] Sending HTTP request GET https://grampower.atlassian.net/rest/api/3/issue/FIT-12/comment
2026-07-30 14:55:15.967 +05:30 [INF] Received HTTP response headers after 331.2532ms - 200
2026-07-30 14:55:15.969 +05:30 [INF] End processing HTTP request after 332.39ms - 200
2026-07-30 14:55:15.975 +05:30 [INF] HTTP GET /api/issues/00000000-0000-0000-0000-00000c000000 responded 200 in 1680.7863 ms
2026-07-30 15:03:25.038 +05:30 [INF] Start processing HTTP request GET https://grampower.atlassian.net/rest/api/3/issue/FIT-12?*
2026-07-30 15:03:25.039 +05:30 [INF] Sending HTTP request GET https://grampower.atlassian.net/rest/api/3/issue/FIT-12?*
2026-07-30 15:03:26.094 +05:30 [INF] Received HTTP response headers after 1054.7577ms - 200
2026-07-30 15:03:26.095 +05:30 [INF] End processing HTTP request after 1056.8535ms - 200
2026-07-30 15:03:26.281 +05:30 [INF] Start processing HTTP request GET https://grampower.atlassian.net/rest/api/3/issue/FIT-12/comment
2026-07-30 15:03:26.281 +05:30 [INF] Sending HTTP request GET https://grampower.atlassian.net/rest/api/3/issue/FIT-12/comment
2026-07-30 15:03:26.622 +05:30 [INF] Received HTTP response headers after 340.537ms - 200
2026-07-30 15:03:26.622 +05:30 [INF] End processing HTTP request after 341.1276ms - 200
2026-07-30 15:03:26.623 +05:30 [INF] HTTP GET /api/issues/00000000-0000-0000-0000-00000c000000 responded 200 in 1595.3013 ms
2026-07-30 15:03:40.143 +05:30 [INF] Start processing HTTP request GET https://grampower.atlassian.net/rest/api/3/issue/FIT-12?*
2026-07-30 15:03:40.143 +05:30 [INF] Sending HTTP request GET https://grampower.atlassian.net/rest/api/3/issue/FIT-12?*
2026-07-30 15:03:40.526 +05:30 [INF] Received HTTP response headers after 382.5982ms - 200
2026-07-30 15:03:40.527 +05:30 [INF] End processing HTTP request after 383.817ms - 200
2026-07-30 15:03:40.551 +05:30 [INF] Start processing HTTP request GET https://grampower.atlassian.net/rest/api/3/issue/FIT-12?*
2026-07-30 15:03:40.552 +05:30 [INF] Sending HTTP request GET https://grampower.atlassian.net/rest/api/3/issue/FIT-12?*
2026-07-30 15:03:40.912 +05:30 [INF] Received HTTP response headers after 360.4874ms - 200
2026-07-30 15:03:40.912 +05:30 [INF] End processing HTTP request after 361.0488ms - 200
2026-07-30 15:03:40.951 +05:30 [INF] Start processing HTTP request PUT https://grampower.atlassian.net/rest/api/3/issue/FIT-12
2026-07-30 15:03:40.951 +05:30 [INF] Sending HTTP request PUT https://grampower.atlassian.net/rest/api/3/issue/FIT-12
2026-07-30 15:03:41.876 +05:30 [INF] Received HTTP response headers after 924.2226ms - 204
2026-07-30 15:03:41.876 +05:30 [INF] End processing HTTP request after 925.2395ms - 204
2026-07-30 15:03:41.877 +05:30 [INF] HTTP POST /api/issues/00000000-0000-0000-0000-00000c000000/attachments responded 204 in 1742.3052 ms
2026-07-30 15:03:41.902 +05:30 [INF] Start processing HTTP request GET https://grampower.atlassian.net/rest/api/3/issue/FIT-12?*
2026-07-30 15:03:41.903 +05:30 [INF] Sending HTTP request GET https://grampower.atlassian.net/rest/api/3/issue/FIT-12?*
2026-07-30 15:03:42.709 +05:30 [INF] Received HTTP response headers after 806.6906ms - 200
2026-07-30 15:03:42.710 +05:30 [INF] End processing HTTP request after 807.6009ms - 200
2026-07-30 15:03:42.874 +05:30 [INF] Start processing HTTP request GET https://grampower.atlassian.net/rest/api/3/issue/FIT-12/comment
2026-07-30 15:03:42.874 +05:30 [INF] Sending HTTP request GET https://grampower.atlassian.net/rest/api/3/issue/FIT-12/comment
2026-07-30 15:03:43.617 +05:30 [INF] Received HTTP response headers after 742.8035ms - 200
2026-07-30 15:03:43.617 +05:30 [INF] End processing HTTP request after 743.3977ms - 200
2026-07-30 15:03:43.617 +05:30 [INF] HTTP GET /api/issues/00000000-0000-0000-0000-00000c000000 responded 200 in 1716.3535 ms
2026-07-30 15:06:41.559 +05:30 [INF] Start processing HTTP request GET https://grampower.atlassian.net/rest/api/3/issue/FIT-12?*
2026-07-30 15:06:41.561 +05:30 [INF] Sending HTTP request GET https://grampower.atlassian.net/rest/api/3/issue/FIT-12?*
2026-07-30 15:06:42.185 +05:30 [INF] Received HTTP response headers after 624.5411ms - 200
2026-07-30 15:06:42.186 +05:30 [INF] End processing HTTP request after 627.2042ms - 200
2026-07-30 15:06:42.228 +05:30 [INF] Start processing HTTP request GET https://grampower.atlassian.net/rest/api/3/issue/FIT-12?*
2026-07-30 15:06:42.228 +05:30 [INF] Sending HTTP request GET https://grampower.atlassian.net/rest/api/3/issue/FIT-12?*
2026-07-30 15:06:42.594 +05:30 [INF] Received HTTP response headers after 365.381ms - 200
2026-07-30 15:06:42.594 +05:30 [INF] End processing HTTP request after 366.1666ms - 200
2026-07-30 15:06:42.706 +05:30 [INF] Start processing HTTP request PUT https://grampower.atlassian.net/rest/api/3/issue/FIT-12
2026-07-30 15:06:42.707 +05:30 [INF] Sending HTTP request PUT https://grampower.atlassian.net/rest/api/3/issue/FIT-12
2026-07-30 15:06:43.598 +05:30 [INF] Received HTTP response headers after 890.946ms - 204
2026-07-30 15:06:43.598 +05:30 [INF] End processing HTTP request after 892.2457ms - 204
2026-07-30 15:06:43.599 +05:30 [INF] HTTP POST /api/issues/00000000-0000-0000-0000-00000c000000/attachments responded 204 in 2050.8708 ms
2026-07-30 15:06:43.624 +05:30 [INF] Start processing HTTP request GET https://grampower.atlassian.net/rest/api/3/issue/FIT-12?*
2026-07-30 15:06:43.624 +05:30 [INF] Sending HTTP request GET https://grampower.atlassian.net/rest/api/3/issue/FIT-12?*
2026-07-30 15:06:44.514 +05:30 [INF] Received HTTP response headers after 889.9424ms - 200
2026-07-30 15:06:44.515 +05:30 [INF] End processing HTTP request after 891.3375ms - 200
2026-07-30 15:06:44.631 +05:30 [INF] Start processing HTTP request GET https://grampower.atlassian.net/rest/api/3/issue/FIT-12/comment
2026-07-30 15:06:44.631 +05:30 [INF] Sending HTTP request GET https://grampower.atlassian.net/rest/api/3/issue/FIT-12/comment
2026-07-30 15:06:45.046 +05:30 [INF] Received HTTP response headers after 414.6083ms - 200
2026-07-30 15:06:45.046 +05:30 [INF] End processing HTTP request after 415.3247ms - 200
2026-07-30 15:06:45.048 +05:30 [INF] HTTP GET /api/issues/00000000-0000-0000-0000-00000c000000 responded 200 in 1426.2375 ms
2026-07-30 15:07:53.986 +05:30 [INF] Start processing HTTP request GET https://grampower.atlassian.net/rest/api/3/issue/FIT-12?*
2026-07-30 15:07:53.987 +05:30 [INF] Sending HTTP request GET https://grampower.atlassian.net/rest/api/3/issue/FIT-12?*
2026-07-30 15:07:55.582 +05:30 [INF] Received HTTP response headers after 1595.6069ms - 200
2026-07-30 15:07:55.582 +05:30 [INF] End processing HTTP request after 1596.4198ms - 200
2026-07-30 15:07:55.589 +05:30 [INF] Start processing HTTP request GET https://grampower.atlassian.net/rest/api/3/issue/FIT-12/comment
2026-07-30 15:07:55.589 +05:30 [INF] Sending HTTP request GET https://grampower.atlassian.net/rest/api/3/issue/FIT-12/comment
2026-07-30 15:07:55.929 +05:30 [INF] Received HTTP response headers after 339.3371ms - 200
2026-07-30 15:07:55.929 +05:30 [INF] End processing HTTP request after 339.5533ms - 200
2026-07-30 15:07:55.929 +05:30 [INF] HTTP GET /api/issues/00000000-0000-0000-0000-00000c000000 responded 200 in 1943.6833 ms
2026-07-30 15:08:16.073 +05:30 [INF] Start processing HTTP request GET https://grampower.atlassian.net/rest/api/3/issue/FIT-12?*
2026-07-30 15:08:16.074 +05:30 [INF] Sending HTTP request GET https://grampower.atlassian.net/rest/api/3/issue/FIT-12?*
2026-07-30 15:08:16.552 +05:30 [INF] Received HTTP response headers after 477.3909ms - 200
2026-07-30 15:08:16.552 +05:30 [INF] End processing HTTP request after 478.6695ms - 200
2026-07-30 15:08:16.558 +05:30 [INF] Start processing HTTP request GET https://grampower.atlassian.net/rest/api/3/issue/FIT-12/comment
2026-07-30 15:08:16.558 +05:30 [INF] Sending HTTP request GET https://grampower.atlassian.net/rest/api/3/issue/FIT-12/comment
2026-07-30 15:08:16.881 +05:30 [INF] Received HTTP response headers after 323.0454ms - 200
2026-07-30 15:08:16.882 +05:30 [INF] End processing HTTP request after 323.6893ms - 200
2026-07-30 15:08:16.883 +05:30 [INF] HTTP GET /api/issues/00000000-0000-0000-0000-00000c000000 responded 200 in 811.6829 ms
2026-07-30 15:08:22.665 +05:30 [INF] Start processing HTTP request GET https://grampower.atlassian.net/rest/api/3/issue/FIT-12?*
2026-07-30 15:08:22.665 +05:30 [INF] Sending HTTP request GET https://grampower.atlassian.net/rest/api/3/issue/FIT-12?*
2026-07-30 15:08:23.053 +05:30 [INF] Received HTTP response headers after 388.2461ms - 200
2026-07-30 15:08:23.053 +05:30 [INF] End processing HTTP request after 388.8104ms - 200
2026-07-30 15:08:23.093 +05:30 [INF] Start processing HTTP request GET https://grampower.atlassian.net/rest/api/3/issue/FIT-12?*
2026-07-30 15:08:23.093 +05:30 [INF] Sending HTTP request GET https://grampower.atlassian.net/rest/api/3/issue/FIT-12?*
2026-07-30 15:08:23.457 +05:30 [INF] Received HTTP response headers after 363.7765ms - 200
2026-07-30 15:08:23.458 +05:30 [INF] End processing HTTP request after 365.167ms - 200
2026-07-30 15:08:23.491 +05:30 [INF] Start processing HTTP request PUT https://grampower.atlassian.net/rest/api/3/issue/FIT-12
2026-07-30 15:08:23.492 +05:30 [INF] Sending HTTP request PUT https://grampower.atlassian.net/rest/api/3/issue/FIT-12
2026-07-30 15:08:24.283 +05:30 [INF] Received HTTP response headers after 791.6317ms - 204
2026-07-30 15:08:24.284 +05:30 [INF] End processing HTTP request after 792.9577ms - 204
2026-07-30 15:08:24.284 +05:30 [INF] HTTP POST /api/issues/00000000-0000-0000-0000-00000c000000/attachments responded 204 in 1621.8449 ms
2026-07-30 15:08:25.800 +05:30 [INF] Start processing HTTP request GET https://grampower.atlassian.net/rest/api/3/issue/FIT-12?*
2026-07-30 15:08:25.800 +05:30 [INF] Sending HTTP request GET https://grampower.atlassian.net/rest/api/3/issue/FIT-12?*
2026-07-30 15:08:26.198 +05:30 [INF] Received HTTP response headers after 397.8126ms - 200
2026-07-30 15:08:26.198 +05:30 [INF] End processing HTTP request after 398.4945ms - 200
2026-07-30 15:08:26.238 +05:30 [INF] Start processing HTTP request GET https://grampower.atlassian.net/rest/api/3/issue/FIT-12/comment
2026-07-30 15:08:26.238 +05:30 [INF] Sending HTTP request GET https://grampower.atlassian.net/rest/api/3/issue/FIT-12/comment
2026-07-30 15:08:26.628 +05:30 [INF] Received HTTP response headers after 390.0127ms - 200
2026-07-30 15:08:26.629 +05:30 [INF] End processing HTTP request after 390.899ms - 200
2026-07-30 15:08:26.630 +05:30 [INF] HTTP GET /api/issues/00000000-0000-0000-0000-00000c000000 responded 200 in 830.4950 ms
2026-07-30 15:09:43.198 +05:30 [INF] Start processing HTTP request GET https://grampower.atlassian.net/rest/api/3/issue/FIT-12?*
2026-07-30 15:09:43.199 +05:30 [INF] Sending HTTP request GET https://grampower.atlassian.net/rest/api/3/issue/FIT-12?*
2026-07-30 15:09:44.144 +05:30 [INF] Received HTTP response headers after 945.0091ms - 200
2026-07-30 15:09:44.145 +05:30 [INF] End processing HTTP request after 946.4894ms - 200
2026-07-30 15:09:44.275 +05:30 [INF] Start processing HTTP request GET https://grampower.atlassian.net/rest/api/3/issue/FIT-12/comment
2026-07-30 15:09:44.275 +05:30 [INF] Sending HTTP request GET https://grampower.atlassian.net/rest/api/3/issue/FIT-12/comment
2026-07-30 15:09:45.017 +05:30 [INF] Received HTTP response headers after 742.2006ms - 200
2026-07-30 15:09:45.018 +05:30 [INF] End processing HTTP request after 743.0794ms - 200
2026-07-30 15:09:45.020 +05:30 [INF] HTTP GET /api/issues/00000000-0000-0000-0000-00000c000000 responded 200 in 1826.5381 ms
2026-07-30 15:13:01.984 +05:30 [INF] Start processing HTTP request GET https://grampower.atlassian.net/rest/api/3/issue/FIT-12?*
2026-07-30 15:13:01.985 +05:30 [INF] Sending HTTP request GET https://grampower.atlassian.net/rest/api/3/issue/FIT-12?*
2026-07-30 15:13:03.050 +05:30 [INF] Received HTTP response headers after 1065.7791ms - 200
2026-07-30 15:13:03.051 +05:30 [INF] End processing HTTP request after 1066.9155ms - 200
2026-07-30 15:13:03.162 +05:30 [INF] Start processing HTTP request GET ht2026-07-30 15:34:00.114 +05:30 [INF] Start processing HTTP request GET https://grampower.atlassian.net/rest/api/3/issue/FIT-12?*
2026-07-30 15:34:00.116 +05:30 [INF] Sending HTTP request GET https://grampower.atlassian.net/rest/api/3/issue/FIT-12?*
2026-07-30 15:34:00.669 +05:30 [INF] Received HTTP response headers after 546.2998ms - 200
2026-07-30 15:34:00.678 +05:30 [INF] End processing HTTP request after 565.9468ms - 200
2026-07-30 15:34:00.694 +05:30 [INF] Start processing HTTP request GET https://grampower.atlassian.net/rest/api/3/issue/FIT-12?*
2026-07-30 15:34:00.694 +05:30 [INF] Sending HTTP request GET https://grampower.atlassian.net/rest/api/3/issue/FIT-12?*
2026-07-30 15:34:00.992 +05:30 [INF] Received HTTP response headers after 297.6091ms - 200
2026-07-30 15:34:00.992 +05:30 [INF] End processing HTTP request after 298.2105ms - 200
2026-07-30 15:34:00.994 +05:30 [INF] Start processing HTTP request GET https://grampower.atlassian.net/rest/api/3/issue/FIT-12/comment
2026-07-30 15:34:00.994 +05:30 [INF] Sending HTTP request GET https://grampower.atlassian.net/rest/api/3/issue/FIT-12/comment
2026-07-30 15:34:01.302 +05:30 [INF] Received HTTP response headers after 307.2954ms - 200
2026-07-30 15:34:01.302 +05:30 [INF] End processing HTTP request after 307.8457ms - 200
2026-07-30 15:34:01.381 +05:30 [INF] HTTP GET /api/issues/00000000-0000-0000-0000-00000c000000 responded 200 in 1476.5978 ms
2026-07-30 15:35:45.744 +05:30 [INF] Start processing HTTP request GET https://grampower.atlassian.net/rest/api/3/issue/FIT-12?*
2026-07-30 15:35:45.745 +05:30 [INF] Sending HTTP request GET https://grampower.atlassian.net/rest/api/3/issue/FIT-12?*
2026-07-30 15:35:46.440 +05:30 [INF] Received HTTP response headers after 694.6034ms - 200
2026-07-30 15:35:46.441 +05:30 [INF] End processing HTTP request after 696.6622ms - 200
2026-07-30 15:35:46.490 +05:30 [INF] Start processing HTTP request GET https://grampower.atlassian.net/rest/api/3/issue/FIT-12?*
2026-07-30 15:35:46.490 +05:30 [INF] Sending HTTP request GET https://grampower.atlassian.net/rest/api/3/issue/FIT-12?*
2026-07-30 15:35:46.776 +05:30 [INF] Received HTTP response headers after 285.3536ms - 200
2026-07-30 15:35:46.776 +05:30 [INF] End processing HTTP request after 286.4077ms - 200
2026-07-30 15:35:46.777 +05:30 [INF] Start processing HTTP request GET https://grampower.atlassian.net/rest/api/3/issue/FIT-12/comment
2026-07-30 15:35:46.777 +05:30 [INF] Sending HTTP request GET https://grampower.atlassian.net/rest/api/3/issue/FIT-12/comment
2026-07-30 15:35:47.557 +05:30 [INF] Received HTTP response headers after 780.3237ms - 200
2026-07-30 15:35:47.558 +05:30 [INF] End processing HTTP request after 781.0652ms - 200
2026-07-30 15:35:47.563 +05:30 [INF] HTTP GET /api/issues/00000000-0000-0000-0000-00000c000000 responded 200 in 1824.8321 ms
2026-07-30 15:35:59.085 +05:30 [INF] HTTP POST /api/issues/00000000-0000-0000-0000-00000c000000/attachments responded 415 in 3.3269 ms
2026-07-30 15:36:09.320 +05:30 [INF] Start processing HTTP request GET https://grampower.atlassian.net/rest/api/3/issue/FIT-12?*
2026-07-30 15:36:09.321 +05:30 [INF] Sending HTTP request GET https://grampower.atlassian.net/rest/api/3/issue/FIT-12?*
2026-07-30 15:36:10.409 +05:30 [INF] Received HTTP response headers after 1088.2651ms - 200
2026-07-30 15:36:10.410 +05:30 [INF] End processing HTTP request after 1090.1622ms - 200
2026-07-30 15:36:10.509 +05:30 [INF] Start processing HTTP request GET https://grampower.atlassian.net/rest/api/3/issue/FIT-12?*
2026-07-30 15:36:10.509 +05:30 [INF] Sending HTTP request GET https://grampower.atlassian.net/rest/api/3/issue/FIT-12?*
2026-07-30 15:36:11.231 +05:30 [INF] Received HTTP response headers after 721.8494ms - 200
2026-07-30 15:36:11.232 +05:30 [INF] End processing HTTP request after 723.3702ms - 200
2026-07-30 15:36:11.234 +05:30 [INF] Start processing HTTP request GET https://grampower.atlassian.net/rest/api/3/issue/FIT-12/comment
2026-07-30 15:36:11.234 +05:30 [INF] Sending HTTP request GET https://grampower.atlassian.net/rest/api/3/issue/FIT-12/comment
2026-07-30 15:36:11.582 +05:30 [INF] Received HTTP response headers after 347.3093ms - 200
2026-07-30 15:36:11.582 +05:30 [INF] End processing HTTP request after 348.4589ms - 200
2026-07-30 15:36:11.584 +05:30 [INF] HTTP GET /api/issues/00000000-0000-0000-0000-00000c000000 responded 200 in 2270.8877 ms
2026-07-30 15:36:31.689 +05:30 [INF] HTTP POST /api/issues/00000000-0000-0000-0000-00000c000000/attachments responded 415 in 1.1748 ms
2026-07-30 15:36:42.494 +05:30 [INF] HTTP POST /api/issues/00000000-0000-0000-0000-00000c000000/attachments responded 415 in 0.3863 ms
2026-07-30 15:36:55.878 +05:30 [INF] HTTP POST /api/issues/00000000-0000-0000-0000-00000c000000/attachments responded 415 in 0.5678 ms
olean async, Boolean doRequestAuth, CancellationToken cancellationToken)
   at System.Net.Http.DiagnosticsHandler.SendAsyncCore(HttpRequestMessage request, Boolean async, CancellationToken cancellationToken)
   at System.Net.Http.RedirectHandler.SendAsync(HttpRequestMessage request, Boolean async, CancellationToken cancellationToken)
   at Microsoft.Extensions.Http.Logging.LoggingHttpMessageHandler.<SendCoreAsync>g__Core|4_0(HttpRequestMessage request, Boolean useAsync, CancellationToken cancellationToken)
   at Microsoft.Extensions.Http.Logging.LoggingScopeHttpMessageHandler.<SendCoreAsync>g__Core|4_0(HttpRequestMessage request, Boolean useAsync, CancellationToken cancellationToken)
   at System.Net.Http.HttpClient.<SendAsync>g__Core|83_0(HttpRequestMessage request, HttpCompletionOption completionOption, CancellationTokenSource cts, Boolean disposeCts, CancellationTokenSource pendingRequestsCts, CancellationToken originalCancellationToken)
   --- End of inner exception stack trace ---
   --- End of inner exception stack trace ---
   at System.Net.Http.HttpClient.HandleFailure(Exception e, Boolean telemetryStarted, HttpResponseMessage response, CancellationTokenSource cts, CancellationToken cancellationToken, CancellationTokenSource pendingRequestsCts)
   at System.Net.Http.HttpClient.<SendAsync>g__Core|83_0(HttpRequestMessage request, HttpCompletionOption completionOption, CancellationTokenSource cts, Boolean disposeCts, CancellationTokenSource pendingRequestsCts, CancellationToken originalCancellationToken)
   at FIT.Infrastructure.Services.JiraService.GetIssueAsync(String jiraKey, CancellationToken cancellationToken)
2026-07-30 15:33:40.066 +05:30 [ERR] HTTP GET /api/issues/00000000-0000-0000-0000-00000c000000 responded 500 in 30045.0693 ms
FIT.Application.Common.NotFoundException: FieldIssue with id '00000000-0000-0000-0000-00000c000000' was not found.
   at FIT.Application.Features.Issues.Queries.GetIssueQueryHandler.Handle(GetIssueQuery request, CancellationToken cancellationToken)
   at FIT.API.Controllers.IssuesController.GetById(Guid id, CancellationToken ct)
   at Microsoft.AspNetCore.Mvc.Infrastructure.ActionMethodExecutor.TaskOfIActionResultExecutor.Execute(ActionContext actionContext, IActionResultTypeMapper mapper, ObjectMethodExecutor executor, Object controller, Object[] arguments)
   at Microsoft.AspNetCore.Mvc.Infrastructure.ControllerActionInvoker.<InvokeActionMethodAsync>g__Awaited|12_0(ControllerActionInvoker invoker, ValueTask`1 actionResultValueTask)
   at Microsoft.AspNetCore.Mvc.Infrastructure.ControllerActionInvoker.<InvokeNextActionFilterAsync>g__Awaited|10_0(ControllerActionInvoker invoker, Task lastTask, State next, Scope scope, Object state, Boolean isCompleted)
   at Microsoft.AspNetCore.Mvc.Infrastructure.ControllerActionInvoker.Rethrow(ActionExecutedContextSealed context)
   at Microsoft.AspNetCore.Mvc.Infrastructure.ControllerActionInvoker.Next(State& next, Scope& scope, Object& state, Boolean& isCompleted)
   at Microsoft.AspNetCore.Mvc.Infrastructure.ControllerActionInvoker.<InvokeInnerFilterAsync>g__Awaited|13_0(ControllerActionInvoker invoker, Task lastTask, State next, Scope scope, Object state, Boolean isCompleted)
   at Microsoft.AspNetCore.Mvc.Infrastructure.ResourceInvoker.<InvokeFilterPipelineAsync>g__Awaited|20_0(ResourceInvoker invoker, Task lastTask, State next, Scope scope, Object state, Boolean isCompleted)
   at Microsoft.AspNetCore.Mvc.Infrastructure.ResourceInvoker.<InvokeAsync>g__Awaited|17_0(ResourceInvoker invoker, Task task, IDisposable scope)
   at Microsoft.AspNetCore.Mvc.Infrastructure.ResourceInvoker.<InvokeAsync>g__Awaited|17_0(ResourceInvoker invoker, Task task, IDisposable scope)
   at Microsoft.AspNetCore.Authorization.AuthorizationMiddleware.Invoke(HttpContext context)
   at Microsoft.AspNetCore.Authentication.AuthenticationMiddleware.Invoke(HttpContext context)
   at Serilog.AspNetCore.RequestLoggingMiddleware.Invoke(HttpContext httpContext)
2026-07-30 15:33:40.087 +05:30 [ERR] An unhandled exception has occurred while executing the request.
FIT.Application.Common.NotFoundException: FieldIssue with id '00000000-0000-0000-0000-00000c000000' was not found.
   at FIT.Application.Features.Issues.Queries.GetIssueQueryHandler.Handle(GetIssueQuery request, CancellationToken cancellationToken)
   at FIT.API.Controllers.IssuesController.GetById(Guid id, CancellationToken ct)
   at Microsoft.AspNetCore.Mvc.Infrastructure.ActionMethodExecutor.TaskOfIActionResultExecutor.Execute(ActionContext actionContext, IActionResultTypeMapper mapper, ObjectMethodExecutor executor, Object controller, Object[] arguments)
   at Microsoft.AspNetCore.Mvc.Infrastructure.ControllerActionInvoker.<InvokeActionMethodAsync>g__Awaited|12_0(ControllerActionInvoker invoker, ValueTask`1 actionResultValueTask)
   at Microsoft.AspNetCore.Mvc.Infrastructure.ControllerActionInvoker.<InvokeNextActionFilterAsync>g__Awaited|10_0(ControllerActionInvoker invoker, Task lastTask, State next, Scope scope, Object state, Boolean isCompleted)
   at Microsoft.AspNetCore.Mvc.Infrastructure.ControllerActionInvoker.Rethrow(ActionExecutedContextSealed context)
   at Microsoft.AspNetCore.Mvc.Infrastructure.ControllerActionInvoker.Next(State& next, Scope& scope, Object& state, Boolean& isCompleted)
   at Microsoft.AspNetCore.Mvc.Infrastructure.ControllerActionInvoker.<InvokeInnerFilterAsync>g__Awaited|13_0(ControllerActionInvoker invoker, Task lastTask, State next, Scope scope, Object state, Boolean isCompleted)
   at Microsoft.AspNetCore.Mvc.Infrastructure.ResourceInvoker.<InvokeFilterPipelineAsync>g__Awaited|20_0(ResourceInvoker invoker, Task lastTask, State next, Scope scope, Object state, Boolean isCompleted)
   at Microsoft.AspNetCore.Mvc.Infrastructure.ResourceInvoker.<InvokeAsync>g__Awaited|17_0(ResourceInvoker invoker, Task task, IDisposable scope)
   at Microsoft.AspNetCore.Mvc.Infrastructure.ResourceInvoker.<InvokeAsync>g__Awaited|17_0(ResourceInvoker invoker, Task task, IDisposable scope)
   at Microsoft.AspNetCore.Authorization.AuthorizationMiddleware.Invoke(HttpContext context)
   at Microsoft.AspNetCore.Authentication.AuthenticationMiddleware.Invoke(HttpContext context)
   at Serilog.AspNetCore.RequestLoggingMiddleware.Invoke(HttpContext httpContext)
   at Microsoft.AspNetCore.Diagnostics.ExceptionHandlerMiddlewareImpl.<Invoke>g__Awaited|10_0(ExceptionHandlerMiddlewareImpl middleware, HttpContext context, Task task)
2026-07-30 15:33:40.089 +05:30 [ERR] Unhandled exception
FIT.Application.Common.NotFoundException: FieldIssue with id '00000000-0000-0000-0000-00000c000000' was not found.
   at FIT.Application.Features.Issues.Queries.GetIssueQueryHandler.Handle(GetIssueQuery request, CancellationToken cancellationToken)
   at FIT.API.Controllers.IssuesController.GetById(Guid id, CancellationToken ct)
   at Microsoft.AspNetCore.Mvc.Infrastructure.ActionMethodExecutor.TaskOfIActionResultExecutor.Execute(ActionContext actionContext, IActionResultTypeMapper mapper, ObjectMethodExecutor executor, Object controller, Object[] arguments)
   at Microsoft.AspNetCore.Mvc.Infrastructure.ControllerActionInvoker.<InvokeActionMethodAsync>g__Awaited|12_0(ControllerActionInvoker invoker, ValueTask`1 actionResultValueTask)
   at Microsoft.AspNetCore.Mvc.Infrastructure.ControllerActionInvoker.<InvokeNextActionFilterAsync>g__Awaited|10_0(ControllerActionInvoker invoker, Task lastTask, State next, Scope scope, Object state, Boolean isCompleted)
   at Microsoft.AspNetCore.Mvc.Infrastructure.ControllerActionInvoker.Rethrow(ActionExecutedContextSealed context)
   at Microsoft.AspNetCore.Mvc.Infrastructure.ControllerActionInvoker.Next(State& next, Scope& scope, Object& state, Boolean& isCompleted)
   at Microsoft.AspNetCore.Mvc.Infrastructure.ControllerActionInvoker.<InvokeInnerFilterAsync>g__Awaited|13_0(ControllerActionInvoker invoker, Task lastTask, State next, Scope scope, Object state, Boolean isCompleted)
   at Microsoft.AspNetCore.Mvc.Infrastructure.ResourceInvoker.<InvokeFilterPipelineAsync>g__Awaited|20_0(ResourceInvoker invoker, Task lastTask, State next, Scope scope, Object state, Boolean isCompleted)
   at Microsoft.AspNetCore.Mvc.Infrastructure.ResourceInvoker.<InvokeAsync>g__Awaited|17_0(ResourceInvoker invoker, Task task, IDisposable scope)
   at Microsoft.AspNetCore.Mvc.Infrastructure.ResourceInvoker.<InvokeAsync>g__Awaited|17_0(ResourceInvoker invoker, Task task, IDisposable scope)
   at Microsoft.AspNetCore.Authorization.AuthorizationMiddleware.Invoke(HttpContext context)
   at Microsoft.AspNetCore.Authentication.AuthenticationMiddleware.Invoke(HttpContext context)
   at Serilog.AspNetCore.RequestLoggingMiddleware.Invoke(HttpContext httpContext)
   at Microsoft.AspNetCore.Diagnostics.ExceptionHandlerMiddlewareImpl.<Invoke>g__Awaited|10_0(ExceptionHandlerMiddlewareImpl middleware, HttpContext context, Task task)
2026-07-30 15:33:54.150 +05:30 [INF] Start processing HTTP request GET https://grampower.atlassian.net/rest/api/3/issue/FIT-12?*
2026-07-30 15:33:54.150 +05:30 [INF] Sending HTTP request GET https://grampower.atlassian.net/rest/api/3/issue/FIT-12?*
2026-07-30 15:33:54.701 +05:30 [INF] Received HTTP response headers after 550.3981ms - 200
2026-07-30 15:33:54.701 +05:30 [INF] End processing HTTP request after 551.2493ms - 200
2026-07-30 15:33:54.719 +05:30 [INF] Start processing HTTP request GET https://grampower.atlassian.net/rest/api/3/issue/FIT-12/comment
2026-07-30 15:33:54.719 +05:30 [INF] Sending HTTP request GET https://grampower.atlassian.net/rest/api/3/issue/FIT-12/comment
2026-07-30 15:33:55.094 +05:30 [INF] Received HTTP response headers after 375.3062ms - 200
2026-07-30 15:33:55.094 +05:30 [INF] End processing HTTP request after 375.5132ms - 200
2026-07-30 15:33:55.095 +05:30 [INF] HTTP GET /api/issues/00000000-0000-0000-0000-00000c000000 responded 200 in 949.7874 ms
2026-07-30 16:16:58.752 +05:30 [INF] Application is shutting down...
Users/lalit.tak/Documents/Workspace/FIT/src/FIT.API/wwwroot. Static files may be unavailable.
2026-07-30 15:38:17.481 +05:30 [INF] Now listening on: http://localhost:5062
2026-07-30 15:38:17.482 +05:30 [INF] Application started. Press Ctrl+C to shut down.
2026-07-30 15:38:17.483 +05:30 [INF] Hosting environment: Production
2026-07-30 15:38:17.483 +05:30 [INF] Content root path: /Users/lalit.tak/Documents/Workspace/FIT/src/FIT.API
2026-07-30 15:38:31.805 +05:30 [INF] HTTP POST /api/issues/00000000-0000-0000-0000-00000c000000/attachments responded 415 in 55.1032 ms
2026-07-30 15:38:38.763 +05:30 [INF] HTTP POST /api/issues/00000000-0000-0000-0000-00000c000000/attachments responded 415 in 2.7007 ms
2026-07-30 15:38:50.284 +05:30 [INF] Start processing HTTP request GET https://grampower.atlassian.net/rest/api/3/issue/FIT-12?*
2026-07-30 15:38:50.285 +05:30 [INF] Sending HTTP request GET https://grampower.atlassian.net/rest/api/3/issue/FIT-12?*
2026-07-30 15:38:50.957 +05:30 [INF] Received HTTP response headers after 670.048ms - 200
2026-07-30 15:38:50.959 +05:30 [INF] End processing HTTP request after 677.024ms - 200
2026-07-30 15:38:51.093 +05:30 [INF] Start processing HTTP request GET https://grampower.atlassian.net/rest/api/3/issue/FIT-12?*
2026-07-30 15:38:51.093 +05:30 [INF] Sending HTTP request GET https://grampower.atlassian.net/rest/api/3/issue/FIT-12?*
2026-07-30 15:38:51.352 +05:30 [INF] Received HTTP response headers after 258.2701ms - 200
2026-07-30 15:38:51.352 +05:30 [INF] End processing HTTP request after 258.78ms - 200
2026-07-30 15:38:51.355 +05:30 [INF] Start processing HTTP request GET https://grampower.atlassian.net/rest/api/3/issue/FIT-12/comment
2026-07-30 15:38:51.355 +05:30 [INF] Sending HTTP request GET https://grampower.atlassian.net/rest/api/3/issue/FIT-12/comment
2026-07-30 15:38:52.107 +05:30 [INF] Received HTTP response headers after 752.3095ms - 200
2026-07-30 15:38:52.108 +05:30 [INF] End processing HTTP request after 753.2131ms - 200
2026-07-30 15:38:52.198 +05:30 [INF] HTTP GET /api/issues/00000000-0000-0000-0000-00000c000000 responded 200 in 2017.5646 ms
2026-07-30 15:38:58.462 +05:30 [INF] HTTP POST /api/issues/00000000-0000-0000-0000-00000c000000/attachments responded 415 in 0.5345 ms
2026-07-30 15:39:49.703 +05:30 [WRN] The WebRootPath was not found: /Users/lalit.tak/Documents/Workspace/FIT/src/FIT.API/wwwroot. Static files may be unavailable.
2026-07-30 15:39:49.801 +05:30 [INF] Now listening on: http://localhost:5062
2026-07-30 15:39:49.802 +05:30 [INF] Application started. Press Ctrl+C to shut down.
2026-07-30 15:39:49.802 +05:30 [INF] Hosting environment: Production
2026-07-30 15:39:49.802 +05:30 [INF] Content root path: /Users/lalit.tak/Documents/Workspace/FIT/src/FIT.API
2026-07-30 15:40:05.518 +05:30 [WRN] The WebRootPath was not found: /Users/lalit.tak/Documents/Workspace/FIT/src/FIT.API/wwwroot. Static files may be unavailable.
2026-07-30 15:40:05.613 +05:30 [INF] Now listening on: http://localhost:5062
2026-07-30 15:40:05.614 +05:30 [INF] Application started. Press Ctrl+C to shut down.
2026-07-30 15:40:05.615 +05:30 [INF] Hosting environment: Production
2026-07-30 15:40:05.615 +05:30 [INF] Content root path: /Users/lalit.tak/Documents/Workspace/FIT/src/FIT.API
2026-07-30 15:41:12.723 +05:30 [INF] Start processing HTTP request GET https://grampower.atlassian.net/rest/api/3/issue/FIT-12?*
2026-07-30 15:41:12.725 +05:30 [INF] Sending HTTP request GET https://grampower.atlassian.net/rest/api/3/issue/FIT-12?*
2026-07-30 15:41:17.551 +05:30 [INF] Received HTTP response headers after 4823.5736ms - 200
2026-07-30 15:41:17.563 +05:30 [INF] End processing HTTP request after 4841.7969ms - 200
2026-07-30 15:41:18.548 +05:30 [INF] Start processing HTTP request GET https://grampower.atlassian.net/rest/api/3/issue/FIT-12?*
2026-07-30 15:41:18.548 +05:30 [INF] Sending HTTP request GET https://grampower.atlassian.net/rest/api/3/issue/FIT-12?*
2026-07-30 15:41:19.570 +05:30 [INF] Received HTTP response headers after 1022.1498ms - 200
2026-07-30 15:41:19.572 +05:30 [INF] End processing HTTP request after 1023.83ms - 200
2026-07-30 15:41:19.576 +05:30 [INF] Start processing HTTP request GET https://grampower.atlassian.net/rest/api/3/issue/FIT-12/comment
2026-07-30 15:41:19.576 +05:30 [INF] Sending HTTP request GET https://grampower.atlassian.net/rest/api/3/issue/FIT-12/comment
2026-07-30 15:41:20.533 +05:30 [INF] Received HTTP response headers after 956.3973ms - 200
2026-07-30 15:41:20.533 +05:30 [INF] End processing HTTP request after 957.2325ms - 200
2026-07-30 15:41:20.695 +05:30 [INF] HTTP GET /api/issues/00000000-0000-0000-0000-00000c000000 responded 200 in 8439.3208 ms
2026-07-30 15:43:25.978 +05:30 [WRN] The WebRootPath was not found: /Users/lalit.tak/Documents/Workspace/FIT/src/FIT.API/wwwroot. Static files may be unavailable.
2026-07-30 15:43:26.069 +05:30 [INF] Now listening on: http://localhost:5062
2026-07-30 15:43:26.070 +05:30 [INF] Application started. Press Ctrl+C to shut down.
2026-07-30 15:43:26.070 +05:30 [INF] Hosting environment: Production
2026-07-30 15:43:26.070 +05:30 [INF] Content root path: /Users/lalit.tak/Documents/Workspace/FIT/src/FIT.API
2026-07-30 15:43:59.440 +05:30 [INF] HTTP POST /api/issues/00000000-0000-0000-0000-00000c000000/attachments responded 400 in 92.1827 ms
2026-07-30 15:44:02.849 +05:30 [INF] Start processing HTTP request GET https://grampower.atlassian.net/rest/api/3/issue/FIT-12?*
2026-07-30 15:44:02.850 +05:30 [INF] Sending HTTP request GET https://grampower.atlassian.net/rest/api/3/issue/FIT-12?*
2026-07-30 15:44:03.509 +05:30 [INF] Start processing HTTP request GET https://grampower.atlassian.net/rest/api/3/search/jql?*
2026-07-30 15:44:03.509 +05:30 [INF] Sending HTTP request GET https://grampower.atlassian.net/rest/api/3/search/jql?*
2026-07-30 15:44:03.687 +05:30 [INF] Received HTTP response headers after 834.6342ms - 200
2026-07-30 15:44:03.690 +05:30 [INF] End processing HTTP request after 842.8244ms - 200
2026-07-30 15:44:03.833 +05:30 [INF] Start processing HTTP request GET https://grampower.atlassian.net/rest/api/3/issue/FIT-12?*
2026-07-30 15:44:03.834 +05:30 [INF] Sending HTTP request GET https://grampower.atlassian.net/rest/api/3/issue/FIT-12?*
2026-07-30 15:44:04.070 +05:30 [INF] Received HTTP response headers after 560.8777ms - 200
2026-07-30 15:44:04.071 +05:30 [INF] End processing HTTP request after 561.7612ms - 200
2026-07-30 15:44:04.105 +05:30 [INF] HTTP GET /api/dashboard responded 200 in 608.0020 ms
2026-07-30 15:44:04.127 +05:30 [INF] Received HTTP response headers after 293.5944ms - 200
2026-07-30 15:44:04.127 +05:30 [INF] End processing HTTP request after 294.3564ms - 200
2026-07-30 15:44:04.129 +05:30 [INF] Start processing HTTP request GET https://grampower.atlassian.net/rest/api/3/issue/FIT-12/comment
2026-07-30 15:44:04.129 +05:30 [INF] Sending HTTP request GET https://grampower.atlassian.net/rest/api/3/issue/FIT-12/comment
2026-07-30 15:44:04.427 +05:30 [INF] Received HTTP response headers after 297.8691ms - 200
2026-07-30 15:44:04.427 +05:30 [INF] End processing HTTP request after 298.3571ms - 200
2026-07-30 15:44:04.522 +05:30 [INF] HTTP GET /api/issues/00000000-0000-0000-0000-00000c000000 responded 200 in 1789.9019 ms
2026-07-30 15:44:15.126 +05:30 [INF] HTTP POST /api/issues/00000000-0000-0000-0000-00000c000000/attachments responded 400 in 3.5455 ms
2026-07-30 15:44:40.331 +05:30 [INF] HTTP POST /api/auth/login responded 401 in 11.8447 ms
2026-07-30 15:44:40.444 +05:30 [INF] HTTP POST /api/issues/00000000-0000-0000-0000-00000c000000/attachments responded 401 in 2.2139 ms
2026-07-30 15:44:44.431 +05:30 [INF] HTTP POST /api/auth/login responded 401 in 1.6553 ms
2026-07-30 15:44:59.248 +05:30 [INF] HTTP POST /api/auth/login responded 200 in 14.1407 ms
2026-07-30 15:44:59.312 +05:30 [INF] Start processing HTTP request GET https://grampower.atlassian.net/rest/api/3/issue/FIT-12?*
2026-07-30 15:44:59.312 +05:30 [INF] Sending HTTP request GET https://grampower.atlassian.net/rest/api/3/issue/FIT-12?*
2026-07-30 15:44:59.763 +05:30 [INF] Received HTTP response headers after 450.957ms - 200
2026-07-30 15:44:59.763 +05:30 [INF] End processing HTTP request after 451.4488ms - 200
2026-07-30 15:44:59.825 +05:30 [INF] Uploading attachment t.txt to Jira FIT-12
2026-07-30 15:44:59.826 +05:30 [INF] Start processing HTTP request POST https://grampower.atlassian.net/rest/api/3/issue/FIT-12/attachments
2026-07-30 15:44:59.826 +05:30 [INF] Sending HTTP request POST https://grampower.atlassian.net/rest/api/3/issue/FIT-12/attachments
2026-07-30 15:45:01.198 +05:30 [INF] Received HTTP response headers after 1371.7397ms - 200
2026-07-30 15:45:01.198 +05:30 [INF] End processing HTTP request after 1372.1367ms - 200
2026-07-30 15:45:01.199 +05:30 [INF] Attachment uploaded to Jira FIT-12: 52419
2026-07-30 15:45:01.199 +05:30 [INF] HTTP POST /api/issues/00000000-0000-0000-0000-00000c000000/attachments responded 204 in 1895.8956 ms
2026-07-30 15:45:21.497 +05:30 [INF] Start processing HTTP request GET https://grampower.atlassian.net/rest/api/3/issue/FIT-12?*
2026-07-30 15:45:21.497 +05:30 [INF] Sending HTTP request GET https://grampower.atlassian.net/rest/api/3/issue/FIT-12?*
2026-07-30 15:45:22.653 +05:30 [INF] Received HTTP response headers after 1155.7731ms - 200
2026-07-30 15:45:22.654 +05:30 [INF] End processing HTTP request after 1156.8551ms - 200
2026-07-30 15:45:22.658 +05:30 [INF] Start processing HTTP request GET https://grampower.atlassian.net/rest/api/3/issue/FIT-12?*
2026-07-30 15:45:22.658 +05:30 [INF] Sending HTTP request GET https://grampower.atlassian.net/rest/api/3/issue/FIT-12?*
2026-07-30 15:45:23.066 +05:30 [INF] Received HTTP response headers after 407.4853ms - 200
2026-07-30 15:45:23.066 +05:30 [INF] End processing HTTP request after 408.3955ms - 200
2026-07-30 15:45:23.068 +05:30 [INF] Start processing HTTP request GET https://grampower.atlassian.net/rest/api/3/issue/FIT-12/comment
2026-07-30 15:45:23.068 +05:30 [INF] Sending HTTP request GET https://grampower.atlassian.net/rest/api/3/issue/FIT-12/comment
2026-07-30 15:45:24.217 +05:30 [INF] Received HTTP response headers after 1148.4917ms - 200
2026-07-30 15:45:24.217 +05:30 [INF] End processing HTTP request after 1149.3692ms - 200
2026-07-30 15:45:24.219 +05:30 [INF] HTTP GET /api/issues/00000000-0000-0000-0000-00000c000000 responded 200 in 2723.8375 ms
2026-07-30 15:45:44.881 +05:30 [INF] Start processing HTTP request GET https://grampower.atlassian.net/rest/api/3/issue/FIT-12?*
2026-07-30 15:45:44.882 +05:30 [INF] Sending HTTP request GET https://grampower.atlassian.net/rest/api/3/issue/FIT-12?*
2026-07-30 15:45:45.359 +05:30 [INF] Received HTTP response headers after 477.0128ms - 200
2026-07-30 15:45:45.359 +05:30 [INF] End processing HTTP request after 478.1225ms - 200
2026-07-30 15:45:45.405 +05:30 [INF] Uploading attachment 1N153207H2_18_52_10_3PLTCTUP_IMG_PROV_RESULT.xlsx to Jira FIT-12
2026-07-30 15:45:45.406 +05:30 [INF] Start processing HTTP request POST https://grampower.atlassian.net/rest/api/3/issue/FIT-12/attachments
2026-07-30 15:45:45.406 +05:30 [INF] Sending HTTP request POST https://grampower.atlassian.net/rest/api/3/issue/FIT-12/attachments
2026-07-30 15:45:46.408 +05:30 [INF] Received HTTP response headers after 1001.3175ms - 200
2026-07-30 15:45:46.409 +05:30 [INF] End processing HTTP request after 1003.186ms - 200
2026-07-30 15:45:46.410 +05:30 [INF] Attachment uploaded to Jira FIT-12: 52420
2026-07-30 15:45:46.410 +05:30 [INF] HTTP POST /api/issues/00000000-0000-0000-0000-00000c000000/attachments responded 204 in 1534.7319 ms
2026-07-30 15:45:47.934 +05:30 [INF] Start processing HTTP request GET https://grampower.atlassian.net/rest/api/3/issue/FIT-12?*
2026-07-30 15:45:47.935 +05:30 [INF] Sending HTTP request GET https://grampower.atlassian.net/rest/api/3/issue/FIT-12?*
2026-07-30 15:45:48.626 +05:30 [INF] Received HTTP response headers after 691.2521ms - 200
2026-07-30 15:45:48.627 +05:30 [INF] End processing HTTP request after 692.975ms - 200
2026-07-30 15:45:48.667 +05:30 [INF] Start processing HTTP request GET https://grampower.atlassian.net/rest/api/3/issue/FIT-12?*
2026-07-30 15:45:48.667 +05:30 [INF] Sending HTTP request GET https://grampower.atlassian.net/rest/api/3/issue/FIT-12?*
2026-07-30 15:45:49.411 +05:30 [INF] Received HTTP response headers after 744.2985ms - 200
2026-07-30 15:45:49.412 +05:30 [INF] End processing HTTP request after 745.2374ms - 200
2026-07-30 15:45:49.413 +05:30 [INF] Start processing HTTP request GET https://grampower.atlassian.net/rest/api/3/issue/FIT-12/comment
2026-07-30 15:45:49.413 +05:30 [INF] Sending HTTP request GET https://grampower.atlassian.net/rest/api/3/issue/FIT-12/comment
2026-07-30 15:45:49.955 +05:30 [INF] Received HTTP response headers after 542.3909ms - 200
2026-07-30 15:45:49.956 +05:30 [INF] End processing HTTP request after 543.0837ms - 200
2026-07-30 15:45:49.959 +05:30 [INF] HTTP GET /api/issues/00000000-0000-0000-0000-00000c000000 responded 200 in 2029.4877 ms
2026-07-30 15:47:32.600 +05:30 [INF] Start processing HTTP request GET https://grampower.atlassian.net/rest/api/3/issue/FIT-12?*
2026-07-30 15:47:32.603 +05:30 [INF] Sending HTTP request GET https://grampower.atlassian.net/rest/api/3/issue/FIT-12?*
2026-07-30 15:47:32.905 +05:30 [WRN] GetIssue failed for FIT-12
System.Net.Http.HttpRequestException: Network is unreachable (grampower.atlassian.net:443)
 ---> System.Net.Sockets.SocketException (51): Network is unreachable
   at System.Net.Sockets.Socket.AwaitableSocketAsyncEventArgs.ThrowException(SocketError error, CancellationToken cancellationToken)
   at System.Net.Sockets.Socket.AwaitableSocketAsyncEventArgs.System.Threading.Tasks.Sources.IValueTaskSource.GetResult(Int16 token)
   at System.Net.Sockets.Socket.<ConnectAsync>g__WaitForConnectWithCancellation|285_0(AwaitableSocketAsyncEventArgs saea, ValueTask connectTask, CancellationToken cancellationToken)
   at System.Net.Http.HttpConnectionPool.ConnectToTcpHostAsync(String host, Int32 port, HttpRequestMessage initialRequest, Boolean async, CancellationToken cancellationToken)
   --- End of inner exception stack trace ---
   at System.Net.Http.HttpConnectionPool.ConnectToTcpHostAsync(String host, Int32 port, HttpRequestMessage initialRequest, Boolean async, CancellationToken cancellationToken)
   at System.Net.Http.HttpConnectionPool.ConnectAsync(HttpRequestMessage request, Boolean async, CancellationToken cancellationToken)
   at System.Net.Http.HttpConnectionPool.CreateHttp11ConnectionAsync(HttpRequestMessage request, Boolean async, CancellationToken cancellationToken)
   at System.Net.Http.HttpConnectionPool.InjectNewHttp11ConnectionAsync(QueueItem queueItem)
   at System.Threading.Tasks.TaskCompletionSourceWithCancellation`1.WaitWithCancellationAsync(CancellationToken cancellationToken)
   at System.Net.Http.HttpConnectionPool.SendWithVersionDetectionAndRetryAsync(HttpRequestMessage request, Boolean async, Boolean doRequestAuth, CancellationToken cancellationToken)
   at System.Net.Http.DiagnosticsHandler.SendAsyncCore(HttpRequestMessage request, Boolean async, CancellationToken cancellationToken)
   at System.Net.Http.RedirectHandler.SendAsync(HttpRequestMessage request, Boolean async, CancellationToken cancellationToken)
   at Microsoft.Extensions.Http.Logging.LoggingHttpMessageHandler.<SendCoreAsync>g__Core|4_0(HttpRequestMessage request, Boolean useAsync, CancellationToken cancellationToken)
   at Microsoft.Extensions.Http.Logging.LoggingScopeHttpMessageHandler.<SendCoreAsync>g__Core|4_0(HttpRequestMessage request, Boolean useAsync, CancellationToken cancellationToken)
   at System.Net.Http.HttpClient.<SendAsync>g__Core|83_0(HttpRequestMessage request, HttpCompletionOption completionOption, CancellationTokenSource cts, Boolean disposeCts, CancellationTokenSource pendingRequestsCts, CancellationToken originalCancellationToken)
   at FIT.Infrastructure.Services.JiraService.GetIssueAsync(String jiraKey, CancellationToken cancellationToken) in /Users/lalit.tak/Documents/Workspace/FIT/src/FIT.Infrastructure/Services/JiraService.cs:line 231
2026-07-30 15:47:32.935 +05:30 [ERR] HTTP GET /api/issues/00000000-0000-0000-0000-00000c000000 responded 500 in 343.0239 ms
FIT.Application.Common.NotFoundException: FieldIssue with id '00000000-0000-0000-0000-00000c000000' was not found.
   at FIT.Application.Features.Issues.Queries.GetIssueQueryHandler.Handle(GetIssueQuery request, CancellationToken cancellationToken) in /Users/lalit.tak/Documents/Workspace/FIT/src/FIT.Application/Features/Issues/Queries/GetIssueQuery.cs:line 32
   at FIT.API.Controllers.IssuesController.GetById(Guid id, CancellationToken ct) in /Users/lalit.tak/Documents/Workspace/FIT/src/FIT.API/Controllers/IssuesController.cs:line 43
   at Microsoft.AspNetCore.Mvc.Infrastructure.ActionMethodExecutor.TaskOfIActionResultExecutor.Execute(ActionContext actionContext, IActionResultTypeMapper mapper, ObjectMethodExecutor executor, Object controller, Object[] arguments)
   at Microsoft.AspNetCore.Mvc.Infrastructure.ControllerActionInvoker.<InvokeActionMethodAsync>g__Awaited|12_0(ControllerActionInvoker invoker, ValueTask`1 actionResultValueTask)
   at Microsoft.AspNetCore.Mvc.Infrastructure.ControllerActionInvoker.<InvokeNextActionFilterAsync>g__Awaited|10_0(ControllerActionInvoker invoker, Task lastTask, State next, Scope scope, Object state, Boolean isCompleted)
   at Microsoft.AspNetCore.Mvc.Infrastructure.ControllerActionInvoker.Rethrow(ActionExecutedContextSealed context)
   at Microsoft.AspNetCore.Mvc.Infrastructure.ControllerActionInvoker.Next(State& next, Scope& scope, Object& state, Boolean& isCompleted)
   at Microsoft.AspNetCore.Mvc.Infrastructure.ControllerActionInvoker.<InvokeInnerFilterAsync>g__Awaited|13_0(ControllerActionInvoker invoker, Task lastTask, State next, Scope scope, Object state, Boolean isCompleted)
   at Microsoft.AspNetCore.Mvc.Infrastructure.ResourceInvoker.<InvokeFilterPipelineAsync>g__Awaited|20_0(ResourceInvoker invoker, Task lastTask, State next, Scope scope, Object state, Boolean isCompleted)
   at Microsoft.AspNetCore.Mvc.Infrastructure.ResourceInvoker.<InvokeAsync>g__Awaited|17_0(ResourceInvoker invoker, Task task, IDisposable scope)
   at Microsoft.AspNetCore.Mvc.Infrastructure.ResourceInvoker.<InvokeAsync>g__Awaited|17_0(ResourceInvoker invoker, Task task, IDisposable scope)
   at Microsoft.AspNetCore.Authorization.AuthorizationMiddleware.Invoke(HttpContext context)
   at Microsoft.AspNetCore.Authentication.AuthenticationMiddleware.Invoke(HttpContext context)
   at Serilog.AspNetCore.RequestLoggingMiddleware.Invoke(HttpContext httpContext)
2026-07-30 15:47:32.958 +05:30 [ERR] An unhandled exception has occurred while executing the request.
FIT.Application.Common.NotFoundException: FieldIssue with id '00000000-0000-0000-0000-00000c000000' was not found.
   at FIT.Application.Features.Issues.Queries.GetIssueQueryHandler.Handle(GetIssueQuery request, CancellationToken cancellationToken) in /Users/lalit.tak/Documents/Workspace/FIT/src/FIT.Application/Features/Issues/Queries/GetIssueQuery.cs:line 32
   at FIT.API.Controllers.IssuesController.GetById(Guid id, CancellationToken ct) in /Users/lalit.tak/Documents/Workspace/FIT/src/FIT.API/Controllers/IssuesController.cs:line 43
   at Microsoft.AspNetCore.Mvc.Infrastructure.ActionMethodExecutor.TaskOfIActionResultExecutor.Execute(ActionContext actionContext, IActionResultTypeMapper mapper, ObjectMethodExecutor executor, Object controller, Object[] arguments)
   at Microsoft.AspNetCore.Mvc.Infrastructure.ControllerActionInvoker.<InvokeActionMethodAsync>g__Awaited|12_0(ControllerActionInvoker invoker, ValueTask`1 actionResultValueTask)
   at Microsoft.AspNetCore.Mvc.Infrastructure.ControllerActionInvoker.<InvokeNextActionFilterAsync>g__Awaited|10_0(ControllerActionInvoker invoker, Task lastTask, State next, Scope scope, Object state, Boolean isCompleted)
   at Microsoft.AspNetCore.Mvc.Infrastructure.ControllerActionInvoker.Rethrow(ActionExecutedContextSealed context)
   at Microsoft.AspNetCore.Mvc.Infrastructure.ControllerActionInvoker.Next(State& next, Scope& scope, Object& state, Boolean& isCompleted)
   at Microsoft.AspNetCore.Mvc.Infrastructure.ControllerActionInvoker.<InvokeInnerFilterAsync>g__Awaited|13_0(ControllerActionInvoker invoker, Task lastTask, State next, Scope scope, Object state, Boolean isCompleted)
   at Microsoft.AspNetCore.Mvc.Infrastructure.ResourceInvoker.<InvokeFilterPipelineAsync>g__Awaited|20_0(ResourceInvoker invoker, Task lastTask, State next, Scope scope, Object state, Boolean isCompleted)
   at Microsoft.AspNetCore.Mvc.Infrastructure.ResourceInvoker.<InvokeAsync>g__Awaited|17_0(ResourceInvoker invoker, Task task, IDisposable scope)
   at Microsoft.AspNetCore.Mvc.Infrastructure.ResourceInvoker.<InvokeAsync>g__Awaited|17_0(ResourceInvoker invoker, Task task, IDisposable scope)
   at Microsoft.AspNetCore.Authorization.AuthorizationMiddleware.Invoke(HttpContext context)
   at Microsoft.AspNetCore.Authentication.AuthenticationMiddleware.Invoke(HttpContext context)
   at Serilog.AspNetCore.RequestLoggingMiddleware.Invoke(HttpContext httpContext)
   at Microsoft.AspNetCore.Diagnostics.ExceptionHandlerMiddlewareImpl.<Invoke>g__Awaited|10_0(ExceptionHandlerMiddlewareImpl middleware, HttpContext context, Task task)
2026-07-30 15:47:32.963 +05:30 [ERR] Unhandled exception
FIT.Application.Common.NotFoundException: FieldIssue with id '00000000-0000-0000-0000-00000c000000' was not found.
   at FIT.Application.Features.Issues.Queries.GetIssueQueryHandler.Handle(GetIssueQuery request, CancellationToken cancellationToken) in /Users/lalit.tak/Documents/Workspace/FIT/src/FIT.Application/Features/Issues/Queries/GetIssueQuery.cs:line 32
   at FIT.API.Controllers.IssuesController.GetById(Guid id, CancellationToken ct) in /Users/lalit.tak/Documents/Workspace/FIT/src/FIT.API/Controllers/IssuesController.cs:line 43
   at Microsoft.AspNetCore.Mvc.Infrastructure.ActionMethodExecutor.TaskOfIActionResultExecutor.Execute(ActionContext actionContext, IActionResultTypeMapper mapper, ObjectMethodExecutor executor, Object controller, Object[] arguments)
   at Microsoft.AspNetCore.Mvc.Infrastructure.ControllerActionInvoker.<InvokeActionMethodAsync>g__Awaited|12_0(ControllerActionInvoker invoker, ValueTask`1 actionResultValueTask)
   at Microsoft.AspNetCore.Mvc.Infrastructure.ControllerActionInvoker.<InvokeNextActionFilterAsync>g__Awaited|10_0(ControllerActionInvoker invoker, Task lastTask, State next, Scope scope, Object state, Boolean isCompleted)
   at Microsoft.AspNetCore.Mvc.Infrastructure.ControllerActionInvoker.Rethrow(ActionExecutedContextSealed context)
   at Microsoft.AspNetCore.Mvc.Infrastructure.ControllerActionInvoker.Next(State& next, Scope& scope, Object& state, Boolean& isCompleted)
   at Microsoft.AspNetCore.Mvc.Infrastructure.ControllerActionInvoker.<InvokeInnerFilterAsync>g__Awaited|13_0(ControllerActionInvoker invoker, Task lastTask, State next, Scope scope, Object state, Boolean isCompleted)
   at Microsoft.AspNetCore.Mvc.Infrastructure.ResourceInvoker.<InvokeFilterPipelineAsync>g__Awaited|20_0(ResourceInvoker invoker, Task lastTask, State next, Scope scope, Object state, Boolean isCompleted)
   at Microsoft.AspNetCore.Mvc.Infrastructure.ResourceInvoker.<InvokeAsync>g__Awaited|17_0(ResourceInvoker invoker, Task task, IDisposable scope)
   at Microsoft.AspNetCore.Mvc.Infrastructure.ResourceInvoker.<InvokeAsync>g__Awaited|17_0(ResourceInvoker invoker, Task task, IDisposable scope)
   at Microsoft.AspNetCore.Authorization.AuthorizationMiddleware.Invoke(HttpContext context)
   at Microsoft.AspNetCore.Authentication.AuthenticationMiddleware.Invoke(HttpContext context)
   at Serilog.AspNetCore.RequestLoggingMiddleware.Invoke(HttpContext httpContext)
   at Microsoft.AspNetCore.Diagnostics.ExceptionHandlerMiddlewareImpl.<Invoke>g__Awaited|10_0(ExceptionHandlerMiddlewareImpl middleware, HttpContext context, Task task)
2026-07-30 15:48:41.130 +05:30 [INF] Start processing HTTP request GET https://grampower.atlassian.net/rest/api/3/issue/FIT-12?*
2026-07-30 15:48:41.131 +05:30 [INF] Sending HTTP request GET https://grampower.atlassian.net/rest/api/3/issue/FIT-12?*
2026-07-30 15:48:42.041 +05:30 [INF] Received HTTP response headers after 910.1937ms - 200
2026-07-30 15:48:42.042 +05:30 [INF] End processing HTTP request after 912.0057ms - 200
2026-07-30 15:48:42.182 +05:30 [INF] Start processing HTTP request GET https://grampower.atlassian.net/rest/api/3/issue/FIT-12?*
2026-07-30 15:48:42.183 +05:30 [INF] Sending HTTP request GET https://grampower.atlassian.net/rest/api/3/issue/FIT-12?*
2026-07-30 15:48:42.490 +05:30 [INF] Received HTTP response headers after 306.4812ms - 200
2026-07-30 15:48:42.490 +05:30 [INF] End processing HTTP request after 308.239ms - 200
2026-07-30 15:48:42.491 +05:30 [INF] Start processing HTTP request GET https://grampower.atlassian.net/rest/api/3/issue/FIT-12/comment
2026-07-30 15:48:42.491 +05:30 [INF] Sending HTTP request GET https://grampower.atlassian.net/rest/api/3/issue/FIT-12/comment
2026-07-30 15:48:42.891 +05:30 [INF] Received HTTP response headers after 400.1753ms - 200
2026-07-30 15:48:42.893 +05:30 [INF] End processing HTTP request after 401.8637ms - 200
2026-07-30 15:48:42.897 +05:30 [INF] HTTP GET /api/issues/00000000-0000-0000-0000-00000c000000 responded 200 in 1772.6254 ms
2026-07-30 15:49:39.936 +05:30 [INF] Start processing HTTP request GET https://grampower.atlassian.net/rest/api/3/issue/FIT-12?*
2026-07-30 15:49:39.939 +05:30 [INF] Sending HTTP request GET https://grampower.atlassian.net/rest/api/3/issue/FIT-12?*
2026-07-30 15:49:40.989 +05:30 [INF] Received HTTP response headers after 1050.2732ms - 200
2026-07-30 15:49:40.990 +05:30 [INF] End processing HTTP request after 1053.3793ms - 200
2026-07-30 15:49:41.123 +05:30 [INF] Start processing HTTP request GET https://grampower.atlassian.net/rest/api/3/issue/FIT-12?*
2026-07-30 15:49:41.124 +05:30 [INF] Sending HTTP request GET https://grampower.atlassian.net/rest/api/3/issue/FIT-12?*
2026-07-30 15:49:41.603 +05:30 [INF] Received HTTP response headers after 479.6144ms - 200
2026-07-30 15:49:41.604 +05:30 [INF] End processing HTTP request after 481.3667ms - 200
2026-07-30 15:49:41.605 +05:30 [INF] Start processing HTTP request GET https://grampower.atlassian.net/rest/api/3/issue/FIT-12/comment
2026-07-30 15:49:41.605 +05:30 [INF] Sending HTTP request GET https://grampower.atlassian.net/rest/api/3/issue/FIT-12/comment
2026-07-30 15:49:41.934 +05:30 [INF] Received HTTP response headers after 328.6ms - 200
2026-07-30 15:49:41.935 +05:30 [INF] End processing HTTP request after 329.6466ms - 200
2026-07-30 15:49:41.942 +05:30 [INF] HTTP GET /api/issues/00000000-0000-0000-0000-00000c000000 responded 200 in 2008.7720 ms
2026-07-30 15:51:00.939 +05:30 [INF] Start processing HTTP request GET https://grampower.atlassian.net/rest/api/3/search/jql?*
2026-07-30 15:51:00.939 +05:30 [INF] Sending HTTP request GET https://grampower.atlassian.net/rest/api/3/search/jql?*
2026-07-30 15:51:01.659 +05:30 [INF] Received HTTP response headers after 719.8362ms - 200
2026-07-30 15:51:01.659 +05:30 [INF] End processing HTTP request after 720.6631ms - 200
2026-07-30 15:51:01.677 +05:30 [INF] HTTP GET /api/issues responded 200 in 782.8673 ms
2026-07-30 15:51:01.791 +05:30 [INF] Start processing HTTP request GET https://grampower.atlassian.net/rest/api/3/search/jql?*
2026-07-30 15:51:01.791 +05:30 [INF] Sending HTTP request GET https://grampower.atlassian.net/rest/api/3/search/jql?*
2026-07-30 15:51:02.346 +05:30 [INF] Received HTTP response headers after 555.2549ms - 200
2026-07-30 15:51:02.347 +05:30 [INF] End processing HTTP request after 555.929ms - 200
2026-07-30 15:51:02.348 +05:30 [INF] HTTP GET /api/dashboard responded 200 in 560.8144 ms
2026-07-30 15:52:08.139 +05:30 [INF] Start processing HTTP request GET https://grampower.atlassian.net/rest/api/3/issue/FIT-12?*
2026-07-30 15:52:08.140 +05:30 [INF] Sending HTTP request GET https://grampower.atlassian.net/rest/api/3/issue/FIT-12?*
2026-07-30 15:52:08.910 +05:30 [INF] Received HTTP response headers after 769.9178ms - 200
2026-07-30 15:52:08.910 +05:30 [INF] End processing HTTP request after 771.1442ms - 200
2026-07-30 15:52:08.940 +05:30 [INF] Start processing HTTP request GET https://grampower.atlassian.net/rest/api/3/issue/FIT-12?*
2026-07-30 15:52:08.940 +05:30 [INF] Sending HTTP request GET https://grampower.atlassian.net/rest/api/3/issue/FIT-12?*
2026-07-30 15:52:09.244 +05:30 [INF] Received HTTP response headers after 304.0567ms - 200
2026-07-30 15:52:09.244 +05:30 [INF] End processing HTTP request after 304.8422ms - 200
2026-07-30 15:52:09.245 +05:30 [INF] Start processing HTTP request GET https://grampower.atlassian.net/rest/api/3/issue/FIT-12/comment
2026-07-30 15:52:09.246 +05:30 [INF] Sending HTTP request GET https://grampower.atlassian.net/rest/api/3/issue/FIT-12/comment
2026-07-30 15:52:09.610 +05:30 [INF] Received HTTP response headers after 364.2152ms - 200
2026-07-30 15:52:09.610 +05:30 [INF] End processing HTTP request after 365.053ms - 200
2026-07-30 15:52:09.613 +05:30 [INF] HTTP GET /api/issues/00000000-0000-0000-0000-00000c000000 responded 200 in 1478.2125 ms
2026-07-30 15:52:17.124 +05:30 [INF] Start processing HTTP request GET https://grampower.atlassian.net/rest/api/3/priority
2026-07-30 15:52:17.125 +05:30 [INF] Sending HTTP request GET https://grampower.atlassian.net/rest/api/3/priority
2026-07-30 15:52:17.125 +05:30 [INF] Start processing HTTP request GET https://grampower.atlassian.net/rest/api/3/issue/createmeta/FIT/issuetypes/11333
2026-07-30 15:52:17.125 +05:30 [INF] Sending HTTP request GET https://grampower.atlassian.net/rest/api/3/issue/createmeta/FIT/issuetypes/11333
2026-07-30 15:52:17.130 +05:30 [INF] Start processing HTTP request GET https://grampower.atlassian.net/rest/api/3/issue/createmeta/FIT/issuetypes
2026-07-30 15:52:17.130 +05:30 [INF] Sending HTTP request GET https://grampower.atlassian.net/rest/api/3/issue/createmeta/FIT/issuetypes
2026-07-30 15:52:17.401 +05:30 [INF] Received HTTP response headers after 275.4846ms - 200
2026-07-30 15:52:17.401 +05:30 [INF] End processing HTTP request after 276.3432ms - 200
2026-07-30 15:52:17.403 +05:30 [INF] HTTP GET /api/jira/priorities responded 200 in 288.6702 ms
2026-07-30 15:52:17.823 +05:30 [INF] Received HTTP response headers after 697.3068ms - 200
2026-07-30 15:52:17.823 +05:30 [INF] End processing HTTP request after 697.5652ms - 200
2026-07-30 15:52:17.825 +05:30 [INF] HTTP GET /api/jira/field-options responded 200 in 708.3038 ms
2026-07-30 15:52:18.128 +05:30 [INF] Received HTTP response headers after 997.8061ms - 200
2026-07-30 15:52:18.128 +05:30 [INF] End processing HTTP request after 998.4481ms - 200
2026-07-30 15:52:18.130 +05:30 [INF] HTTP GET /api/jira/issue-types responded 200 in 1016.2029 ms
2026-07-30 15:54:08.872 +05:30 [WRN] The WebRootPath was not found: /Users/lalit.tak/Documents/Workspace/FIT/src/FIT.API/wwwroot. Static files may be unavailable.
2026-07-30 15:54:08.965 +05:30 [INF] Now listening on: http://localhost:5062
2026-07-30 15:54:08.966 +05:30 [INF] Application started. Press Ctrl+C to shut down.
2026-07-30 15:54:08.966 +05:30 [INF] Hosting environment: Production
2026-07-30 15:54:08.966 +05:30 [INF] Content root path: /Users/lalit.tak/Documents/Workspace/FIT/src/FIT.API
2026-07-30 15:54:29.891 +05:30 [INF] Start processing HTTP request GET https://grampower.atlassian.net/rest/api/3/search/jql?*
2026-07-30 15:54:29.893 +05:30 [INF] Sending HTTP request GET https://grampower.atlassian.net/rest/api/3/search/jql?*
2026-07-30 15:54:30.806 +05:30 [INF] Received HTTP response headers after 911.1626ms - 200
2026-07-30 15:54:30.814 +05:30 [INF] End processing HTTP request after 925.1341ms - 200
2026-07-30 15:54:30.870 +05:30 [INF] HTTP GET /api/dashboard responded 200 in 1068.0029 ms
2026-07-30 15:54:31.584 +05:30 [INF] Start processing HTTP request GET https://grampower.atlassian.net/rest/api/3/issue/FIT-12?*
2026-07-30 15:54:31.584 +05:30 [INF] Start processing HTTP request GET https://grampower.atlassian.net/rest/api/3/issue/FIT-12?*
2026-07-30 15:54:31.584 +05:30 [INF] Sending HTTP request GET https://grampower.atlassian.net/rest/api/3/issue/FIT-12?*
2026-07-30 15:54:31.584 +05:30 [INF] Sending HTTP request GET https://grampower.atlassian.net/rest/api/3/issue/FIT-12?*
2026-07-30 15:54:32.140 +05:30 [INF] Received HTTP response headers after 555.8373ms - 200
2026-07-30 15:54:32.140 +05:30 [INF] End processing HTTP request after 556.6628ms - 200
2026-07-30 15:54:32.269 +05:30 [INF] Start processing HTTP request GET https://grampower.atlassian.net/rest/api/3/issue/FIT-12?*
2026-07-30 15:54:32.269 +05:30 [INF] Sending HTTP request GET https://grampower.atlassian.net/rest/api/3/issue/FIT-12?*
2026-07-30 15:54:32.453 +05:30 [INF] Received HTTP response headers after 869.0564ms - 200
2026-07-30 15:54:32.454 +05:30 [INF] End processing HTTP request after 869.895ms - 200
2026-07-30 15:54:32.576 +05:30 [INF] Received HTTP response headers after 307.2575ms - 200
2026-07-30 15:54:32.576 +05:30 [INF] End processing HTTP request after 307.8041ms - 200
2026-07-30 15:54:32.578 +05:30 [INF] Start processing HTTP request GET https://grampower.atlassian.net/rest/api/3/issue/FIT-12?*
2026-07-30 15:54:32.578 +05:30 [INF] Sending HTTP request GET https://grampower.atlassian.net/rest/api/3/issue/FIT-12?*
2026-07-30 15:54:32.580 +05:30 [INF] Start processing HTTP request GET https://grampower.atlassian.net/rest/api/3/issue/FIT-12/comment
2026-07-30 15:54:32.580 +05:30 [INF] Sending HTTP request GET https://grampower.atlassian.net/rest/api/3/issue/FIT-12/comment
2026-07-30 15:54:32.949 +05:30 [INF] Received HTTP response headers after 368.9612ms - 200
2026-07-30 15:54:32.949 +05:30 [INF] End processing HTTP request after 369.7316ms - 200
2026-07-30 15:54:32.986 +05:30 [INF] Start processing HTTP request GET https://grampower.atlassian.net/rest/api/3/issue/FIT-12/transitions
2026-07-30 15:54:32.987 +05:30 [INF] Sending HTTP request GET https://grampower.atlassian.net/rest/api/3/issue/FIT-12/transitions
2026-07-30 15:54:33.379 +05:30 [INF] Received HTTP response headers after 800.9505ms - 200
2026-07-30 15:54:33.379 +05:30 [INF] End processing HTTP request after 801.7437ms - 200
2026-07-30 15:54:33.380 +05:30 [INF] Start processing HTTP request GET https://grampower.atlassian.net/rest/api/3/issue/FIT-12/comment
2026-07-30 15:54:33.380 +05:30 [INF] Sending HTTP request GET https://grampower.atlassian.net/rest/api/3/issue/FIT-12/comment
2026-07-30 15:54:33.720 +05:30 [INF] Received HTTP response headers after 339.6834ms - 200
2026-07-30 15:54:33.721 +05:30 [INF] End processing HTTP request after 340.8754ms - 200
2026-07-30 15:54:33.776 +05:30 [INF] HTTP GET /api/issues/00000000-0000-0000-0000-00000c000000 responded 200 in 2269.0521 ms
2026-07-30 15:54:33.780 +05:30 [INF] Received HTTP response headers after 793.6752ms - 200
2026-07-30 15:54:33.781 +05:30 [INF] End processing HTTP request after 794.0742ms - 200
2026-07-30 15:54:33.782 +05:30 [INF] HTTP GET /api/issues/00000000-0000-0000-0000-00000c000000/transitions responded 200 in 2274.7535 ms
2026-07-30 15:54:34.712 +05:30 [INF] Start processing HTTP request GET https://grampower.atlassian.net/rest/api/3/issue/FIT-12?*
2026-07-30 15:54:34.712 +05:30 [INF] Start processing HTTP request GET https://grampower.atlassian.net/rest/api/3/issue/FIT-12?*
2026-07-30 15:54:34.712 +05:30 [INF] Sending HTTP request GET https://grampower.atlassian.net/rest/api/3/issue/FIT-12?*
2026-07-30 15:54:34.713 +05:30 [INF] Sending HTTP request GET https://grampower.atlassian.net/rest/api/3/issue/FIT-12?*
2026-07-30 15:54:35.538 +05:30 [INF] Received HTTP response headers after 825.5037ms - 200
2026-07-30 15:54:35.538 +05:30 [INF] End processing HTTP request after 826.1848ms - 200
2026-07-30 15:54:35.553 +05:30 [INF] Received HTTP response headers after 840.7325ms - 200
2026-07-30 15:54:35.554 +05:30 [INF] End processing HTTP request after 841.3403ms - 200
2026-07-30 15:54:35.712 +05:30 [INF] Start processing HTTP request GET https://grampower.atlassian.net/rest/api/3/issue/FIT-12?*
2026-07-30 15:54:35.712 +05:30 [INF] Sending HTTP request GET https://grampower.atlassian.net/rest/api/3/issue/FIT-12?*
2026-07-30 15:54:35.731 +05:30 [INF] Start processing HTTP request GET https://grampower.atlassian.net/rest/api/3/issue/FIT-12?*
2026-07-30 15:54:35.731 +05:30 [INF] Sending HTTP request GET https://grampower.atlassian.net/rest/api/3/issue/FIT-12?*
2026-07-30 15:54:36.459 +05:30 [INF] Received HTTP response headers after 727.7084ms - 200
2026-07-30 15:54:36.460 +05:30 [INF] End processing HTTP request after 728.788ms - 200
2026-07-30 15:54:36.461 +05:30 [INF] Start processing HTTP request GET https://grampower.atlassian.net/rest/api/3/issue/FIT-12/comment
2026-07-30 15:54:36.462 +05:30 [INF] Sending HTTP request GET https://grampower.atlassian.net/rest/api/3/issue/FIT-12/comment
2026-07-30 15:54:36.465 +05:30 [INF] Received HTTP response headers after 752.5957ms - 200
2026-07-30 15:54:36.466 +05:30 [INF] End processing HTTP request after 753.7985ms - 200
2026-07-30 15:54:36.467 +05:30 [INF] Start processing HTTP request GET https://grampower.atlassian.net/rest/api/3/issue/FIT-12/comment
2026-07-30 15:54:36.467 +05:30 [INF] Sending HTTP request GET https://grampower.atlassian.net/rest/api/3/issue/FIT-12/comment
2026-07-30 15:54:36.810 +05:30 [INF] Received HTTP response headers after 347.7806ms - 200
2026-07-30 15:54:36.811 +05:30 [INF] End processing HTTP request after 349.4688ms - 200
2026-07-30 15:54:36.812 +05:30 [INF] Start processing HTTP request GET https://grampower.atlassian.net/rest/api/3/issue/FIT-12/transitions
2026-07-30 15:54:36.813 +05:30 [INF] Sending HTTP request GET https://grampower.atlassian.net/rest/api/3/issue/FIT-12/transitions
2026-07-30 15:54:37.292 +05:30 [INF] Received HTTP response headers after 824.5622ms - 200
2026-07-30 15:54:37.292 +05:30 [INF] End processing HTTP request after 825.7732ms - 200
2026-07-30 15:54:37.305 +05:30 [INF] HTTP GET /api/issues/00000000-0000-0000-0000-00000c000000 responded 200 in 2607.3900 ms
2026-07-30 15:54:37.588 +05:30 [INF] Received HTTP response headers after 774.6851ms - 200
2026-07-30 15:54:37.589 +05:30 [INF] End processing HTTP request after 776.1878ms - 200
2026-07-30 15:54:37.589 +05:30 [INF] HTTP GET /api/issues/00000000-0000-0000-0000-00000c000000/transitions responded 200 in 2879.2276 ms
2026-07-30 15:54:55.389 +05:30 [INF] Start processing HTTP request GET https://grampower.atlassian.net/rest/api/3/issue/FIT-12?*
2026-07-30 15:54:55.390 +05:30 [INF] Sending HTTP request GET https://grampower.atlassian.net/rest/api/3/issue/FIT-12?*
2026-07-30 15:54:55.842 +05:30 [INF] Received HTTP response headers after 450.9845ms - 200
2026-07-30 15:54:55.842 +05:30 [INF] End processing HTTP request after 452.5046ms - 200
2026-07-30 15:54:55.951 +05:30 [INF] Start processing HTTP request GET https://grampower.atlassian.net/rest/api/3/issue/FIT-12?*
2026-07-30 15:54:55.952 +05:30 [INF] Sending HTTP request GET https://grampower.atlassian.net/rest/api/3/issue/FIT-12?*
2026-07-30 15:54:56.687 +05:30 [INF] Received HTTP response headers after 735.469ms - 200
2026-07-30 15:54:56.690 +05:30 [INF] End processing HTTP request after 738.9407ms - 200
2026-07-30 15:54:56.691 +05:30 [INF] Start processing HTTP request GET https://grampower.atlassian.net/rest/api/3/issue/FIT-12/comment
2026-07-30 15:54:56.691 +05:30 [INF] Sending HTTP request GET https://grampower.atlassian.net/rest/api/3/issue/FIT-12/comment
2026-07-30 15:54:57.636 +05:30 [INF] Received HTTP response headers after 944.8762ms - 200
2026-07-30 15:54:57.637 +05:30 [INF] End processing HTTP request after 945.8642ms - 200
2026-07-30 15:54:57.647 +05:30 [INF] Start processing HTTP request POST https://grampower.atlassian.net/rest/api/3/issue/FIT-12/transitions
2026-07-30 15:54:57.647 +05:30 [INF] Sending HTTP request POST https://grampower.atlassian.net/rest/api/3/issue/FIT-12/transitions
2026-07-30 15:54:58.780 +05:30 [INF] Received HTTP response headers after 1133.1062ms - 204
2026-07-30 15:54:58.781 +05:30 [INF] End processing HTTP request after 1134.0268ms - 204
2026-07-30 15:54:58.798 +05:30 [INF] Start processing HTTP request POST https://grampower.atlassian.net/rest/api/3/issue/FIT-12/comment
2026-07-30 15:54:58.799 +05:30 [INF] Sending HTTP request POST https://grampower.atlassian.net/rest/api/3/issue/FIT-12/comment
2026-07-30 15:54:59.611 +05:30 [INF] Received HTTP response headers after 811.6577ms - 201
2026-07-30 15:54:59.611 +05:30 [INF] End processing HTTP request after 812.5106ms - 201
2026-07-30 15:54:59.614 +05:30 [INF] HTTP POST /api/issues/00000000-0000-0000-0000-00000c000000/transition responded 204 in 4253.1976 ms
2026-07-30 15:55:00.661 +05:30 [INF] Start processing HTTP request GET https://grampower.atlassian.net/rest/api/3/issue/FIT-12?*
2026-07-30 15:55:00.661 +05:30 [INF] Sending HTTP request GET https://grampower.atlassian.net/rest/api/3/issue/FIT-12?*
2026-07-30 15:55:00.664 +05:30 [INF] Start processing HTTP request GET https://grampower.atlassian.net/rest/api/3/issue/FIT-12?*
2026-07-30 15:55:00.664 +05:30 [INF] Sending HTTP request GET https://grampower.atlassian.net/rest/api/3/issue/FIT-12?*
2026-07-30 15:55:01.064 +05:30 [INF] Received HTTP response headers after 400.2082ms - 200
2026-07-30 15:55:01.065 +05:30 [INF] End processing HTTP request after 400.8107ms - 200
2026-07-30 15:55:01.096 +05:30 [INF] Received HTTP response headers after 435.1894ms - 200
2026-07-30 15:55:01.096 +05:30 [INF] End processing HTTP request after 435.7848ms - 200
2026-07-30 15:55:01.187 +05:30 [INF] Start processing HTTP request GET https://grampower.atlassian.net/rest/api/3/issue/FIT-12?*
2026-07-30 15:55:01.187 +05:30 [INF] Sending HTTP request GET https://grampower.atlassian.net/rest/api/3/issue/FIT-12?*
2026-07-30 15:55:01.247 +05:30 [INF] Start processing HTTP request GET https://grampower.atlassian.net/rest/api/3/issue/FIT-12?*
2026-07-30 15:55:01.247 +05:30 [INF] Sending HTTP request GET https://grampower.atlassian.net/rest/api/3/issue/FIT-12?*
2026-07-30 15:55:01.504 +05:30 [INF] Received HTTP response headers after 316.7152ms - 200
2026-07-30 15:55:01.504 +05:30 [INF] End processing HTTP request after 317.5366ms - 200
2026-07-30 15:55:01.505 +05:30 [INF] Start processing HTTP request GET https://grampower.atlassian.net/rest/api/3/issue/FIT-12/comment
2026-07-30 15:55:01.505 +05:30 [INF] Sending HTTP request GET https://grampower.atlassian.net/rest/api/3/issue/FIT-12/comment
2026-07-30 15:55:01.517 +05:30 [INF] Received HTTP response headers after 270.117ms - 200
2026-07-30 15:55:01.518 +05:30 [INF] End processing HTTP request after 270.9522ms - 200
2026-07-30 15:55:01.518 +05:30 [INF] Start processing HTTP request GET https://grampower.atlassian.net/rest/api/3/issue/FIT-12/comment
2026-07-30 15:55:01.519 +05:30 [INF] Sending HTTP request GET https://grampower.atlassian.net/rest/api/3/issue/FIT-12/comment
2026-07-30 15:55:01.948 +05:30 [INF] Received HTTP response headers after 429.6118ms - 200
2026-07-30 15:55:01.949 +05:30 [INF] End processing HTTP request after 430.3938ms - 200
2026-07-30 15:55:01.951 +05:30 [INF] HTTP GET /api/issues/00000000-0000-0000-0000-00000c000000 responded 200 in 1291.9720 ms
2026-07-30 15:55:02.211 +05:30 [INF] Received HTTP response headers after 705.717ms - 200
2026-07-30 15:55:02.212 +05:30 [INF] End processing HTTP request after 706.8718ms - 200
2026-07-30 15:55:02.214 +05:30 [INF] Start processing HTTP request GET https://grampower.atlassian.net/rest/api/3/issue/FIT-12/transitions
2026-07-30 15:55:02.214 +05:30 [INF] Sending HTTP request GET https://grampower.atlassian.net/rest/api/3/issue/FIT-12/transitions
2026-07-30 15:55:02.593 +05:30 [INF] Received HTTP response headers after 378.7932ms - 200
2026-07-30 15:55:02.594 +05:30 [INF] End processing HTTP request after 380.3811ms - 200
2026-07-30 15:55:02.595 +05:30 [INF] HTTP GET /api/issues/00000000-0000-0000-0000-00000c000000/transitions responded 200 in 1933.0034 ms
2026-07-30 15:55:02.611 +05:30 [INF] Start processing HTTP request GET https://grampower.atlassian.net/rest/api/3/issue/FIT-12?*
2026-07-30 15:55:02.611 +05:30 [INF] Sending HTTP request GET https://grampower.atlassian.net/rest/api/3/issue/FIT-12?*
2026-07-30 15:55:03.504 +05:30 [INF] Received HTTP response headers after 892.4108ms - 200
2026-07-30 15:55:03.504 +05:30 [INF] End processing HTTP request after 893.1427ms - 200
2026-07-30 15:55:03.697 +05:30 [INF] Start processing HTTP request GET https://grampower.atlassian.net/rest/api/3/issue/FIT-12?*
2026-07-30 15:55:03.697 +05:30 [INF] Sending HTTP request GET https://grampower.atlassian.net/rest/api/3/issue/FIT-12?*
2026-07-30 15:55:04.055 +05:30 [INF] Received HTTP response headers after 357.602ms - 200
2026-07-30 15:55:04.056 +05:30 [INF] End processing HTTP request after 358.7195ms - 200
2026-07-30 15:55:04.057 +05:30 [INF] Start processing HTTP request GET https://grampower.atlassian.net/rest/api/3/issue/FIT-12/comment
2026-07-30 15:55:04.058 +05:30 [INF] Sending HTTP request GET https://grampower.atlassian.net/rest/api/3/issue/FIT-12/comment
2026-07-30 15:55:04.431 +05:30 [INF] Received HTTP response headers after 373.3031ms - 200
2026-07-30 15:55:04.432 +05:30 [INF] End processing HTTP request after 374.4915ms - 200
2026-07-30 15:55:04.434 +05:30 [INF] Start processing HTTP request GET https://grampower.atlassian.net/rest/api/3/issue/FIT-12/transitions
2026-07-30 15:55:04.434 +05:30 [INF] Sending HTTP request GET https://grampower.atlassian.net/rest/api/3/issue/FIT-12/transitions
2026-07-30 15:55:04.778 +05:30 [INF] Received HTTP response headers after 343.763ms - 200
2026-07-30 15:55:04.778 +05:30 [INF] End processing HTTP request after 344.3475ms - 200
2026-07-30 15:55:04.779 +05:30 [INF] HTTP GET /api/issues/00000000-0000-0000-0000-00000c000000/transitions responded 200 in 2168.9080 ms
2026-07-30 15:58:40.169 +05:30 [INF] HTTP POST /api/auth/login responded 200 in 28.0540 ms
2026-07-30 15:58:40.257 +05:30 [INF] Start processing HTTP request GET https://grampower.atlassian.net/rest/api/3/search/jql?*
2026-07-30 15:58:40.257 +05:30 [INF] Sending HTTP request GET https://grampower.atlassian.net/rest/api/3/search/jql?*
2026-07-30 15:58:40.976 +05:30 [INF] Received HTTP response headers after 718.1987ms - 200
2026-07-30 15:58:40.976 +05:30 [INF] End processing HTTP request after 719.0839ms - 200
2026-07-30 15:58:40.980 +05:30 [INF] HTTP GET /api/dashboard responded 200 in 725.3155 ms
2026-07-30 15:58:52.257 +05:30 [INF] Start processing HTTP request GET https://grampower.atlassian.net/rest/api/3/issue/FIT-13?*
2026-07-30 15:58:52.258 +05:30 [INF] Sending HTTP request GET https://grampower.atlassian.net/rest/api/3/issue/FIT-13?*
2026-07-30 15:58:52.259 +05:30 [INF] Start processing HTTP request GET https://grampower.atlassian.net/rest/api/3/issue/FIT-13?*
2026-07-30 15:58:52.259 +05:30 [INF] Sending HTTP request GET https://grampower.atlassian.net/rest/api/3/issue/FIT-13?*
2026-07-30 15:58:52.734 +05:30 [INF] Received HTTP response headers after 476.111ms - 200
2026-07-30 15:58:52.735 +05:30 [INF] End processing HTTP request after 477.3171ms - 200
2026-07-30 15:58:52.740 +05:30 [INF] Start processing HTTP request GET https://grampower.atlassian.net/rest/api/3/issue/FIT-13?*
2026-07-30 15:58:52.740 +05:30 [INF] Sending HTTP request GET https://grampower.atlassian.net/rest/api/3/issue/FIT-13?*
2026-07-30 15:58:53.133 +05:30 [INF] Received HTTP response headers after 391.9599ms - 200
2026-07-30 15:58:53.133 +05:30 [INF] End processing HTTP request after 392.749ms - 200
2026-07-30 15:58:53.133 +05:30 [INF] Start processing HTTP request GET https://grampower.atlassian.net/rest/api/3/issue/FIT-13/comment
2026-07-30 15:58:53.134 +05:30 [INF] Sending HTTP request GET https://grampower.atlassian.net/rest/api/3/issue/FIT-13/comment
2026-07-30 15:58:53.300 +05:30 [INF] Received HTTP response headers after 1041.0125ms - 200
2026-07-30 15:58:53.301 +05:30 [INF] End processing HTTP request after 1041.5406ms - 200
2026-07-30 15:58:53.302 +05:30 [INF] Start processing HTTP request GET https://grampower.atlassian.net/rest/api/3/issue/FIT-13?*
2026-07-30 15:58:53.302 +05:30 [INF] Sending HTTP request GET https://grampower.atlassian.net/rest/api/3/issue/FIT-13?*
2026-07-30 15:58:53.670 +05:30 [INF] Received HTTP response headers after 367.7506ms - 200
2026-07-30 15:58:53.670 +05:30 [INF] End processing HTTP request after 368.4252ms - 200
2026-07-30 15:58:53.671 +05:30 [INF] Start processing HTTP request GET https://grampower.atlassian.net/rest/api/3/issue/FIT-13/comment
2026-07-30 15:58:53.671 +05:30 [INF] Sending HTTP request GET https://grampower.atlassian.net/rest/api/3/issue/FIT-13/comment
2026-07-30 15:58:53.826 +05:30 [INF] Received HTTP response headers after 692.1467ms - 200
2026-07-30 15:58:53.826 +05:30 [INF] End processing HTTP request after 692.8736ms - 200
2026-07-30 15:58:53.828 +05:30 [INF] HTTP GET /api/issues/00000000-0000-0000-0000-00000d000000 responded 200 in 1572.2481 ms
2026-07-30 15:58:53.986 +05:30 [INF] Received HTTP response headers after 314.98ms - 200
2026-07-30 15:58:53.986 +05:30 [INF] End processing HTTP request after 315.4375ms - 200
2026-07-30 15:58:53.991 +05:30 [INF] Start processing HTTP request GET https://grampower.atlassian.net/rest/api/3/issue/FIT-13/transitions
2026-07-30 15:58:53.991 +05:30 [INF] Sending HTTP request GET https://grampower.atlassian.net/rest/api/3/issue/FIT-13/transitions
2026-07-30 15:58:54.751 +05:30 [INF] Received HTTP response headers after 759.9543ms - 200
2026-07-30 15:58:54.752 +05:30 [INF] End processing HTTP request after 760.813ms - 200
2026-07-30 15:58:54.753 +05:30 [INF] HTTP GET /api/issues/00000000-0000-0000-0000-00000d000000/transitions responded 200 in 2494.8756 ms
2026-07-30 15:59:10.666 +05:30 [INF] Start processing HTTP request GET https://grampower.atlassian.net/rest/api/3/issue/FIT-13?*
2026-07-30 15:59:10.667 +05:30 [INF] Sending HTTP request GET https://grampower.atlassian.net/rest/api/3/issue/FIT-13?*
2026-07-30 15:59:11.204 +05:30 [INF] Received HTTP response headers after 536.6672ms - 200
2026-07-30 15:59:11.204 +05:30 [INF] End processing HTTP request after 538.1832ms - 200
2026-07-30 15:59:11.216 +05:30 [INF] Start processing HTTP request GET https://grampower.atlassian.net/rest/api/3/issue/FIT-13?*
2026-07-30 15:59:11.217 +05:30 [INF] Sending HTTP request GET https://grampower.atlassian.net/rest/api/3/issue/FIT-13?*
2026-07-30 15:59:11.497 +05:30 [INF] Received HTTP response headers after 280.3385ms - 200
2026-07-30 15:59:11.497 +05:30 [INF] End processing HTTP request after 280.9518ms - 200
2026-07-30 15:59:11.498 +05:30 [INF] Start processing HTTP request GET https://grampower.atlassian.net/rest/api/3/issue/FIT-13/comment
2026-07-30 15:59:11.498 +05:30 [INF] Sending HTTP request GET https://grampower.atlassian.net/rest/api/3/issue/FIT-13/comment
2026-07-30 15:59:11.785 +05:30 [INF] Received HTTP response headers after 287.3266ms - 200
2026-07-30 15:59:11.785 +05:30 [INF] End processing HTTP request after 287.7275ms - 200
2026-07-30 15:59:11.791 +05:30 [INF] Start processing HTTP request GET https://grampower.atlassian.net/rest/api/3/issue/FIT-13?*
2026-07-30 15:59:11.792 +05:30 [INF] Sending HTTP request GET https://grampower.atlassian.net/rest/api/3/issue/FIT-13?*
2026-07-30 15:59:12.211 +05:30 [INF] Received HTTP response headers after 418.8272ms - 200
2026-07-30 15:59:12.211 +05:30 [INF] End processing HTTP request after 419.5994ms - 200
2026-07-30 15:59:12.233 +05:30 [INF] Start processing HTTP request PUT https://grampower.atlassian.net/rest/api/3/issue/FIT-13
2026-07-30 15:59:12.233 +05:30 [INF] Sending HTTP request PUT https://grampower.atlassian.net/rest/api/3/issue/FIT-13
2026-07-30 15:59:12.842 +05:30 [INF] Received HTTP response headers after 608.1848ms - 204
2026-07-30 15:59:12.842 +05:30 [INF] End processing HTTP request after 609.0921ms - 204
2026-07-30 15:59:12.844 +05:30 [INF] Start processing HTTP request POST https://grampower.atlassian.net/rest/api/3/issue/FIT-13/comment
2026-07-30 15:59:12.844 +05:30 [INF] Sending HTTP request POST https://grampower.atlassian.net/rest/api/3/issue/FIT-13/comment
2026-07-30 15:59:13.322 +05:30 [INF] Received HTTP response headers after 478.1224ms - 201
2026-07-30 15:59:13.324 +05:30 [INF] End processing HTTP request after 480.395ms - 201
2026-07-30 15:59:13.337 +05:30 [INF] HTTP POST /api/issues/00000000-0000-0000-0000-00000d000000/comments responded 204 in 2689.1750 ms
2026-07-30 15:59:13.363 +05:30 [INF] Start processing HTTP request GET https://grampower.atlassian.net/rest/api/3/issue/FIT-13?*
2026-07-30 15:59:13.363 +05:30 [INF] Start processing HTTP request GET https://grampower.atlassian.net/rest/api/3/issue/FIT-13?*
2026-07-30 15:59:13.364 +05:30 [INF] Sending HTTP request GET https://grampower.atlassian.net/rest/api/3/issue/FIT-13?*
2026-07-30 15:59:13.364 +05:30 [INF] Sending HTTP request GET https://grampower.atlassian.net/rest/api/3/issue/FIT-13?*
2026-07-30 15:59:13.693 +05:30 [INF] Received HTTP response headers after 329.5504ms - 200
2026-07-30 15:59:13.693 +05:30 [INF] End processing HTTP request after 329.9281ms - 200
2026-07-30 15:59:13.697 +05:30 [INF] Received HTTP response headers after 332.9494ms - 200
2026-07-30 15:59:13.697 +05:30 [INF] End processing HTTP request after 333.1957ms - 200
2026-07-30 15:59:13.712 +05:30 [INF] Start processing HTTP request GET https://grampower.atlassian.net/rest/api/3/issue/FIT-13?*
2026-07-30 15:59:13.712 +05:30 [INF] Sending HTTP request GET https://grampower.atlassian.net/rest/api/3/issue/FIT-13?*
2026-07-30 15:59:13.717 +05:30 [INF] Start processing HTTP request GET https://grampower.atlassian.net/rest/api/3/issue/FIT-13?*
2026-07-30 15:59:13.717 +05:30 [INF] Sending HTTP request GET https://grampower.atlassian.net/rest/api/3/issue/FIT-13?*
2026-07-30 15:59:14.104 +05:30 [INF] Received HTTP response headers after 386.5444ms - 200
2026-07-30 15:59:14.104 +05:30 [INF] End processing HTTP request after 387.522ms - 200
2026-07-30 15:59:14.107 +05:30 [INF] Start processing HTTP request GET https://grampower.atlassian.net/rest/api/3/issue/FIT-13/comment
2026-07-30 15:59:14.108 +05:30 [INF] Sending HTTP request GET https://grampower.atlassian.net/rest/api/3/issue/FIT-13/comment
2026-07-30 15:59:14.419 +05:30 [INF] Received HTTP response headers after 706.4119ms - 200
2026-07-30 15:59:14.420 +05:30 [INF] End processing HTTP request after 708.0071ms - 200
2026-07-30 15:59:14.422 +05:30 [INF] Start processing HTTP request GET https://grampower.atlassian.net/rest/api/3/issue/FIT-13/comment
2026-07-30 15:59:14.422 +05:30 [INF] Sending HTTP request GET https://grampower.atlassian.net/rest/api/3/issue/FIT-13/comment
2026-07-30 15:59:14.716 +05:30 [INF] Received HTTP response headers after 293.7002ms - 200
2026-07-30 15:59:14.716 +05:30 [INF] End processing HTTP request after 294.5937ms - 200
2026-07-30 15:59:14.717 +05:30 [INF] Start processing HTTP request GET https://grampower.atlassian.net/rest/api/3/issue/FIT-13/transitions
2026-07-30 15:59:14.717 +05:30 [INF] Sending HTTP request GET https://grampower.atlassian.net/rest/api/3/issue/FIT-13/transitions
2026-07-30 15:59:14.820 +05:30 [INF] Received HTTP response headers after 712.7778ms - 200
2026-07-30 15:59:14.821 +05:30 [INF] End processing HTTP request after 713.5227ms - 200
2026-07-30 15:59:14.822 +05:30 [INF] HTTP GET /api/issues/00000000-0000-0000-0000-00000d000000 responded 200 in 1459.3357 ms
2026-07-30 15:59:15.001 +05:30 [INF] Received HTTP response headers after 283.417ms - 200
2026-07-30 15:59:15.001 +05:30 [INF] End processing HTTP request after 283.9624ms - 200
2026-07-30 15:59:15.002 +05:30 [INF] HTTP GET /api/issues/00000000-0000-0000-0000-00000d000000/transitions responded 200 in 1638.9144 ms
2026-07-30 15:59:39.676 +05:30 [INF] Start processing HTTP request GET https://grampower.atlassian.net/rest/api/3/issue/FIT-13?*
2026-07-30 15:59:39.677 +05:30 [INF] Sending HTTP request GET https://grampower.atlassian.net/rest/api/3/issue/FIT-13?*
2026-07-30 15:59:39.679 +05:30 [INF] Start processing HTTP request GET https://grampower.atlassian.net/rest/api/3/issue/FIT-13?*
2026-07-30 15:59:39.679 +05:30 [INF] Sending HTTP request GET https://grampower.atlassian.net/rest/api/3/issue/FIT-13?*
2026-07-30 15:59:40.093 +05:30 [INF] Received HTTP response headers after 415.8209ms - 200
2026-07-30 15:59:40.093 +05:30 [INF] Received HTTP response headers after 413.8471ms - 200
2026-07-30 15:59:40.093 +05:30 [INF] End processing HTTP request after 414.4283ms - 200
2026-07-30 15:59:40.093 +05:30 [INF] End processing HTTP request after 417.0119ms - 200
2026-07-30 15:59:40.111 +05:30 [INF] Start processing HTTP request GET https://grampower.atlassian.net/rest/api/3/issue/FIT-13?*
2026-07-30 15:59:40.111 +05:30 [INF] Sending HTTP request GET https://grampower.atlassian.net/rest/api/3/issue/FIT-13?*
2026-07-30 15:59:40.113 +05:30 [INF] Start processing HTTP request GET https://grampower.atlassian.net/rest/api/3/issue/FIT-13?*
2026-07-30 15:59:40.113 +05:30 [INF] Sending HTTP request GET https://grampower.atlassian.net/rest/api/3/issue/FIT-13?*
2026-07-30 15:59:40.394 +05:30 [INF] Received HTTP response headers after 282.6175ms - 200
2026-07-30 15:59:40.394 +05:30 [INF] End processing HTTP request after 283.7507ms - 200
2026-07-30 15:59:40.395 +05:30 [INF] Start processing HTTP request GET https://grampower.atlassian.net/rest/api/3/issue/FIT-13/comment
2026-07-30 15:59:40.395 +05:30 [INF] Sending HTTP request GET https://grampower.atlassian.net/rest/api/3/issue/FIT-13/comment
2026-07-30 15:59:40.477 +05:30 [INF] Received HTTP response headers after 363.9944ms - 200
2026-07-30 15:59:40.478 +05:30 [INF] End processing HTTP request after 364.592ms - 200
2026-07-30 15:59:40.478 +05:30 [INF] Start processing HTTP request GET https://grampower.atlassian.net/rest/api/3/issue/FIT-13/comment
2026-07-30 15:59:40.478 +05:30 [INF] Sending HTTP request GET https://grampower.atlassian.net/rest/api/3/issue/FIT-13/comment
2026-07-30 15:59:40.729 +05:30 [INF] Received HTTP response headers after 334.2392ms - 200
2026-07-30 15:59:40.729 +05:30 [INF] End processing HTTP request after 334.8742ms - 200
2026-07-30 15:59:40.732 +05:30 [INF] Start processing HTTP request GET https://grampower.atlassian.net/rest/api/3/issue/FIT-13/transitions
2026-07-30 15:59:40.733 +05:30 [INF] Sending HTTP request GET https://grampower.atlassian.net/rest/api/3/issue/FIT-13/transitions
2026-07-30 15:59:40.843 +05:30 [INF] Received HTTP response headers after 364.646ms - 200
2026-07-30 15:59:40.843 +05:30 [INF] End processing HTTP request after 365.1915ms - 200
2026-07-30 15:59:40.844 +05:30 [INF] HTTP GET /api/issues/00000000-0000-0000-0000-00000d000000 responded 200 in 1173.1247 ms
2026-07-30 15:59:41.092 +05:30 [INF] Received HTTP response headers after 359.3101ms - 200
2026-07-30 15:59:41.092 +05:30 [INF] End processing HTTP request after 360.1035ms - 200
2026-07-30 15:59:41.093 +05:30 [INF] HTTP GET /api/issues/00000000-0000-0000-0000-00000d000000/transitions responded 200 in 1415.6296 ms
2026-07-30 15:59:58.193 +05:30 [INF] Start processing HTTP request GET https://grampower.atlassian.net/rest/api/3/issue/FIT-13?*
2026-07-30 15:59:58.194 +05:30 [INF] Sending HTTP request GET https://grampower.atlassian.net/rest/api/3/issue/FIT-13?*
2026-07-30 15:59:58.670 +05:30 [INF] Received HTTP response headers after 476.3225ms - 200
2026-07-30 15:59:58.670 +05:30 [INF] End processing HTTP request after 477.548ms - 200
2026-07-30 15:59:58.672 +05:30 [INF] Start processing HTTP request GET https://grampower.atlassian.net/rest/api/3/issue/FIT-13?*
2026-07-30 15:59:58.673 +05:30 [INF] Sending HTTP request GET https://grampower.atlassian.net/rest/api/3/issue/FIT-13?*
2026-07-30 15:59:58.952 +05:30 [INF] Received HTTP response headers after 279.2907ms - 200
2026-07-30 15:59:58.953 +05:30 [INF] End processing HTTP request after 280.1552ms - 200
2026-07-30 15:59:58.953 +05:30 [INF] Start processing HTTP request GET https://grampower.atlassian.net/rest/api/3/issue/FIT-13/comment
2026-07-30 15:59:58.953 +05:30 [INF] Sending HTTP request GET https://grampower.atlassian.net/rest/api/3/issue/FIT-13/comment
2026-07-30 15:59:59.732 +05:30 [INF] Received HTTP response headers after 778.8356ms - 200
2026-07-30 15:59:59.732 +05:30 [INF] End processing HTTP request after 779.4974ms - 200
2026-07-30 15:59:59.734 +05:30 [INF] Start processing HTTP request POST https://grampower.atlassian.net/rest/api/3/issue/FIT-13/transitions
2026-07-30 15:59:59.734 +05:30 [INF] Sending HTTP request POST https://grampower.atlassian.net/rest/api/3/issue/FIT-13/transitions
2026-07-30 16:00:00.502 +05:30 [INF] Received HTTP response headers after 767.4545ms - 204
2026-07-30 16:00:00.502 +05:30 [INF] End processing HTTP request after 768.419ms - 204
2026-07-30 16:00:00.503 +05:30 [INF] Start processing HTTP request POST https://grampower.atlassian.net/rest/api/3/issue/FIT-13/comment
2026-07-30 16:00:00.503 +05:30 [INF] Sending HTTP request POST https://grampower.atlassian.net/rest/api/3/issue/FIT-13/comment
2026-07-30 16:00:00.900 +05:30 [INF] Received HTTP response headers after 397.0337ms - 201
2026-07-30 16:00:00.901 +05:30 [INF] End processing HTTP request after 397.9124ms - 201
2026-07-30 16:00:00.902 +05:30 [INF] HTTP POST /api/issues/00000000-0000-0000-0000-00000d000000/transition responded 204 in 2710.3490 ms
2026-07-30 16:00:01.931 +05:30 [INF] Start processing HTTP request GET https://grampower.atlassian.net/rest/api/3/issue/FIT-13?*
2026-07-30 16:00:01.931 +05:30 [INF] Start processing HTTP request GET https://grampower.atlassian.net/rest/api/3/issue/FIT-13?*
2026-07-30 16:00:01.931 +05:30 [INF] Sending HTTP request GET https://grampower.atlassian.net/rest/api/3/issue/FIT-13?*
2026-07-30 16:00:01.931 +05:30 [INF] Sending HTTP request GET https://grampower.atlassian.net/rest/api/3/issue/FIT-13?*
2026-07-30 16:00:02.339 +05:30 [INF] Received HTTP response headers after 407.6929ms - 200
2026-07-30 16:00:02.340 +05:30 [INF] End processing HTTP request after 408.4902ms - 200
2026-07-30 16:00:02.366 +05:30 [INF] Received HTTP response headers after 434.0226ms - 200
2026-07-30 16:00:02.366 +05:30 [INF] End processing HTTP request after 434.7293ms - 200
2026-07-30 16:00:02.367 +05:30 [INF] Start processing HTTP request GET https://grampower.atlassian.net/rest/api/3/issue/FIT-13?*
2026-07-30 16:00:02.368 +05:30 [INF] Sending HTTP request GET https://grampower.atlassian.net/rest/api/3/issue/FIT-13?*
2026-07-30 16:00:02.371 +05:30 [INF] Start processing HTTP request GET https://grampower.atlassian.net/rest/api/3/issue/FIT-13?*
2026-07-30 16:00:02.371 +05:30 [INF] Sending HTTP request GET https://grampower.atlassian.net/rest/api/3/issue/FIT-13?*
2026-07-30 16:00:02.638 +05:30 [INF] Received HTTP response headers after 270.5375ms - 200
2026-07-30 16:00:02.638 +05:30 [INF] End processing HTTP request after 271.1466ms - 200
2026-07-30 16:00:02.639 +05:30 [INF] Start processing HTTP request GET https://grampower.atlassian.net/rest/api/3/issue/FIT-13/comment
2026-07-30 16:00:02.639 +05:30 [INF] Sending HTTP request GET https://grampower.atlassian.net/rest/api/3/issue/FIT-13/comment
2026-07-30 16:00:02.656 +05:30 [INF] Received HTTP response headers after 284.3725ms - 200
2026-07-30 16:00:02.656 +05:30 [INF] End processing HTTP request after 284.9858ms - 200
2026-07-30 16:00:02.656 +05:30 [INF] Start processing HTTP request GET https://grampower.atlassian.net/rest/api/3/issue/FIT-13/comment
2026-07-30 16:00:02.656 +05:30 [INF] Sending HTTP request GET https://grampower.atlassian.net/rest/api/3/issue/FIT-13/comment
2026-07-30 16:00:03.007 +05:30 [INF] Received HTTP response headers after 350.0762ms - 200
2026-07-30 16:00:03.007 +05:30 [INF] End processing HTTP request after 350.7352ms - 200
2026-07-30 16:00:03.008 +05:30 [INF] Start processing HTTP request GET https://grampower.atlassian.net/rest/api/3/issue/FIT-13/transitions
2026-07-30 16:00:03.008 +05:30 [INF] Sending HTTP request GET https://grampower.atlassian.net/rest/api/3/issue/FIT-13/transitions
2026-07-30 16:00:03.391 +05:30 [INF] Received HTTP response headers after 382.3079ms - 200
2026-07-30 16:00:03.391 +05:30 [INF] End processing HTTP request after 383.0212ms - 200
2026-07-30 16:00:03.392 +05:30 [INF] HTTP GET /api/issues/00000000-0000-0000-0000-00000d000000/transitions responded 200 in 1461.8579 ms
2026-07-30 16:00:03.402 +05:30 [INF] Received HTTP response headers after 762.8737ms - 200
2026-07-30 16:00:03.402 +05:30 [INF] End processing HTTP request after 763.5432ms - 200
2026-07-30 16:00:03.404 +05:30 [INF] HTTP GET /api/issues/00000000-0000-0000-0000-00000d000000 responded 200 in 1473.7854 ms
2026-07-30 16:00:03.404 +05:30 [INF] Start processing HTTP request GET https://grampower.atlassian.net/rest/api/3/issue/FIT-13?*
2026-07-30 16:00:03.405 +05:30 [INF] Sending HTTP request GET https://grampower.atlassian.net/rest/api/3/issue/FIT-13?*
2026-07-30 16:00:04.271 +05:30 [INF] Received HTTP response headers after 865.8962ms - 200
2026-07-30 16:00:04.271 +05:30 [INF] End processing HTTP request after 866.7253ms - 200
2026-07-30 16:00:04.273 +05:30 [INF] Start processing HTTP request GET https://grampower.atlassian.net/rest/api/3/issue/FIT-13?*
2026-07-30 16:00:04.273 +05:30 [INF] Sending HTTP request GET https://grampower.atlassian.net/rest/api/3/issue/FIT-13?*
2026-07-30 16:00:04.557 +05:30 [INF] Received HTTP response headers after 284.137ms - 200
2026-07-30 16:00:04.557 +05:30 [INF] End processing HTTP request after 284.7099ms - 200
2026-07-30 16:00:04.557 +05:30 [INF] Start processing HTTP request GET https://grampower.atlassian.net/rest/api/3/issue/FIT-13/comment
2026-07-30 16:00:04.558 +05:30 [INF] Sending HTTP request GET https://grampower.atlassian.net/rest/api/3/issue/FIT-13/comment
2026-07-30 16:00:04.961 +05:30 [INF] Received HTTP response headers after 403.0292ms - 200
2026-07-30 16:00:04.961 +05:30 [INF] End processing HTTP request after 403.6832ms - 200
2026-07-30 16:00:04.962 +05:30 [INF] Start processing HTTP request GET https://grampower.atlassian.net/rest/api/3/issue/FIT-13/transitions
2026-07-30 16:00:04.963 +05:30 [INF] Sending HTTP request GET https://grampower.atlassian.net/rest/api/3/issue/FIT-13/transitions
2026-07-30 16:00:05.266 +05:30 [INF] Received HTTP response headers after 302.9392ms - 200
2026-07-30 16:00:05.266 +05:30 [INF] End processing HTTP request after 303.965ms - 200
2026-07-30 16:00:05.268 +05:30 [INF] HTTP GET /api/issues/00000000-0000-0000-0000-00000d000000/transitions responded 200 in 1865.1411 ms
2026-07-30 16:00:31.750 +05:30 [INF] Start processing HTTP request GET https://grampower.atlassian.net/rest/api/3/issue/FIT-13?*
2026-07-30 16:00:31.751 +05:30 [INF] Start processing HTTP request GET https://grampower.atlassian.net/rest/api/3/issue/FIT-13?*
2026-07-30 16:00:31.751 +05:30 [INF] Sending HTTP request GET https://grampower.atlassian.net/rest/api/3/issue/FIT-13?*
2026-07-30 16:00:31.751 +05:30 [INF] Sending HTTP request GET https://grampower.atlassian.net/rest/api/3/issue/FIT-13?*
2026-07-30 16:00:32.233 +05:30 [INF] Received HTTP response headers after 482.32ms - 200
2026-07-30 16:00:32.233 +05:30 [INF] Received HTTP response headers after 482.3029ms - 200
2026-07-30 16:00:32.234 +05:30 [INF] End processing HTTP request after 483.3763ms - 200
2026-07-30 16:00:32.234 +05:30 [INF] End processing HTTP request after 483.7847ms - 200
2026-07-30 16:00:32.235 +05:30 [INF] Start processing HTTP request GET https://grampower.atlassian.net/rest/api/3/issue/FIT-13?*
2026-07-30 16:00:32.236 +05:30 [INF] Sending HTTP request GET https://grampower.atlassian.net/rest/api/3/issue/FIT-13?*
2026-07-30 16:00:32.263 +05:30 [INF] Start processing HTTP request GET https://grampower.atlassian.net/rest/api/3/issue/FIT-13?*
2026-07-30 16:00:32.263 +05:30 [INF] Sending HTTP request GET https://grampower.atlassian.net/rest/api/3/issue/FIT-13?*
2026-07-30 16:00:32.507 +05:30 [INF] Received HTTP response headers after 271.7462ms - 200
2026-07-30 16:00:32.508 +05:30 [INF] End processing HTTP request after 272.2709ms - 200
2026-07-30 16:00:32.508 +05:30 [INF] Start processing HTTP request GET https://grampower.atlassian.net/rest/api/3/issue/FIT-13/comment
2026-07-30 16:00:32.508 +05:30 [INF] Sending HTTP request GET https://grampower.atlassian.net/rest/api/3/issue/FIT-13/comment
2026-07-30 16:00:32.521 +05:30 [INF] Received HTTP response headers after 257.9529ms - 200
2026-07-30 16:00:32.521 +05:30 [INF] End processing HTTP request after 258.6732ms - 200
2026-07-30 16:00:32.521 +05:30 [INF] Start processing HTTP request GET https://grampower.atlassian.net/rest/api/3/issue/FIT-13/comment
2026-07-30 16:00:32.522 +05:30 [INF] Sending HTTP request GET https://grampower.atlassian.net/rest/api/3/issue/FIT-13/comment
2026-07-30 16:00:32.848 +05:30 [INF] Received HTTP response headers after 326.3305ms - 200
2026-07-30 16:00:32.848 +05:30 [INF] End processing HTTP request after 326.9392ms - 200
2026-07-30 16:00:32.851 +05:30 [INF] Received HTTP response headers after 342.569ms - 200
2026-07-30 16:00:32.851 +05:30 [INF] End processing HTTP request after 343.4191ms - 200
2026-07-30 16:00:32.852 +05:30 [INF] HTTP GET /api/issues/00000000-0000-0000-0000-00000d000000 responded 200 in 1113.2162 ms
2026-07-30 16:00:32.852 +05:30 [INF] Start processing HTTP request GET https://grampower.atlassian.net/rest/api/3/issue/FIT-13/transitions
2026-07-30 16:00:32.852 +05:30 [INF] Sending HTTP request GET https://grampower.atlassian.net/rest/api/3/issue/FIT-13/transitions
2026-07-30 16:00:33.574 +05:30 [INF] Received HTTP response headers after 721.7568ms - 200
2026-07-30 16:00:33.575 +05:30 [INF] End processing HTTP request after 722.5624ms - 200
2026-07-30 16:00:33.579 +05:30 [INF] HTTP GET /api/issues/00000000-0000-0000-0000-00000d000000/transitions responded 200 in 1840.8871 ms
2026-07-30 16:00:39.843 +05:30 [INF] Start processing HTTP request GET https://grampower.atlassian.net/rest/api/3/issue/FIT-13?*
2026-07-30 16:00:39.843 +05:30 [INF] Sending HTTP request GET https://grampower.atlassian.net/rest/api/3/issue/FIT-13?*
2026-07-30 16:00:40.291 +05:30 [INF] Received HTTP response headers after 447.6312ms - 200
2026-07-30 16:00:40.291 +05:30 [INF] End processing HTTP request after 448.5202ms - 200
2026-07-30 16:00:40.302 +05:30 [INF] Start processing HTTP request GET https://grampower.atlassian.net/rest/api/3/issue/FIT-13?*
2026-07-30 16:00:40.302 +05:30 [INF] Sending HTTP request GET https://grampower.atlassian.net/rest/api/3/issue/FIT-13?*
2026-07-30 16:00:40.613 +05:30 [INF] Received HTTP response headers after 310.3168ms - 200
2026-07-30 16:00:40.614 +05:30 [INF] End processing HTTP request after 311.7441ms - 200
2026-07-30 16:00:40.616 +05:30 [INF] Start processing HTTP request GET https://grampower.atlassian.net/rest/api/3/issue/FIT-13/comment
2026-07-30 16:00:40.617 +05:30 [INF] Sending HTTP request GET https://grampower.atlassian.net/rest/api/3/issue/FIT-13/comment
2026-07-30 16:00:40.956 +05:30 [INF] Received HTTP response headers after 339.3149ms - 200
2026-07-30 16:00:40.957 +05:30 [INF] End processing HTTP request after 340.2028ms - 200
2026-07-30 16:00:40.959 +05:30 [INF] Start processing HTTP request POST https://grampower.atlassian.net/rest/api/3/issue/FIT-13/transitions
2026-07-30 16:00:40.959 +05:30 [INF] Sending HTTP request POST https://grampower.atlassian.net/rest/api/3/issue/FIT-13/transitions
2026-07-30 16:00:41.865 +05:30 [INF] Received HTTP response headers after 905.3489ms - 204
2026-07-30 16:00:41.865 +05:30 [INF] End processing HTTP request after 906.2649ms - 204
2026-07-30 16:00:41.866 +05:30 [INF] HTTP POST /api/issues/00000000-0000-0000-0000-00000d000000/transition responded 204 in 2030.4247 ms
2026-07-30 16:00:42.886 +05:30 [INF] Start processing HTTP request GET https://grampower.atlassian.net/rest/api/3/issue/FIT-13?*
2026-07-30 16:00:42.886 +05:30 [INF] Start processing HTTP request GET https://grampower.atlassian.net/rest/api/3/issue/FIT-13?*
2026-07-30 16:00:42.886 +05:30 [INF] Sending HTTP request GET https://grampower.atlassian.net/rest/api/3/issue/FIT-13?*
2026-07-30 16:00:42.886 +05:30 [INF] Sending HTTP request GET https://grampower.atlassian.net/rest/api/3/issue/FIT-13?*
2026-07-30 16:00:43.290 +05:30 [INF] Received HTTP response headers after 403.891ms - 200
2026-07-30 16:00:43.291 +05:30 [INF] End processing HTTP request after 404.9893ms - 200
2026-07-30 16:00:43.318 +05:30 [INF] Start processing HTTP request GET https://grampower.atlassian.net/rest/api/3/issue/FIT-13?*
2026-07-30 16:00:43.318 +05:30 [INF] Sending HTTP request GET https://grampower.atlassian.net/rest/api/3/issue/FIT-13?*
2026-07-30 16:00:43.650 +05:30 [INF] Received HTTP response headers after 331.0752ms - 200
2026-07-30 16:00:43.650 +05:30 [INF] End processing HTTP request after 331.9494ms - 200
2026-07-30 16:00:43.650 +05:30 [INF] Start processing HTTP request GET https://grampower.atlassian.net/rest/api/3/issue/FIT-13/comment
2026-07-30 16:00:43.650 +05:30 [INF] Sending HTTP request GET https://grampower.atlassian.net/rest/api/3/issue/FIT-13/comment
2026-07-30 16:00:43.833 +05:30 [INF] Received HTTP response headers after 947.2735ms - 200
2026-07-30 16:00:43.834 +05:30 [INF] End processing HTTP request after 947.9705ms - 200
2026-07-30 16:00:43.862 +05:30 [INF] Start processing HTTP request GET https://grampower.atlassian.net/rest/api/3/issue/FIT-13?*
2026-07-30 16:00:43.862 +05:30 [INF] Sending HTTP request GET https://grampower.atlassian.net/rest/api/3/issue/FIT-13?*
2026-07-30 16:00:44.092 +05:30 [INF] Received HTTP response headers after 441.4991ms - 200
2026-07-30 16:00:44.092 +05:30 [INF] End processing HTTP request after 442.0628ms - 200
2026-07-30 16:00:44.093 +05:30 [INF] Start processing HTTP request GET https://grampower.atlassian.net/rest/api/3/issue/FIT-13/transitions
2026-07-30 16:00:44.093 +05:30 [INF] Sending HTTP request GET https://grampower.atlassian.net/rest/api/3/issue/FIT-13/transitions
2026-07-30 16:00:44.137 +05:30 [INF] Received HTTP response headers after 274.9224ms - 200
2026-07-30 16:00:44.138 +05:30 [INF] End processing HTTP request after 275.6911ms - 200
2026-07-30 16:00:44.141 +05:30 [INF] Start processing HTTP request GET https://grampower.atlassian.net/rest/api/3/issue/FIT-13/comment
2026-07-30 16:00:44.141 +05:30 [INF] Sending HTTP request GET https://grampower.atlassian.net/rest/api/3/issue/FIT-13/comment
2026-07-30 16:00:44.375 +05:30 [INF] Received HTTP response headers after 281.3314ms - 200
2026-07-30 16:00:44.375 +05:30 [INF] End processing HTTP request after 281.9611ms - 200
2026-07-30 16:00:44.376 +05:30 [INF] HTTP GET /api/issues/00000000-0000-0000-0000-00000d000000/transitions responded 200 in 1491.0856 ms
2026-07-30 16:00:44.387 +05:30 [INF] Start processing HTTP request GET https://grampower.atlassian.net/rest/api/3/issue/FIT-13?*
2026-07-30 16:00:44.388 +05:30 [INF] Sending HTTP request GET https://grampower.atlassian.net/rest/api/3/issue/FIT-13?*
2026-07-30 16:00:44.807 +05:30 [INF] Received HTTP response headers after 419.4266ms - 200
2026-07-30 16:00:44.807 +05:30 [INF] End processing HTTP request after 419.8753ms - 200
2026-07-30 16:00:44.809 +05:30 [INF] Start processing HTTP request GET https://grampower.atlassian.net/rest/api/3/issue/FIT-13?*
2026-07-30 16:00:44.809 +05:30 [INF] Sending HTTP request GET https://grampower.atlassian.net/rest/api/3/issue/FIT-13?*
2026-07-30 16:00:44.930 +05:30 [INF] Received HTTP response headers after 788.9527ms - 200
2026-07-30 16:00:44.930 +05:30 [INF] End processing HTTP request after 789.7057ms - 200
2026-07-30 16:00:44.932 +05:30 [INF] HTTP GET /api/issues/00000000-0000-0000-0000-00000d000000 responded 200 in 2047.1353 ms
2026-07-30 16:00:45.108 +05:30 [INF] Received HTTP response headers after 299.0052ms - 200
2026-07-30 16:00:45.108 +05:30 [INF] End processing HTTP request after 299.7194ms - 200
2026-07-30 16:00:45.109 +05:30 [INF] Start processing HTTP request GET https://grampower.atlassian.net/rest/api/3/issue/FIT-13/comment
2026-07-30 16:00:45.109 +05:30 [INF] Sending HTTP request GET https://grampower.atlassian.net/rest/api/3/issue/FIT-13/comment
2026-07-30 16:00:45.456 +05:30 [INF] Received HTTP response headers after 346.8829ms - 200
2026-07-30 16:00:45.456 +05:30 [INF] End processing HTTP request after 347.4233ms - 200
2026-07-30 16:00:45.457 +05:30 [INF] Start processing HTTP request GET https://grampower.atlassian.net/rest/api/3/issue/FIT-13/transitions
2026-07-30 16:00:45.457 +05:30 [INF] Sending HTTP request GET https://grampower.atlassian.net/rest/api/3/issue/FIT-13/transitions
2026-07-30 16:00:45.861 +05:30 [INF] Received HTTP response headers after 404.0546ms - 200
2026-07-30 16:00:45.861 +05:30 [INF] End processing HTTP request after 404.6507ms - 200
2026-07-30 16:00:45.862 +05:30 [INF] HTTP GET /api/issues/00000000-0000-0000-0000-00000d000000/transitions responded 200 in 1475.2677 ms
2026-07-30 16:00:50.431 +05:30 [INF] Start processing HTTP request GET https://grampower.atlassian.net/rest/api/3/issue/FIT-13?*
2026-07-30 16:00:50.431 +05:30 [INF] Sending HTTP request GET https://grampower.atlassian.net/rest/api/3/issue/FIT-13?*
2026-07-30 16:00:50.867 +05:30 [INF] Received HTTP response headers after 435.8893ms - 200
2026-07-30 16:00:50.868 +05:30 [INF] End processing HTTP request after 436.7296ms - 200
2026-07-30 16:00:50.870 +05:30 [INF] Start processing HTTP request GET https://grampower.atlassian.net/rest/api/3/issue/FIT-13?*
2026-07-30 16:00:50.870 +05:30 [INF] Sending HTTP request GET https://grampower.atlassian.net/rest/api/3/issue/FIT-13?*
2026-07-30 16:00:51.170 +05:30 [INF] Received HTTP response headers after 300.2969ms - 200
2026-07-30 16:00:51.171 +05:30 [INF] End processing HTTP request after 301.0822ms - 200
2026-07-30 16:00:51.171 +05:30 [INF] Start processing HTTP request GET https://grampower.atlassian.net/rest/api/3/issue/FIT-13/comment
2026-07-30 16:00:51.171 +05:30 [INF] Sending HTTP request GET https://grampower.atlassian.net/rest/api/3/issue/FIT-13/comment
2026-07-30 16:00:51.483 +05:30 [INF] Received HTTP response headers after 311.2817ms - 200
2026-07-30 16:00:51.483 +05:30 [INF] End processing HTTP request after 312.1895ms - 200
2026-07-30 16:00:51.484 +05:30 [INF] Start processing HTTP request POST https://grampower.atlassian.net/rest/api/3/issue/FIT-13/transitions
2026-07-30 16:00:51.484 +05:30 [INF] Sending HTTP request POST https://grampower.atlassian.net/rest/api/3/issue/FIT-13/transitions
2026-07-30 16:00:52.147 +05:30 [INF] Received HTTP response headers after 662.9678ms - 204
2026-07-30 16:00:52.148 +05:30 [INF] End processing HTTP request after 663.604ms - 204
2026-07-30 16:00:52.148 +05:30 [INF] HTTP POST /api/issues/00000000-0000-0000-0000-00000d000000/transition responded 204 in 1718.7136 ms
2026-07-30 16:00:53.171 +05:30 [INF] Start processing HTTP request GET https://grampower.atlassian.net/rest/api/3/issue/FIT-13?*
2026-07-30 16:00:53.171 +05:30 [INF] Start processing HTTP request GET https://grampower.atlassian.net/rest/api/3/issue/FIT-13?*
2026-07-30 16:00:53.171 +05:30 [INF] Sending HTTP request GET https://grampower.atlassian.net/rest/api/3/issue/FIT-13?*
2026-07-30 16:00:53.171 +05:30 [INF] Sending HTTP request GET https://grampower.atlassian.net/rest/api/3/issue/FIT-13?*
2026-07-30 16:00:53.605 +05:30 [INF] Received HTTP response headers after 433.5961ms - 200
2026-07-30 16:00:53.606 +05:30 [INF] End processing HTTP request after 435.0207ms - 200
2026-07-30 16:00:53.718 +05:30 [INF] Start processing HTTP request GET https://grampower.atlassian.net/rest/api/3/issue/FIT-13?*
2026-07-30 16:00:53.719 +05:30 [INF] Sending HTTP request GET https://grampower.atlassian.net/rest/api/3/issue/FIT-13?*
2026-07-30 16:00:54.048 +05:30 [INF] Received HTTP response headers after 328.3067ms - 200
2026-07-30 16:00:54.048 +05:30 [INF] End processing HTTP request after 330.3707ms - 200
2026-07-30 16:00:54.048 +05:30 [INF] Start processing HTTP request GET https://grampower.atlassian.net/rest/api/3/issue/FIT-13/comment
2026-07-30 16:00:54.048 +05:30 [INF] Sending HTTP request GET https://grampower.atlassian.net/rest/api/3/issue/FIT-13/comment
2026-07-30 16:00:54.052 +05:30 [INF] Received HTTP response headers after 880.9246ms - 200
2026-07-30 16:00:54.052 +05:30 [INF] End processing HTTP request after 881.6964ms - 200
2026-07-30 16:00:54.076 +05:30 [INF] Start processing HTTP request GET https://grampower.atlassian.net/rest/api/3/issue/FIT-13?*
2026-07-30 16:00:54.076 +05:30 [INF] Sending HTTP request GET https://grampower.atlassian.net/rest/api/3/issue/FIT-13?*
2026-07-30 16:00:54.336 +05:30 [INF] Received HTTP response headers after 287.8385ms - 200
2026-07-30 16:00:54.337 +05:30 [INF] End processing HTTP request after 288.4634ms - 200
2026-07-30 16:00:54.338 +05:30 [INF] HTTP GET /api/issues/00000000-0000-0000-0000-00000d000000 responded 200 in 1169.0390 ms
2026-07-30 16:00:54.411 +05:30 [INF] Received HTTP response headers after 334.6201ms - 200
2026-07-30 16:00:54.411 +05:30 [INF] End processing HTTP request after 335.4161ms - 200
2026-07-30 16:00:54.411 +05:30 [INF] Start processing HTTP request GET https://grampower.atlassian.net/rest/api/3/issue/FIT-13/comment
2026-07-30 16:00:54.411 +05:30 [INF] Sending HTTP request GET https://grampower.atlassian.net/rest/api/3/issue/FIT-13/comment
2026-07-30 16:00:55.157 +05:30 [INF] Received HTTP response headers after 745.1648ms - 200
2026-07-30 16:00:55.157 +05:30 [INF] End processing HTTP request after 745.7395ms - 200
2026-07-30 16:00:55.158 +05:30 [INF] Start processing HTTP request GET https://grampower.atlassian.net/rest/api/3/issue/FIT-13/transitions
2026-07-30 16:00:55.158 +05:30 [INF] Sending HTTP request GET https://grampower.atlassian.net/rest/api/3/issue/FIT-13/transitions
2026-07-30 16:00:55.457 +05:30 [INF] Received HTTP response headers after 299.3622ms - 200
2026-07-30 16:00:55.458 +05:30 [INF] End processing HTTP request after 299.9255ms - 200
2026-07-30 16:00:55.458 +05:30 [INF] HTTP GET /api/issues/00000000-0000-0000-0000-00000d000000/transitions responded 200 in 2289.2795 ms
2026-07-30 16:00:55.469 +05:30 [INF] Start processing HTTP request GET https://grampower.atlassian.net/rest/api/3/issue/FIT-13?*
2026-07-30 16:00:55.469 +05:30 [INF] Sending HTTP request GET https://grampower.atlassian.net/rest/api/3/issue/FIT-13?*
2026-07-30 16:00:56.366 +05:30 [INF] Received HTTP response headers after 896.1746ms - 200
2026-07-30 16:00:56.366 +05:30 [INF] End processing HTTP request after 896.8717ms - 200
2026-07-30 16:00:56.368 +05:30 [INF] Start processing HTTP request GET https://grampower.atlassian.net/rest/api/3/issue/FIT-13?*
2026-07-30 16:00:56.368 +05:30 [INF] Sending HTTP request GET https://grampower.atlassian.net/rest/api/3/issue/FIT-13?*
2026-07-30 16:00:57.104 +05:30 [INF] Received HTTP response headers after 735.6595ms - 200
2026-07-30 16:00:57.104 +05:30 [INF] End processing HTTP request after 736.4525ms - 200
2026-07-30 16:00:57.105 +05:30 [INF] Start processing HTTP request GET https://grampower.atlassian.net/rest/api/3/issue/FIT-13/comment
2026-07-30 16:00:57.105 +05:30 [INF] Sending HTTP request GET https://grampower.atlassian.net/rest/api/3/issue/FIT-13/comment
2026-07-30 16:00:57.403 +05:30 [INF] Received HTTP response headers after 297.9457ms - 200
2026-07-30 16:00:57.403 +05:30 [INF] End processing HTTP request after 298.6759ms - 200
2026-07-30 16:00:57.405 +05:30 [INF] Start processing HTTP request GET https://grampower.atlassian.net/rest/api/3/issue/FIT-13/transitions
2026-07-30 16:00:57.405 +05:30 [INF] Sending HTTP request GET https://grampower.atlassian.net/rest/api/3/issue/FIT-13/transitions
2026-07-30 16:00:57.943 +05:30 [INF] Start processing HTTP request GET https://grampower.atlassian.net/rest/api/3/search/jql?*
2026-07-30 16:00:57.943 +05:30 [INF] Sending HTTP request GET https://grampower.atlassian.net/rest/api/3/search/jql?*
2026-07-30 16:00:58.148 +05:30 [INF] Received HTTP response headers after 742.9134ms - 200
2026-07-30 16:00:58.148 +05:30 [INF] End processing HTTP request after 743.6503ms - 200
2026-07-30 16:00:58.149 +05:30 [INF] HTTP GET /api/issues/00000000-0000-0000-0000-00000d000000/transitions responded 200 in 2681.6200 ms
2026-07-30 16:00:58.322 +05:30 [INF] Received HTTP response headers after 379.1681ms - 200
2026-07-30 16:00:58.322 +05:30 [INF] End processing HTTP request after 379.6208ms - 200
2026-07-30 16:00:58.325 +05:30 [INF] HTTP GET /api/dashboard responded 200 in 382.8121 ms
2026-07-30 16:01:21.285 +05:30 [INF] Start processing HTTP request GET https://grampower.atlassian.net/rest/api/3/search/jql?*
2026-07-30 16:01:21.285 +05:30 [INF] Sending HTTP request GET https://grampower.atlassian.net/rest/api/3/search/jql?*
2026-07-30 16:01:21.767 +05:30 [INF] Received HTTP response headers after 481.1092ms - 200
2026-07-30 16:01:21.767 +05:30 [INF] End processing HTTP request after 482.2269ms - 200
2026-07-30 16:01:21.768 +05:30 [INF] HTTP GET /api/dashboard responded 200 in 484.9567 ms
2026-07-30 16:01:26.848 +05:30 [INF] Start processing HTTP request GET https://grampower.atlassian.net/rest/api/3/issue/FIT-13?*
2026-07-30 16:01:26.848 +05:30 [INF] Sending HTTP request GET https://grampower.atlassian.net/rest/api/3/issue/FIT-13?*
2026-07-30 16:01:26.856 +05:30 [INF] Start processing HTTP request GET https://grampower.atlassian.net/rest/api/3/issue/FIT-13?*
2026-07-30 16:01:26.857 +05:30 [INF] Sending HTTP request GET https://grampower.atlassian.net/rest/api/3/issue/FIT-13?*
2026-07-30 16:01:27.286 +05:30 [INF] Received HTTP response headers after 438.4452ms - 200
2026-07-30 16:01:27.286 +05:30 [INF] End processing HTTP request after 438.8405ms - 200
2026-07-30 16:01:27.313 +05:30 [INF] Start processing HTTP request GET https://grampower.atlassian.net/rest/api/3/issue/FIT-13?*
2026-07-30 16:01:27.313 +05:30 [INF] Sending HTTP request GET https://grampower.atlassian.net/rest/api/3/issue/FIT-13?*
2026-07-30 16:01:27.635 +05:30 [INF] Received HTTP response headers after 321.3742ms - 200
2026-07-30 16:01:27.635 +05:30 [INF] End processing HTTP request after 322.7606ms - 200
2026-07-30 16:01:27.635 +05:30 [INF] Start processing HTTP request GET https://grampower.atlassian.net/rest/api/3/issue/FIT-13/comment
2026-07-30 16:01:27.635 +05:30 [INF] Sending HTTP request GET https://grampower.atlassian.net/rest/api/3/issue/FIT-13/comment
2026-07-30 16:01:27.815 +05:30 [INF] Received HTTP response headers after 957.899ms - 200
2026-07-30 16:01:27.815 +05:30 [INF] End processing HTTP request after 958.4832ms - 200
2026-07-30 16:01:27.845 +05:30 [INF] Start processing HTTP request GET https://grampower.atlassian.net/rest/api/3/issue/FIT-13?*
2026-07-30 16:01:27.845 +05:30 [INF] Sending HTTP request GET https://grampower.atlassian.net/rest/api/3/issue/FIT-13?*
2026-07-30 16:01:27.965 +05:30 [INF] Received HTTP response headers after 329.3096ms - 200
2026-07-30 16:01:27.965 +05:30 [INF] End processing HTTP request after 329.7147ms - 200
2026-07-30 16:01:27.967 +05:30 [INF] HTTP GET /api/issues/00000000-0000-0000-0000-00000d000000 responded 200 in 1120.1983 ms
2026-07-30 16:01:28.144 +05:30 [INF] Received HTTP response headers after 299.0421ms - 200
2026-07-30 16:01:28.145 +05:30 [INF] End processing HTTP request after 299.9034ms - 200
2026-07-30 16:01:28.145 +05:30 [INF] Start processing HTTP request GET https://grampower.atlassian.net/rest/api/3/issue/FIT-13/comment
2026-07-30 16:01:28.146 +05:30 [INF] Sending HTTP request GET https://grampower.atlassian.net/rest/api/3/issue/FIT-13/comment
2026-07-30 16:01:28.926 +05:30 [INF] Received HTTP response headers after 779.4309ms - 200
2026-07-30 16:01:28.926 +05:30 [INF] End processing HTTP request after 780.557ms - 200
2026-07-30 16:01:28.927 +05:30 [INF] Start processing HTTP request GET https://grampower.atlassian.net/rest/api/3/issue/FIT-13/transitions
2026-07-30 16:01:28.927 +05:30 [INF] Sending HTTP request GET https://grampower.atlassian.net/rest/api/3/issue/FIT-13/transitions
2026-07-30 16:01:29.694 +05:30 [INF] Received HTTP response headers after 767.2684ms - 200
2026-07-30 16:01:29.695 +05:30 [INF] End processing HTTP request after 767.8902ms - 200
2026-07-30 16:01:29.695 +05:30 [INF] HTTP GET /api/issues/00000000-0000-0000-0000-00000d000000/transitions responded 200 in 2841.2981 ms
2026-07-30 16:01:42.058 +05:30 [INF] Start processing HTTP request GET https://grampower.atlassian.net/rest/api/3/issue/FIT-13?*
2026-07-30 16:01:42.059 +05:30 [INF] Sending HTTP request GET https://grampower.atlassian.net/rest/api/3/issue/FIT-13?*
2026-07-30 16:01:42.482 +05:30 [INF] Received HTTP response headers after 422.6533ms - 200
2026-07-30 16:01:42.482 +05:30 [INF] End processing HTTP request after 423.9049ms - 200
2026-07-30 16:01:42.516 +05:30 [INF] Start processing HTTP request GET https://grampower.atlassian.net/rest/api/3/issue/FIT-13?*
2026-07-30 16:01:42.517 +05:30 [INF] Sending HTTP request GET https://grampower.atlassian.net/rest/api/3/issue/FIT-13?*
2026-07-30 16:01:42.812 +05:30 [INF] Received HTTP response headers after 295.1539ms - 200
2026-07-30 16:01:42.812 +05:30 [INF] End processing HTTP request after 295.6924ms - 200
2026-07-30 16:01:42.812 +05:30 [INF] Start processing HTTP request GET https://grampower.atlassian.net/rest/api/3/issue/FIT-13/comment
2026-07-30 16:01:42.812 +05:30 [INF] Sending HTTP request GET https://grampower.atlassian.net/rest/api/3/issue/FIT-13/comment
2026-07-30 16:01:43.145 +05:30 [INF] Received HTTP response headers after 332.8166ms - 200
2026-07-30 16:01:43.146 +05:30 [INF] End processing HTTP request after 333.3701ms - 200
2026-07-30 16:01:43.147 +05:30 [INF] Start processing HTTP request POST https://grampower.atlassian.net/rest/api/3/issue/FIT-13/transitions
2026-07-30 16:01:43.147 +05:30 [INF] Sending HTTP request POST https://grampower.atlassian.net/rest/api/3/issue/FIT-13/transitions
2026-07-30 16:01:44.373 +05:30 [INF] Received HTTP response headers after 1225.577ms - 204
2026-07-30 16:01:44.373 +05:30 [INF] End processing HTTP request after 1226.478ms - 204
2026-07-30 16:01:44.374 +05:30 [INF] Start processing HTTP request POST https://grampower.atlassian.net/rest/api/3/issue/FIT-13/comment
2026-07-30 16:01:44.374 +05:30 [INF] Sending HTTP request POST https://grampower.atlassian.net/rest/api/3/issue/FIT-13/comment
2026-07-30 16:01:44.750 +05:30 [INF] Received HTTP response headers after 376.3188ms - 201
2026-07-30 16:01:44.751 +05:30 [INF] End processing HTTP request after 376.9801ms - 201
2026-07-30 16:01:44.752 +05:30 [INF] HTTP POST /api/issues/00000000-0000-0000-0000-00000d000000/transition responded 204 in 2694.8541 ms
2026-07-30 16:01:45.777 +05:30 [INF] Start processing HTTP request GET https://grampower.atlassian.net/rest/api/3/issue/FIT-13?*
2026-07-30 16:01:45.777 +05:30 [INF] Sending HTTP request GET https://grampower.atlassian.net/rest/api/3/issue/FIT-13?*
2026-07-30 16:01:45.779 +05:30 [INF] Start processing HTTP request GET https://grampower.atlassian.net/rest/api/3/issue/FIT-13?*
2026-07-30 16:01:45.779 +05:30 [INF] Sending HTTP request GET https://grampower.atlassian.net/rest/api/3/issue/FIT-13?*
2026-07-30 16:01:46.203 +05:30 [INF] Received HTTP response headers after 423.4909ms - 200
2026-07-30 16:01:46.203 +05:30 [INF] End processing HTTP request after 424.2212ms - 200
2026-07-30 16:01:46.205 +05:30 [INF] Start processing HTTP request GET https://grampower.atlassian.net/rest/api/3/issue/FIT-13?*
2026-07-30 16:01:46.205 +05:30 [INF] Sending HTTP request GET https://grampower.atlassian.net/rest/api/3/issue/FIT-13?*
2026-07-30 16:01:46.481 +05:30 [INF] Received HTTP response headers after 275.7712ms - 200
2026-07-30 16:01:46.481 +05:30 [INF] End processing HTTP request after 276.5458ms - 200
2026-07-30 16:01:46.482 +05:30 [INF] Start processing HTTP request GET https://grampower.atlassian.net/rest/api/3/issue/FIT-13/comment
2026-07-30 16:01:46.482 +05:30 [INF] Sending HTTP request GET https://grampower.atlassian.net/rest/api/3/issue/FIT-13/comment
2026-07-30 16:01:46.674 +05:30 [INF] Received HTTP response headers after 896.7184ms - 200
2026-07-30 16:01:46.675 +05:30 [INF] End processing HTTP request after 897.5662ms - 200
2026-07-30 16:01:46.676 +05:30 [INF] Start processing HTTP request GET https://grampower.atlassian.net/rest/api/3/issue/FIT-13?*
2026-07-30 16:01:46.676 +05:30 [INF] Sending HTTP request GET https://grampower.atlassian.net/rest/api/3/issue/FIT-13?*
2026-07-30 16:01:46.805 +05:30 [INF] Received HTTP response headers after 322.7191ms - 200
2026-07-30 16:01:46.805 +05:30 [INF] End processing HTTP request after 323.3708ms - 200
2026-07-30 16:01:46.806 +05:30 [INF] Start processing HTTP request GET https://grampower.atlassian.net/rest/api/3/issue/FIT-13/transitions
2026-07-30 16:01:46.806 +05:30 [INF] Sending HTTP request GET https://grampower.atlassian.net/rest/api/3/issue/FIT-13/transitions
2026-07-30 16:01:46.964 +05:30 [INF] Received HTTP response headers after 287.9666ms - 200
2026-07-30 16:01:46.964 +05:30 [INF] End processing HTTP request after 288.3496ms - 200
2026-07-30 16:01:46.964 +05:30 [INF] Start processing HTTP request GET https://grampower.atlassian.net/rest/api/3/issue/FIT-13/comment
2026-07-30 16:01:46.964 +05:30 [INF] Sending HTTP request GET https://grampower.atlassian.net/rest/api/3/issue/FIT-13/comment
2026-07-30 16:01:47.106 +05:30 [INF] Received HTTP response headers after 299.8608ms - 200
2026-07-30 16:01:47.106 +05:30 [INF] End processing HTTP request after 300.4011ms - 200
2026-07-30 16:01:47.195 +05:30 [INF] HTTP GET /api/issues/00000000-0000-0000-0000-00000d000000/transitions responded 200 in 1416.9927 ms
2026-07-30 16:01:47.209 +05:30 [INF] Start processing HTTP request GET https://grampower.atlassian.net/rest/api/3/issue/FIT-13?*
2026-07-30 16:01:47.210 +05:30 [INF] Sending HTTP request GET https://grampower.atlassian.net/rest/api/3/issue/FIT-13?*
2026-07-30 16:01:47.265 +05:30 [INF] Received HTTP response headers after 300.9817ms - 200
2026-07-30 16:01:47.266 +05:30 [INF] End processing HTTP request after 301.4934ms - 200
2026-07-30 16:01:47.267 +05:30 [INF] HTTP GET /api/issues/00000000-0000-0000-0000-00000d000000 responded 200 in 1491.7640 ms
2026-07-30 16:01:47.551 +05:30 [INF] Received HTTP response headers after 340.8746ms - 200
2026-07-30 16:01:47.551 +05:30 [INF] End processing HTTP request after 341.6105ms - 200
2026-07-30 16:01:47.575 +05:30 [INF] Start processing HTTP request GET https://grampower.atlassian.net/rest/api/3/issue/FIT-13?*
2026-07-30 16:01:47.576 +05:30 [INF] Sending HTTP request GET https://grampower.atlassian.net/rest/api/3/issue/FIT-13?*
2026-07-30 16:01:47.889 +05:30 [INF] Received HTTP response headers after 313.6675ms - 200
2026-07-30 16:01:47.890 +05:30 [INF] End processing HTTP request after 314.4858ms - 200
2026-07-30 16:01:47.890 +05:30 [INF] Start processing HTTP request GET https://grampower.atlassian.net/rest/api/3/issue/FIT-13/comment
2026-07-30 16:01:47.890 +05:30 [INF] Sending HTTP request GET https://grampower.atlassian.net/rest/api/3/issue/FIT-13/comment
2026-07-30 16:01:48.249 +05:30 [INF] Received HTTP response headers after 358.4465ms - 200
2026-07-30 16:01:48.249 +05:30 [INF] End processing HTTP request after 359.3071ms - 200
2026-07-30 16:01:48.250 +05:30 [INF] Start processing HTTP request GET https://grampower.atlassian.net/rest/api/3/issue/FIT-13/transitions
2026-07-30 16:01:48.250 +05:30 [INF] Sending HTTP request GET https://grampower.atlassian.net/rest/api/3/issue/FIT-13/transitions
2026-07-30 16:01:48.992 +05:30 [INF] Received HTTP response headers after 741.8429ms - 200
2026-07-30 16:01:48.993 +05:30 [INF] End processing HTTP request after 742.3756ms - 200
2026-07-30 16:01:48.993 +05:30 [INF] HTTP GET /api/issues/00000000-0000-0000-0000-00000d000000/transitions responded 200 in 1784.0167 ms
2026-07-30 16:02:25.816 +05:30 [INF] Start processing HTTP request GET https://grampower.atlassian.net/rest/api/3/search/jql?*
2026-07-30 16:02:25.817 +05:30 [INF] Sending HTTP request GET https://grampower.atlassian.net/rest/api/3/search/jql?*
2026-07-30 16:02:26.358 +05:30 [INF] Received HTTP response headers after 541.2949ms - 200
2026-07-30 16:02:26.359 +05:30 [INF] End processing HTTP request after 542.6902ms - 200
2026-07-30 16:02:26.362 +05:30 [INF] HTTP GET /api/dashboard responded 200 in 546.6073 ms
2026-07-30 16:02:40.206 +05:30 [INF] Start processing HTTP request GET https://grampower.atlassian.net/rest/api/3/search/jql?*
2026-07-30 16:02:40.206 +05:30 [INF] Sending HTTP request GET https://grampower.atlassian.net/rest/api/3/search/jql?*
2026-07-30 16:02:40.718 +05:30 [INF] Received HTTP response headers after 511.6061ms - 200
2026-07-30 16:02:40.719 +05:30 [INF] End processing HTTP request after 512.4926ms - 200
2026-07-30 16:02:40.736 +05:30 [INF] HTTP GET /api/issues responded 200 in 547.6267 ms
2026-07-30 16:02:43.374 +05:30 [INF] Start processing HTTP request GET https://grampower.atlassian.net/rest/api/3/priority
2026-07-30 16:02:43.374 +05:30 [INF] Start processing HTTP request GET https://grampower.atlassian.net/rest/api/3/issue/createmeta/FIT/issuetypes/11333
2026-07-30 16:02:43.374 +05:30 [INF] Start processing HTTP request GET https://grampower.atlassian.net/rest/api/3/issue/createmeta/FIT/issuetypes
2026-07-30 16:02:43.374 +05:30 [INF] Sending HTTP request GET https://grampower.atlassian.net/rest/api/3/priority
2026-07-30 16:02:43.374 +05:30 [INF] Sending HTTP request GET https://grampower.atlassian.net/rest/api/3/issue/createmeta/FIT/issuetypes/11333
2026-07-30 16:02:43.374 +05:30 [INF] Sending HTTP request GET https://grampower.atlassian.net/rest/api/3/issue/createmeta/FIT/issuetypes
2026-07-30 16:02:44.095 +05:30 [INF] Received HTTP response headers after 720.7117ms - 200
2026-07-30 16:02:44.095 +05:30 [INF] End processing HTTP request after 721.432ms - 200
2026-07-30 16:02:44.101 +05:30 [INF] HTTP GET /api/jira/priorities responded 200 in 737.1097 ms
2026-07-30 16:02:44.241 +05:30 [INF] Received HTTP response headers after 867.1463ms - 200
2026-07-30 16:02:44.241 +05:30 [INF] End processing HTTP request after 867.5654ms - 200
2026-07-30 16:02:44.244 +05:30 [INF] HTTP GET /api/jira/field-options responded 200 in 880.3139 ms
2026-07-30 16:02:44.535 +05:30 [INF] Received HTTP response headers after 1161.6032ms - 200
2026-07-30 16:02:44.536 +05:30 [INF] End processing HTTP request after 1161.9563ms - 200
2026-07-30 16:02:44.536 +05:30 [INF] HTTP GET /api/jira/issue-types responded 200 in 1173.4953 ms
2026-07-30 16:03:10.745 +05:30 [INF] Start processing HTTP request GET https://grampower.atlassian.net/rest/api/3/search/jql?*
2026-07-30 16:03:10.746 +05:30 [INF] Sending HTTP request GET https://grampower.atlassian.net/rest/api/3/search/jql?*
2026-07-30 16:03:11.274 +05:30 [INF] Received HTTP response headers after 528.3267ms - 200
2026-07-30 16:03:11.274 +05:30 [INF] End processing HTTP request after 529.2632ms - 200
2026-07-30 16:03:11.285 +05:30 [INF] HTTP GET /api/dashboard responded 200 in 541.7677 ms
2026-07-30 16:04:00.342 +05:30 [INF] Start processing HTTP request POST https://grampower.atlassian.net/rest/api/3/issue
2026-07-30 16:04:00.343 +05:30 [INF] Sending HTTP request POST https://grampower.atlassian.net/rest/api/3/issue
2026-07-30 16:04:02.051 +05:30 [INF] Received HTTP response headers after 1707.4153ms - 201
2026-07-30 16:04:02.051 +05:30 [INF] End processing HTTP request after 1709.3824ms - 201
2026-07-30 16:04:02.054 +05:30 [INF] Start processing HTTP request PUT https://grampower.atlassian.net/rest/api/3/issue/FIT-14
2026-07-30 16:04:02.054 +05:30 [INF] Sending HTTP request PUT https://grampower.atlassian.net/rest/api/3/issue/FIT-14
2026-07-30 16:04:03.033 +05:30 [INF] Received HTTP response headers after 978.7574ms - 204
2026-07-30 16:04:03.033 +05:30 [INF] End processing HTTP request after 979.5246ms - 204
2026-07-30 16:04:03.034 +05:30 [INF] Start processing HTTP request GET https://grampower.atlassian.net/rest/api/3/issue/FIT-14?*
2026-07-30 16:04:03.034 +05:30 [INF] Sending HTTP request GET https://grampower.atlassian.net/rest/api/3/issue/FIT-14?*
2026-07-30 16:04:03.560 +05:30 [INF] Received HTTP response headers after 525.4495ms - 200
2026-07-30 16:04:03.560 +05:30 [INF] End processing HTTP request after 526.42ms - 200
2026-07-30 16:04:03.562 +05:30 [INF] Start processing HTTP request GET https://grampower.atlassian.net/rest/api/3/issue/FIT-14?*
2026-07-30 16:04:03.562 +05:30 [INF] Sending HTTP request GET https://grampower.atlassian.net/rest/api/3/issue/FIT-14?*
2026-07-30 16:04:04.276 +05:30 [INF] Received HTTP response headers after 713.9205ms - 200
2026-07-30 16:04:04.276 +05:30 [INF] End processing HTTP request after 714.5456ms - 200
2026-07-30 16:04:04.276 +05:30 [INF] Start processing HTTP request GET https://grampower.atlassian.net/rest/api/3/issue/FIT-14/comment
2026-07-30 16:04:04.277 +05:30 [INF] Sending HTTP request GET https://grampower.atlassian.net/rest/api/3/issue/FIT-14/comment
2026-07-30 16:04:04.993 +05:30 [INF] Received HTTP response headers after 716.0516ms - 200
2026-07-30 16:04:04.993 +05:30 [INF] End processing HTTP request after 716.7084ms - 200
2026-07-30 16:04:05.020 +05:30 [INF] HTTP POST /api/issues responded 201 in 4713.2083 ms
2026-07-30 16:04:05.173 +05:30 [INF] Start processing HTTP request GET https://grampower.atlassian.net/rest/api/3/search/jql?*
2026-07-30 16:04:05.173 +05:30 [INF] Sending HTTP request GET https://grampower.atlassian.net/rest/api/3/search/jql?*
2026-07-30 16:04:06.190 +05:30 [INF] Received HTTP response headers after 1016.2584ms - 200
2026-07-30 16:04:06.190 +05:30 [INF] End processing HTTP request after 1016.862ms - 200
2026-07-30 16:04:06.192 +05:30 [INF] HTTP GET /api/issues responded 200 in 1021.8008 ms
2026-07-30 16:04:10.536 +05:30 [INF] Start processing HTTP request GET https://grampower.atlassian.net/rest/api/3/issue/FIT-14?*
2026-07-30 16:04:10.536 +05:30 [INF] Start processing HTTP request GET https://grampower.atlassian.net/rest/api/3/issue/FIT-14?*
2026-07-30 16:04:10.536 +05:30 [INF] Sending HTTP request GET https://grampower.atlassian.net/rest/api/3/issue/FIT-14?*
2026-07-30 16:04:10.536 +05:30 [INF] Sending HTTP request GET https://grampower.atlassian.net/rest/api/3/issue/FIT-14?*
2026-07-30 16:04:10.895 +05:30 [INF] Received HTTP response headers after 359.1209ms - 200
2026-07-30 16:04:10.895 +05:30 [INF] End processing HTTP request after 359.7155ms - 200
2026-07-30 16:04:10.916 +05:30 [INF] Start processing HTTP request GET https://grampower.atlassian.net/rest/api/3/issue/FIT-14?*
2026-07-30 16:04:10.917 +05:30 [INF] Sending HTTP request GET https://grampower.atlassian.net/rest/api/3/issue/FIT-14?*
2026-07-30 16:04:11.098 +05:30 [INF] Received HTTP response headers after 562.048ms - 200
2026-07-30 16:04:11.099 +05:30 [INF] End processing HTTP request after 562.7675ms - 200
2026-07-30 16:04:11.124 +05:30 [INF] Start processing HTTP request GET https://grampower.atlassian.net/rest/api/3/issue/FIT-14?*
2026-07-30 16:04:11.124 +05:30 [INF] Sending HTTP request GET https://grampower.atlassian.net/rest/api/3/issue/FIT-14?*
2026-07-30 16:04:11.252 +05:30 [INF] Received HTTP response headers after 334.5813ms - 200
2026-07-30 16:04:11.252 +05:30 [INF] End processing HTTP request after 335.8525ms - 200
2026-07-30 16:04:11.253 +05:30 [INF] Start processing HTTP request GET https://grampower.atlassian.net/rest/api/3/issue/FIT-14/comment
2026-07-30 16:04:11.253 +05:30 [INF] Sending HTTP request GET https://grampower.atlassian.net/rest/api/3/issue/FIT-14/comment
2026-07-30 16:04:11.902 +05:30 [INF] Received HTTP response headers after 777.7875ms - 200
2026-07-30 16:04:11.903 +05:30 [INF] End processing HTTP request after 778.6108ms - 200
2026-07-30 16:04:11.903 +05:30 [INF] Start processing HTTP request GET https://grampower.atlassian.net/rest/api/3/issue/FIT-14/comment
2026-07-30 16:04:11.903 +05:30 [INF] Sending HTTP request GET https://grampower.atlassian.net/rest/api/3/issue/FIT-14/comment
2026-07-30 16:04:11.943 +05:30 [INF] Received HTTP response headers after 690.6189ms - 200
2026-07-30 16:04:11.944 +05:30 [INF] End processing HTTP request after 691.2525ms - 200
2026-07-30 16:04:11.944 +05:30 [INF] Start processing HTTP request GET https://grampower.atlassian.net/rest/api/3/issue/FIT-14/transitions
2026-07-30 16:04:11.944 +05:30 [INF] Sending HTTP request GET https://grampower.atlassian.net/rest/api/3/issue/FIT-14/transitions
2026-07-30 16:04:12.229 +05:30 [INF] Received HTTP response headers after 326.0158ms - 200
2026-07-30 16:04:12.229 +05:30 [INF] End processing HTTP request after 326.5367ms - 200
2026-07-30 16:04:12.237 +05:30 [INF] HTTP GET /api/issues/00000000-0000-0000-0000-00000e000000 responded 200 in 1701.7935 ms
2026-07-30 16:04:12.652 +05:30 [INF] Received HTTP response headers after 707.8752ms - 200
2026-07-30 16:04:12.653 +05:30 [INF] End processing HTTP request after 708.4652ms - 200
2026-07-30 16:04:12.654 +05:30 [INF] HTTP GET /api/issues/00000000-0000-0000-0000-00000e000000/transitions responded 200 in 2118.1324 ms
2026-07-30 16:10:17.148 +05:30 [INF] Start processing HTTP request GET https://grampower.atlassian.net/rest/api/3/issue/createmeta/FIT/issuetypes
2026-07-30 16:10:17.149 +05:30 [INF] Sending HTTP request GET https://grampower.atlassian.net/rest/api/3/issue/createmeta/FIT/issuetypes
2026-07-30 16:10:17.148 +05:30 [INF] Start processing HTTP request GET https://grampower.atlassian.net/rest/api/3/issue/createmeta/FIT/issuetypes/11333
2026-07-30 16:10:17.148 +05:30 [INF] Start processing HTTP request GET https://grampower.atlassian.net/rest/api/3/priority
2026-07-30 16:10:17.150 +05:30 [INF] Sending HTTP request GET https://grampower.atlassian.net/rest/api/3/issue/createmeta/FIT/issuetypes/11333
2026-07-30 16:10:17.150 +05:30 [INF] Sending HTTP request GET https://grampower.atlassian.net/rest/api/3/priority
2026-07-30 16:10:17.692 +05:30 [INF] Received HTTP response headers after 541.8618ms - 200
2026-07-30 16:10:17.692 +05:30 [INF] End processing HTTP request after 544.2508ms - 200
2026-07-30 16:10:17.693 +05:30 [INF] HTTP GET /api/jira/priorities responded 200 in 548.9016 ms
2026-07-30 16:10:17.830 +05:30 [INF] Received HTTP response headers after 680.5845ms - 200
2026-07-30 16:10:17.831 +05:30 [INF] End processing HTTP request after 683.0569ms - 200
2026-07-30 16:10:17.832 +05:30 [INF] HTTP GET /api/jira/issue-types responded 200 in 687.4235 ms
2026-07-30 16:10:18.357 +05:30 [INF] Received HTTP response headers after 1206.4872ms - 200
2026-07-30 16:10:18.357 +05:30 [INF] End processing HTTP request after 1208.8706ms - 200
2026-07-30 16:10:18.358 +05:30 [INF] HTTP GET /api/jira/field-options responded 200 in 1213.3393 ms
2026-07-30 16:10:32.250 +05:30 [INF] Start processing HTTP request GET https://grampower.atlassian.net/rest/api/3/search/jql?*
2026-07-30 16:10:32.250 +05:30 [INF] Sending HTTP request GET https://grampower.atlassian.net/rest/api/3/search/jql?*
2026-07-30 16:10:33.145 +05:30 [INF] Received HTTP response headers after 894.7016ms - 200
2026-07-30 16:10:33.145 +05:30 [INF] End processing HTTP request after 895.3491ms - 200
2026-07-30 16:10:33.175 +05:30 [INF] HTTP GET /api/issues responded 200 in 927.1385 ms
2026-07-30 16:10:36.455 +05:30 [INF] Start processing HTTP request GET https://grampower.atlassian.net/rest/api/3/issue/FIT-14?*
2026-07-30 16:10:36.455 +05:30 [INF] Sending HTTP request GET https://grampower.atlassian.net/rest/api/3/issue/FIT-14?*
2026-07-30 16:10:36.456 +05:30 [INF] Start processing HTTP request GET https://grampower.atlassian.net/rest/api/3/issue/FIT-14?*
2026-07-30 16:10:36.456 +05:30 [INF] Sending HTTP request GET https://grampower.atlassian.net/rest/api/3/issue/FIT-14?*
2026-07-30 16:10:36.966 +05:30 [INF] Received HTTP response headers after 510.5039ms - 200
2026-07-30 16:10:36.967 +05:30 [INF] End processing HTTP request after 511.5199ms - 200
2026-07-30 16:10:36.976 +05:30 [INF] Start processing HTTP request GET https://grampower.atlassian.net/rest/api/3/issue/FIT-14?*
2026-07-30 16:10:36.977 +05:30 [INF] Sending HTTP request GET https://grampower.atlassian.net/rest/api/3/issue/FIT-14?*
2026-07-30 16:10:37.278 +05:30 [INF] Received HTTP response headers after 301.553ms - 200
2026-07-30 16:10:37.278 +05:30 [INF] End processing HTTP request after 302.2309ms - 200
2026-07-30 16:10:37.279 +05:30 [INF] Start processing HTTP request GET https://grampower.atlassian.net/rest/api/3/issue/FIT-14/comment
2026-07-30 16:10:37.279 +05:30 [INF] Sending HTTP request GET https://grampower.atlassian.net/rest/api/3/issue/FIT-14/comment
2026-07-30 16:10:37.298 +05:30 [INF] Received HTTP response headers after 842.8673ms - 200
2026-07-30 16:10:37.298 +05:30 [INF] End processing HTTP request after 843.3346ms - 200
2026-07-30 16:10:37.310 +05:30 [INF] Start processing HTTP request GET https://grampower.atlassian.net/rest/api/3/issue/FIT-14?*
2026-07-30 16:10:37.310 +05:30 [INF] Sending HTTP request GET https://grampower.atlassian.net/rest/api/3/issue/FIT-14?*
2026-07-30 16:10:37.651 +05:30 [INF] Received HTTP response headers after 340.1272ms - 200
2026-07-30 16:10:37.651 +05:30 [INF] Received HTTP response headers after 371.5961ms - 200
2026-07-30 16:10:37.651 +05:30 [INF] End processing HTTP request after 341.3103ms - 200
2026-07-30 16:10:37.651 +05:30 [INF] End processing HTTP request after 372.4897ms - 200
2026-07-30 16:10:37.652 +05:30 [INF] Start processing HTTP request GET https://grampower.atlassian.net/rest/api/3/issue/FIT-14/transitions
2026-07-30 16:10:37.652 +05:30 [INF] Sending HTTP request GET https://grampower.atlassian.net/rest/api/3/issue/FIT-14/transitions
2026-07-30 16:10:37.754 +05:30 [INF] Start processing HTTP request GET https://grampower.atlassian.net/rest/api/3/issue/FIT-14/comment
2026-07-30 16:10:37.754 +05:30 [INF] Sending HTTP request GET https://grampower.atlassian.net/rest/api/3/issue/FIT-14/comment
2026-07-30 16:10:38.096 +05:30 [INF] Received HTTP response headers after 444.312ms - 200
2026-07-30 16:10:38.096 +05:30 [INF] End processing HTTP request after 444.6669ms - 200
2026-07-30 16:10:38.097 +05:30 [INF] HTTP GET /api/issues/00000000-0000-0000-0000-00000e000000/transitions responded 200 in 1642.0464 ms
2026-07-30 16:10:38.469 +05:30 [INF] Received HTTP response headers after 715.2301ms - 200
2026-07-30 16:10:38.469 +05:30 [INF] End processing HTTP request after 715.924ms - 200
2026-07-30 16:10:38.474 +05:30 [INF] HTTP GET /api/issues/00000000-0000-0000-0000-00000e000000 responded 200 in 2019.3678 ms
2026-07-30 16:11:33.078 +05:30 [INF] Start processing HTTP request GET https://grampower.atlassian.net/rest/api/3/priority
2026-07-30 16:11:33.078 +05:30 [INF] Start processing HTTP request GET https://grampower.atlassian.net/rest/api/3/issue/createmeta/FIT/issuetypes
2026-07-30 16:11:33.078 +05:30 [INF] Sending HTTP request GET https://grampower.atlassian.net/rest/api/3/priority
2026-07-30 16:11:33.079 +05:30 [INF] Sending HTTP request GET https://grampower.atlassian.net/rest/api/3/issue/createmeta/FIT/issuetypes
2026-07-30 16:11:33.079 +05:30 [INF] Start processing HTTP request GET https://grampower.atlassian.net/rest/api/3/issue/createmeta/FIT/issuetypes/11333
2026-07-30 16:11:33.079 +05:30 [INF] Sending HTTP request GET https://grampower.atlassian.net/rest/api/3/issue/createmeta/FIT/issuetypes/11333
2026-07-30 16:11:33.331 +05:30 [INF] Received HTTP response headers after 252.1768ms - 200
2026-07-30 16:11:33.331 +05:30 [INF] End processing HTTP request after 253.2025ms - 200
2026-07-30 16:11:33.332 +05:30 [INF] HTTP GET /api/jira/priorities responded 200 in 254.6973 ms
2026-07-30 16:11:33.394 +05:30 [INF] Received HTTP response headers after 315.6028ms - 200
2026-07-30 16:11:33.394 +05:30 [INF] End processing HTTP request after 316.5852ms - 200
2026-07-30 16:11:33.395 +05:30 [INF] HTTP GET /api/jira/issue-types responded 200 in 317.7341 ms
2026-07-30 16:11:34.102 +05:30 [INF] Received HTTP response headers after 1023.2902ms - 200
2026-07-30 16:11:34.103 +05:30 [INF] End processing HTTP request after 1023.9218ms - 200
2026-07-30 16:11:34.107 +05:30 [INF] HTTP GET /api/jira/field-options responded 200 in 1028.5173 ms
2026-07-30 16:11:39.168 +05:30 [INF] Start processing HTTP request GET https://grampower.atlassian.net/rest/api/3/issue/FIT-14?*
2026-07-30 16:11:39.168 +05:30 [INF] Start processing HTTP request GET https://grampower.atlassian.net/rest/api/3/issue/FIT-14?*
2026-07-30 16:11:39.168 +05:30 [INF] Sending HTTP request GET https://grampower.atlassian.net/rest/api/3/issue/FIT-14?*
2026-07-30 16:11:39.168 +05:30 [INF] Sending HTTP request GET https://grampower.atlassian.net/rest/api/3/issue/FIT-14?*
2026-07-30 16:11:39.520 +05:30 [INF] Received HTTP response headers after 351.9607ms - 200
2026-07-30 16:11:39.521 +05:30 [INF] End processing HTTP request after 352.266ms - 200
2026-07-30 16:11:39.621 +05:30 [INF] Start processing HTTP request GET https://grampower.atlassian.net/rest/api/3/issue/FIT-14?*
2026-07-30 16:11:39.621 +05:30 [INF] Received HTTP response headers after 452.9122ms - 200
2026-07-30 16:11:39.621 +05:30 [INF] Sending HTTP request GET https://grampower.atlassian.net/rest/api/3/issue/FIT-14?*
2026-07-30 16:11:39.621 +05:30 [INF] End processing HTTP request after 453.17ms - 200
2026-07-30 16:11:39.622 +05:30 [INF] Start processing HTTP request GET https://grampower.atlassian.net/rest/api/3/issue/FIT-14?*
2026-07-30 16:11:39.622 +05:30 [INF] Sending HTTP request GET https://grampower.atlassian.net/rest/api/3/issue/FIT-14?*
2026-07-30 16:11:39.905 +05:30 [INF] Received HTTP response headers after 284.0752ms - 200
2026-07-30 16:11:39.906 +05:30 [INF] End processing HTTP request after 284.7563ms - 200
2026-07-30 16:11:39.906 +05:30 [INF] Start processing HTTP request GET https://grampower.atlassian.net/rest/api/3/issue/FIT-14/comment
2026-07-30 16:11:39.906 +05:30 [INF] Sending HTTP request GET https://grampower.atlassian.net/rest/api/3/issue/FIT-14/comment
2026-07-30 16:11:39.915 +05:30 [INF] Received HTTP response headers after 293.0613ms - 200
2026-07-30 16:11:39.915 +05:30 [INF] End processing HTTP request after 293.446ms - 200
2026-07-30 16:11:39.915 +05:30 [INF] Start processing HTTP request GET https://grampower.atlassian.net/rest/api/3/issue/FIT-14/comment
2026-07-30 16:11:39.915 +05:30 [INF] Sending HTTP request GET https://grampower.atlassian.net/rest/api/3/issue/FIT-14/comment
2026-07-30 16:11:40.709 +05:30 [INF] Received HTTP response headers after 802.8261ms - 200
2026-07-30 16:11:40.710 +05:30 [INF] End processing HTTP request after 803.5081ms - 200
2026-07-30 16:11:40.711 +05:30 [INF] HTTP GET /api/issues/00000000-0000-0000-0000-00000e000000 responded 200 in 1544.0302 ms
2026-07-30 16:11:40.746 +05:30 [INF] Received HTTP response headers after 830.7575ms - 200
2026-07-30 16:11:40.747 +05:30 [INF] End processing HTTP request after 831.2812ms - 200
2026-07-30 16:11:40.747 +05:30 [INF] Start processing HTTP request GET https://grampower.atlassian.net/rest/api/3/issue/FIT-14/transitions
2026-07-30 16:11:40.747 +05:30 [INF] Sending HTTP request GET https://grampower.atlassian.net/rest/api/3/issue/FIT-14/transitions
2026-07-30 16:11:41.537 +05:30 [INF] Received HTTP response headers after 789.5969ms - 200
2026-07-30 16:11:41.537 +05:30 [INF] End processing HTTP request after 790.3871ms - 200
2026-07-30 16:11:41.543 +05:30 [INF] HTTP GET /api/issues/00000000-0000-0000-0000-00000e000000/transitions responded 200 in 2375.9675 ms
2026-07-30 16:11:44.152 +05:30 [INF] Start processing HTTP request GET https://grampower.atlassian.net/rest/api/3/search/jql?*
2026-07-30 16:11:44.152 +05:30 [INF] Sending HTTP request GET https://grampower.atlassian.net/rest/api/3/search/jql?*
2026-07-30 16:11:44.643 +05:30 [INF] Received HTTP response headers after 491.5195ms - 200
2026-07-30 16:11:44.644 +05:30 [INF] End processing HTTP request after 491.8801ms - 200
2026-07-30 16:11:44.662 +05:30 [INF] HTTP GET /api/dashboard responded 200 in 511.1575 ms
2026-07-30 16:12:30.303 +05:30 [INF] Start processing HTTP request GET https://grampower.atlassian.net/rest/api/3/search/jql?*
2026-07-30 16:12:30.303 +05:30 [INF] Sending HTTP request GET https://grampower.atlassian.net/rest/api/3/search/jql?*
2026-07-30 16:12:31.032 +05:30 [INF] Received HTTP response headers after 728.1932ms - 200
2026-07-30 16:12:31.032 +05:30 [INF] End processing HTTP request after 729.2672ms - 200
2026-07-30 16:12:31.034 +05:30 [INF] HTTP GET /api/issues responded 200 in 734.4453 ms
2026-07-30 16:14:45.094 +05:30 [INF] Start processing HTTP request POST https://grampower.atlassian.net/rest/api/3/issue
2026-07-30 16:14:45.096 +05:30 [INF] Sending HTTP request POST https://grampower.atlassian.net/rest/api/3/issue
2026-07-30 16:14:46.302 +05:30 [INF] Received HTTP response headers after 1206.8808ms - 201
2026-07-30 16:14:46.303 +05:30 [INF] End processing HTTP request after 1208.4769ms - 201
2026-07-30 16:14:46.303 +05:30 [INF] Start processing HTTP request PUT https://grampower.atlassian.net/rest/api/3/issue/FIT-15
2026-07-30 16:14:46.304 +05:30 [INF] Sending HTTP request PUT https://grampower.atlassian.net/rest/api/3/issue/FIT-15
2026-07-30 16:14:46.915 +05:30 [INF] Received HTTP response headers after 610.7016ms - 204
2026-07-30 16:14:46.915 +05:30 [INF] End processing HTTP request after 611.4587ms - 204
2026-07-30 16:14:46.915 +05:30 [INF] Start processing HTTP request GET https://grampower.atlassian.net/rest/api/3/issue/FIT-15?*
2026-07-30 16:14:46.915 +05:30 [INF] Sending HTTP request GET https://grampower.atlassian.net/rest/api/3/issue/FIT-15?*
2026-07-30 16:14:47.325 +05:30 [INF] Received HTTP response headers after 409.746ms - 200
2026-07-30 16:14:47.327 +05:30 [INF] End processing HTTP request after 411.6161ms - 200
2026-07-30 16:14:47.353 +05:30 [INF] Start processing HTTP request GET https://grampower.atlassian.net/rest/api/3/issue/FIT-15?*
2026-07-30 16:14:47.354 +05:30 [INF] Sending HTTP request GET https://grampower.atlassian.net/rest/api/3/issue/FIT-15?*
2026-07-30 16:14:47.634 +05:30 [INF] Received HTTP response headers after 280.4607ms - 200
2026-07-30 16:14:47.634 +05:30 [INF] End processing HTTP request after 281.0863ms - 200
2026-07-30 16:14:47.635 +05:30 [INF] Start processing HTTP request GET https://grampower.atlassian.net/rest/api/3/issue/FIT-15/comment
2026-07-30 16:14:47.635 +05:30 [INF] Sending HTTP request GET https://grampower.atlassian.net/rest/api/3/issue/FIT-15/comment
2026-07-30 16:14:48.362 +05:30 [INF] Received HTTP response headers after 727.3397ms - 200
2026-07-30 16:14:48.362 +05:30 [INF] End processing HTTP request after 727.6797ms - 200
2026-07-30 16:14:48.366 +05:30 [INF] HTTP POST /api/issues responded 201 in 3275.4519 ms
2026-07-30 16:14:48.413 +05:30 [INF] Start processing HTTP request GET https://grampower.atlassian.net/rest/api/3/issue/FIT-15?*
2026-07-30 16:14:48.413 +05:30 [INF] Sending HTTP request GET https://grampower.atlassian.net/rest/api/3/issue/FIT-15?*
2026-07-30 16:14:49.410 +05:30 [INF] Received HTTP response headers after 996.2336ms - 200
2026-07-30 16:14:49.410 +05:30 [INF] End processing HTTP request after 996.7669ms - 200
2026-07-30 16:14:49.412 +05:30 [INF] Uploading attachment 1N153207H2_18_52_10_3PLTCTUP_IMG_PROV_RESULT.xlsx to Jira FIT-15
2026-07-30 16:14:49.416 +05:30 [INF] Start processing HTTP request POST https://grampower.atlassian.net/rest/api/3/issue/FIT-15/attachments
2026-07-30 16:14:49.416 +05:30 [INF] Sending HTTP request POST https://grampower.atlassian.net/rest/api/3/issue/FIT-15/attachments
2026-07-30 16:14:51.025 +05:30 [INF] Received HTTP response headers after 1608.9543ms - 200
2026-07-30 16:14:51.026 +05:30 [INF] End processing HTTP request after 1609.6531ms - 200
2026-07-30 16:14:51.028 +05:30 [INF] Attachment uploaded to Jira FIT-15: 52423
2026-07-30 16:14:51.028 +05:30 [INF] HTTP POST /api/issues/00000000-0000-0000-0000-00000f000000/attachments responded 204 in 2630.4708 ms
2026-07-30 16:14:51.053 +05:30 [INF] Start processing HTTP request GET https://grampower.atlassian.net/rest/api/3/issue/FIT-15?*
2026-07-30 16:14:51.054 +05:30 [INF] Sending HTTP request GET https://grampower.atlassian.net/rest/api/3/issue/FIT-15?*
2026-07-30 16:14:51.532 +05:30 [INF] Received HTTP response headers after 478.6162ms - 200
2026-07-30 16:14:51.533 +05:30 [INF] End processing HTTP request after 479.6346ms - 200
2026-07-30 16:14:51.534 +05:30 [INF] Uploading attachment 4CE514B6M7_15_19_01_GARUD_1PH_IMG_PROV_RESULT.xlsx to Jira FIT-15
2026-07-30 16:14:51.535 +05:30 [INF] Start processing HTTP request POST https://grampower.atlassian.net/rest/api/3/issue/FIT-15/attachments
2026-07-30 16:14:51.535 +05:30 [INF] Sending HTTP request POST https://grampower.atlassian.net/rest/api/3/issue/FIT-15/attachments
2026-07-30 16:14:52.975 +05:30 [INF] Received HTTP response headers after 1440.5174ms - 200
2026-07-30 16:14:52.976 +05:30 [INF] End processing HTTP request after 1441.1455ms - 200
2026-07-30 16:14:52.976 +05:30 [INF] Attachment uploaded to Jira FIT-15: 52424
2026-07-30 16:14:52.976 +05:30 [INF] HTTP POST /api/issues/00000000-0000-0000-0000-00000f000000/attachments responded 204 in 1925.4138 ms
2026-07-30 16:14:53.116 +05:30 [INF] Start processing HTTP request GET https://grampower.atlassian.net/rest/api/3/search/jql?*
2026-07-30 16:14:53.116 +05:30 [INF] Sending HTTP request GET https://grampower.atlassian.net/rest/api/3/search/jql?*
2026-07-30 16:14:53.604 +05:30 [INF] Received HTTP response headers after 487.8088ms - 200
2026-07-30 16:14:53.604 +05:30 [INF] End processing HTTP request after 488.2363ms - 200
2026-07-30 16:14:53.639 +05:30 [INF] HTTP GET /api/issues responded 200 in 524.1333 ms
2026-07-30 16:15:46.451 +05:30 [INF] Start processing HTTP request GET https://grampower.atlassian.net/rest/api/3/issue/FIT-15?*
2026-07-30 16:15:46.452 +05:30 [INF] Sending HTTP request GET https://grampower.atlassian.net/rest/api/3/issue/FIT-15?*
2026-07-30 16:15:46.453 +05:30 [INF] Start processing HTTP request GET https://grampower.atlassian.net/rest/api/3/issue/FIT-15?*
2026-07-30 16:15:46.453 +05:30 [INF] Sending HTTP request GET https://grampower.atlassian.net/rest/api/3/issue/FIT-15?*
2026-07-30 16:15:46.860 +05:30 [INF] Received HTTP response headers after 408.2616ms - 200
2026-07-30 16:15:46.860 +05:30 [INF] End processing HTTP request after 409.648ms - 200
2026-07-30 16:15:46.879 +05:30 [INF] Start processing HTTP request GET https://grampower.atlassian.net/rest/api/3/issue/FIT-15?*
2026-07-30 16:15:46.880 +05:30 [INF] Sending HTTP request GET https://grampower.atlassian.net/rest/api/3/issue/FIT-15?*
2026-07-30 16:15:47.197 +05:30 [INF] Received HTTP response headers after 317.0976ms - 200
2026-07-30 16:15:47.197 +05:30 [INF] End processing HTTP request after 318.022ms - 200
2026-07-30 16:15:47.198 +05:30 [INF] Start processing HTTP request GET https://grampower.atlassian.net/rest/api/3/issue/FIT-15/comment
2026-07-30 16:15:47.198 +05:30 [INF] Sending HTTP request GET https://grampower.atlassian.net/rest/api/3/issue/FIT-15/comment
2026-07-30 16:15:47.244 +05:30 [INF] Received HTTP response headers after 790.9384ms - 200
2026-07-30 16:15:47.244 +05:30 [INF] End processing HTTP request after 791.4305ms - 200
2026-07-30 16:15:47.250 +05:30 [INF] Start processing HTTP request GET https://grampower.atlassian.net/rest/api/3/issue/FIT-15?*
2026-07-30 16:15:47.250 +05:30 [INF] Sending HTTP request GET https://grampower.atlassian.net/rest/api/3/issue/FIT-15?*
2026-07-30 16:15:47.640 +05:30 [INF] Received HTTP response headers after 389.58ms - 200
2026-07-30 16:15:47.640 +05:30 [INF] End processing HTTP request after 390.2872ms - 200
2026-07-30 16:15:47.641 +05:30 [INF] Start processing HTTP request GET https://grampower.atlassian.net/rest/api/3/issue/FIT-15/comment
2026-07-30 16:15:47.641 +05:30 [INF] Sending HTTP request GET https://grampower.atlassian.net/rest/api/3/issue/FIT-15/comment
2026-07-30 16:15:47.929 +05:30 [INF] Received HTTP response headers after 730.5757ms - 200
2026-07-30 16:15:47.929 +05:30 [INF] End processing HTTP request after 731.176ms - 200
2026-07-30 16:15:47.931 +05:30 [INF] HTTP GET /api/issues/00000000-0000-0000-0000-00000f000000 responded 200 in 1485.1008 ms
2026-07-30 16:15:47.944 +05:30 [INF] Received HTTP response headers after 303.3606ms - 200
2026-07-30 16:15:47.944 +05:30 [INF] End processing HTTP request after 303.8883ms - 200
2026-07-30 16:15:47.945 +05:30 [INF] Start processing HTTP request GET https://grampower.atlassian.net/rest/api/3/issue/FIT-15/transitions
2026-07-30 16:15:47.945 +05:30 [INF] Sending HTTP request GET https://grampower.atlassian.net/rest/api/3/issue/FIT-15/transitions
2026-07-30 16:15:48.282 +05:30 [INF] Received HTTP response headers after 336.6571ms - 200
2026-07-30 16:15:48.283 +05:30 [INF] End processing HTTP request after 337.3855ms - 200
2026-07-30 16:15:48.283 +05:30 [INF] HTTP GET /api/issues/00000000-0000-0000-0000-00000f000000/transitions responded 200 in 1831.1350 ms
2026-07-30 16:15:57.078 +05:30 [INF] Start processing HTTP request GET https://grampower.atlassian.net/rest/api/3/search/jql?*
2026-07-30 16:15:57.078 +05:30 [INF] Sending HTTP request GET https://grampower.atlassian.net/rest/api/3/search/jql?*
2026-07-30 16:15:57.567 +05:30 [INF] Received HTTP response headers after 489.5493ms - 200
2026-07-30 16:15:57.568 +05:30 [INF] End processing HTTP request after 490.2054ms - 200
2026-07-30 16:15:57.608 +05:30 [INF] HTTP GET /api/issues responded 200 in 531.9711 ms
2026-07-30 16:16:48.185 +05:30 [INF] Start processing HTTP request GET https://grampower.atlassian.net/rest/api/3/search/jql?*
2026-07-30 16:16:48.186 +05:30 [INF] Sending HTTP request GET https://grampower.atlassian.net/rest/api/3/search/jql?*
2026-07-30 16:16:49.033 +05:30 [INF] Received HTTP response headers after 847.1688ms - 200
2026-07-30 16:16:49.034 +05:30 [INF] End processing HTTP request after 848.1372ms - 200
2026-07-30 16:16:49.086 +05:30 [INF] HTTP GET /api/dashboard responded 200 in 900.6234 ms
2026-07-30 16:16:58.751 +05:30 [INF] Application is shutting down...
2026-07-30 16:19:26.824 +05:30 [WRN] The WebRootPath was not found: /Users/lalit.tak/Documents/Workspace/FIT/src/FIT.API/wwwroot. Static files may be unavailable.
2026-07-30 16:19:26.918 +05:30 [INF] Now listening on: http://localhost:5000
2026-07-30 16:19:26.919 +05:30 [INF] Application started. Press Ctrl+C to shut down.
2026-07-30 16:19:26.919 +05:30 [INF] Hosting environment: Production
2026-07-30 16:19:26.919 +05:30 [INF] Content root path: /Users/lalit.tak/Documents/Workspace/FIT/src/FIT.API
2026-07-30 16:20:18.364 +05:30 [INF] Application is shutting down...
2026-07-30 16:20:20.387 +05:30 [WRN] The WebRootPath was not found: /Users/lalit.tak/Documents/Workspace/FIT/src/FIT.API/wwwroot. Static files may be unavailable.
2026-07-30 16:20:20.481 +05:30 [INF] Now listening on: http://localhost:5062
2026-07-30 16:20:20.482 +05:30 [INF] Application started. Press Ctrl+C to shut down.
2026-07-30 16:20:20.482 +05:30 [INF] Hosting environment: Production
2026-07-30 16:20:20.482 +05:30 [INF] Content root path: /Users/lalit.tak/Documents/Workspace/FIT/src/FIT.API
2026-07-30 16:20:24.457 +05:30 [INF] HTTP POST /api/auth/login responded 200 in 96.5475 ms
2026-07-30 16:20:24.623 +05:30 [INF] Start processing HTTP request GET https://grampower.atlassian.net/rest/api/3/search/jql?*
2026-07-30 16:20:24.623 +05:30 [INF] Sending HTTP request GET https://grampower.atlassian.net/rest/api/3/search/jql?*
2026-07-30 16:20:25.769 +05:30 [INF] Received HTTP response headers after 1144.0911ms - 200
2026-07-30 16:20:25.772 +05:30 [INF] End processing HTTP request after 1151.1894ms - 200
2026-07-30 16:20:25.936 +05:30 [INF] HTTP GET /api/dashboard responded 200 in 1376.2724 ms
2026-07-30 16:20:35.612 +05:30 [INF] Start processing HTTP request GET https://grampower.atlassian.net/rest/api/3/issue/FIT-16?*
2026-07-30 16:20:35.612 +05:30 [INF] Start processing HTTP request GET https://grampower.atlassian.net/rest/api/3/issue/FIT-16?*
2026-07-30 16:20:35.612 +05:30 [INF] Sending HTTP request GET https://grampower.atlassian.net/rest/api/3/issue/FIT-16?*
2026-07-30 16:20:35.612 +05:30 [INF] Sending HTTP request GET https://grampower.atlassian.net/rest/api/3/issue/FIT-16?*
2026-07-30 16:20:36.027 +05:30 [INF] Received HTTP response headers after 414.6941ms - 200
2026-07-30 16:20:36.027 +05:30 [INF] End processing HTTP request after 415.2087ms - 200
2026-07-30 16:20:36.059 +05:30 [INF] Start processing HTTP request GET https://grampower.atlassian.net/rest/api/3/issue/FIT-16?*
2026-07-30 16:20:36.059 +05:30 [INF] Sending HTTP request GET https://grampower.atlassian.net/rest/api/3/issue/FIT-16?*
2026-07-30 16:20:36.392 +05:30 [INF] Received HTTP response headers after 780.4439ms - 200
2026-07-30 16:20:36.392 +05:30 [INF] End processing HTTP request after 780.8914ms - 200
2026-07-30 16:20:36.393 +05:30 [INF] Start processing HTTP request GET https://grampower.atlassian.net/rest/api/3/issue/FIT-16?*
2026-07-30 16:20:36.393 +05:30 [INF] Sending HTTP request GET https://grampower.atlassian.net/rest/api/3/issue/FIT-16?*
2026-07-30 16:20:36.496 +05:30 [INF] Received HTTP response headers after 437.1066ms - 200
2026-07-30 16:20:36.497 +05:30 [INF] End processing HTTP request after 437.5934ms - 200
2026-07-30 16:20:36.499 +05:30 [INF] Start processing HTTP request GET https://grampower.atlassian.net/rest/api/3/issue/FIT-16/comment
2026-07-30 16:20:36.499 +05:30 [INF] Sending HTTP request GET https://grampower.atlassian.net/rest/api/3/issue/FIT-16/comment
2026-07-30 16:20:37.108 +05:30 [INF] Received HTTP response headers after 714.9322ms - 200
2026-07-30 16:20:37.109 +05:30 [INF] End processing HTTP request after 715.7738ms - 200
2026-07-30 16:20:37.109 +05:30 [INF] Start processing HTTP request GET https://grampower.atlassian.net/rest/api/3/issue/FIT-16/comment
2026-07-30 16:20:37.110 +05:30 [INF] Sending HTTP request GET https://grampower.atlassian.net/rest/api/3/issue/FIT-16/comment
2026-07-30 16:20:37.212 +05:30 [INF] Received HTTP response headers after 713.7693ms - 200
2026-07-30 16:20:37.213 +05:30 [INF] End processing HTTP request after 714.5279ms - 200
2026-07-30 16:20:37.252 +05:30 [INF] Start processing HTTP request GET https://grampower.atlassian.net/rest/api/3/issue/FIT-16/transitions
2026-07-30 16:20:37.252 +05:30 [INF] Sending HTTP request GET https://grampower.atlassian.net/rest/api/3/issue/FIT-16/transitions
2026-07-30 16:20:37.394 +05:30 [INF] Received HTTP response headers after 283.7834ms - 200
2026-07-30 16:20:37.394 +05:30 [INF] End processing HTTP request after 284.5651ms - 200
2026-07-30 16:20:37.442 +05:30 [INF] HTTP GET /api/issues/00000000-0000-0000-0000-000010000000 responded 200 in 1903.0443 ms
2026-07-30 16:20:38.065 +05:30 [INF] Received HTTP response headers after 812.563ms - 200
2026-07-30 16:20:38.065 +05:30 [INF] End processing HTTP request after 813.6169ms - 200
2026-07-30 16:20:38.070 +05:30 [INF] HTTP GET /api/issues/00000000-0000-0000-0000-000010000000/transitions responded 200 in 2525.2125 ms
2026-07-30 16:20:47.159 +05:30 [INF] Start processing HTTP request GET https://grampower.atlassian.net/rest/api/3/issue/FIT-16?*
2026-07-30 16:20:47.160 +05:30 [INF] Sending HTTP request GET https://grampower.atlassian.net/rest/api/3/issue/FIT-16?*
2026-07-30 16:20:47.552 +05:30 [INF] Received HTTP response headers after 392.721ms - 200
2026-07-30 16:20:47.553 +05:30 [INF] End processing HTTP request after 393.7146ms - 200
2026-07-30 16:20:47.558 +05:30 [INF] Start processing HTTP request GET https://grampower.atlassian.net/rest/api/3/issue/FIT-16?*
2026-07-30 16:20:47.559 +05:30 [INF] Sending HTTP request GET https://grampower.atlassian.net/rest/api/3/issue/FIT-16?*
2026-07-30 16:20:47.872 +05:30 [INF] Received HTTP response headers after 312.7596ms - 200
2026-07-30 16:20:47.873 +05:30 [INF] End processing HTTP request after 314.2241ms - 200
2026-07-30 16:20:47.873 +05:30 [INF] Start processing HTTP request GET https://grampower.atlassian.net/rest/api/3/issue/FIT-16/comment
2026-07-30 16:20:47.874 +05:30 [INF] Sending HTTP request GET https://grampower.atlassian.net/rest/api/3/issue/FIT-16/comment
2026-07-30 16:20:48.582 +05:30 [INF] Received HTTP response headers after 708.103ms - 200
2026-07-30 16:20:48.582 +05:30 [INF] End processing HTTP request after 709.0747ms - 200
2026-07-30 16:20:48.588 +05:30 [INF] Start processing HTTP request GET https://grampower.atlassian.net/rest/api/3/issue/FIT-16?*
2026-07-30 16:20:48.588 +05:30 [INF] Sending HTTP request GET https://grampower.atlassian.net/rest/api/3/issue/FIT-16?*
2026-07-30 16:20:48.984 +05:30 [INF] Received HTTP response headers after 396.2128ms - 200
2026-07-30 16:20:48.985 +05:30 [INF] End processing HTTP request after 397.2643ms - 200
2026-07-30 16:20:49.081 +05:30 [INF] Start processing HTTP request PUT https://grampower.atlassian.net/rest/api/3/issue/FIT-16
2026-07-30 16:20:49.081 +05:30 [INF] Sending HTTP request PUT https://grampower.atlassian.net/rest/api/3/issue/FIT-16
2026-07-30 16:20:50.301 +05:30 [INF] Received HTTP response headers after 1219.4012ms - 204
2026-07-30 16:20:50.301 +05:30 [INF] End processing HTTP request after 1220.6265ms - 204
2026-07-30 16:20:50.311 +05:30 [INF] Start processing HTTP request POST https://grampower.atlassian.net/rest/api/3/issue/FIT-16/comment
2026-07-30 16:20:50.311 +05:30 [INF] Sending HTTP request POST https://grampower.atlassian.net/rest/api/3/issue/FIT-16/comment
2026-07-30 16:20:51.241 +05:30 [INF] Received HTTP response headers after 929.6879ms - 201
2026-07-30 16:20:51.242 +05:30 [INF] End processing HTTP request after 930.7326ms - 201
2026-07-30 16:20:51.247 +05:30 [INF] HTTP POST /api/issues/00000000-0000-0000-0000-000010000000/comments responded 204 in 4105.3072 ms
2026-07-30 16:20:51.273 +05:30 [INF] Start processing HTTP request GET https://grampower.atlassian.net/rest/api/3/issue/FIT-16?*
2026-07-30 16:20:51.273 +05:30 [INF] Start processing HTTP request GET https://grampower.atlassian.net/rest/api/3/issue/FIT-16?*
2026-07-30 16:20:51.274 +05:30 [INF] Sending HTTP request GET https://grampower.atlassian.net/rest/api/3/issue/FIT-16?*
2026-07-30 16:20:51.274 +05:30 [INF] Sending HTTP request GET https://grampower.atlassian.net/rest/api/3/issue/FIT-16?*
2026-07-30 16:20:51.692 +05:30 [INF] Received HTTP response headers after 417.9071ms - 200
2026-07-30 16:20:51.692 +05:30 [INF] End processing HTTP request after 418.4497ms - 200
2026-07-30 16:20:51.692 +05:30 [INF] Start processing HTTP request GET https://grampower.atlassian.net/rest/api/3/issue/FIT-16?*
2026-07-30 16:20:51.692 +05:30 [INF] Sending HTTP request GET https://grampower.atlassian.net/rest/api/3/issue/FIT-16?*
2026-07-30 16:20:51.720 +05:30 [INF] Received HTTP response headers after 445.7601ms - 200
2026-07-30 16:20:51.720 +05:30 [INF] End processing HTTP request after 446.2054ms - 200
2026-07-30 16:20:51.720 +05:30 [INF] Start processing HTTP request GET https://grampower.atlassian.net/rest/api/3/issue/FIT-16?*
2026-07-30 16:20:51.720 +05:30 [INF] Sending HTTP request GET https://grampower.atlassian.net/rest/api/3/issue/FIT-16?*
2026-07-30 16:20:52.016 +05:30 [INF] Received HTTP response headers after 296.0814ms - 200
2026-07-30 16:20:52.017 +05:30 [INF] End processing HTTP request after 296.503ms - 200
2026-07-30 16:20:52.017 +05:30 [INF] Start processing HTTP request GET https://grampower.atlassian.net/rest/api/3/issue/FIT-16/comment
2026-07-30 16:20:52.017 +05:30 [INF] Sending HTTP request GET https://grampower.atlassian.net/rest/api/3/issue/FIT-16/comment
2026-07-30 16:20:52.411 +05:30 [INF] Received HTTP response headers after 718.6491ms - 200
2026-07-30 16:20:52.412 +05:30 [INF] End processing HTTP request after 719.1423ms - 200
2026-07-30 16:20:52.412 +05:30 [INF] Start processing HTTP request GET https://grampower.atlassian.net/rest/api/3/issue/FIT-16/comment
2026-07-30 16:20:52.412 +05:30 [INF] Sending HTTP request GET https://grampower.atlassian.net/rest/api/3/issue/FIT-16/comment
2026-07-30 16:20:52.752 +05:30 [INF] Received HTTP response headers after 338.2696ms - 200
2026-07-30 16:20:52.755 +05:30 [INF] End processing HTTP request after 343.1216ms - 200
2026-07-30 16:20:52.774 +05:30 [INF] Start processing HTTP request GET https://grampower.atlassian.net/rest/api/3/issue/FIT-16/transitions
2026-07-30 16:20:52.774 +05:30 [INF] Sending HTTP request GET https://grampower.atlassian.net/rest/api/3/issue/FIT-16/transitions
2026-07-30 16:20:52.788 +05:30 [INF] Received HTTP response headers after 770.3675ms - 200
2026-07-30 16:20:52.788 +05:30 [INF] End processing HTTP request after 770.9826ms - 200
2026-07-30 16:20:52.790 +05:30 [INF] HTTP GET /api/issues/00000000-0000-0000-0000-000010000000 responded 200 in 1520.9411 ms
2026-07-30 16:20:53.271 +05:30 [INF] Received HTTP response headers after 496.231ms - 200
2026-07-30 16:20:53.271 +05:30 [INF] End processing HTTP request after 497.0759ms - 200
2026-07-30 16:20:53.272 +05:30 [INF] HTTP GET /api/issues/00000000-0000-0000-0000-000010000000/transitions responded 200 in 2002.3953 ms
2026-07-30 16:21:30.893 +05:30 [INF] Start processing HTTP request GET https://grampower.atlassian.net/rest/api/3/issue/FIT-16?*
2026-07-30 16:21:30.894 +05:30 [INF] Sending HTTP request GET https://grampower.atlassian.net/rest/api/3/issue/FIT-16?*
2026-07-30 16:21:31.344 +05:30 [INF] Received HTTP response headers after 450.0496ms - 200
2026-07-30 16:21:31.344 +05:30 [INF] End processing HTTP request after 451.6824ms - 200
2026-07-30 16:21:31.362 +05:30 [INF] Start processing HTTP request GET https://grampower.atlassian.net/rest/api/3/issue/FIT-16?*
2026-07-30 16:21:31.363 +05:30 [INF] Sending HTTP request GET https://grampower.atlassian.net/rest/api/3/issue/FIT-16?*
2026-07-30 16:21:31.690 +05:30 [INF] Received HTTP response headers after 326.9528ms - 200
2026-07-30 16:21:31.690 +05:30 [INF] End processing HTTP request after 327.8499ms - 200
2026-07-30 16:21:31.691 +05:30 [INF] Start processing HTTP request GET https://grampower.atlassian.net/rest/api/3/issue/FIT-16/comment
2026-07-30 16:21:31.691 +05:30 [INF] Sending HTTP request GET https://grampower.atlassian.net/rest/api/3/issue/FIT-16/comment
2026-07-30 16:21:32.091 +05:30 [INF] Received HTTP response headers after 399.4488ms - 200
2026-07-30 16:21:32.091 +05:30 [INF] End processing HTTP request after 400.7262ms - 200
2026-07-30 16:21:32.098 +05:30 [INF] Start processing HTTP request POST https://grampower.atlassian.net/rest/api/3/issue/FIT-16/transitions
2026-07-30 16:21:32.098 +05:30 [INF] Sending HTTP request POST https://grampower.atlassian.net/rest/api/3/issue/FIT-16/transitions
2026-07-30 16:21:32.811 +05:30 [INF] Received HTTP response headers after 712.7063ms - 204
2026-07-30 16:21:32.811 +05:30 [INF] End processing HTTP request after 713.5102ms - 204
2026-07-30 16:21:32.812 +05:30 [INF] HTTP POST /api/issues/00000000-0000-0000-0000-000010000000/transition responded 204 in 1939.8522 ms
2026-07-30 16:21:33.851 +05:30 [INF] Start processing HTTP request GET https://grampower.atlassian.net/rest/api/3/issue/FIT-16?*
2026-07-30 16:21:33.851 +05:30 [INF] Start processing HTTP request GET https://grampower.atlassian.net/rest/api/3/issue/FIT-16?*
2026-07-30 16:21:33.852 +05:30 [INF] Sending HTTP request GET https://grampower.atlassian.net/rest/api/3/issue/FIT-16?*
2026-07-30 16:21:33.852 +05:30 [INF] Sending HTTP request GET https://grampower.atlassian.net/rest/api/3/issue/FIT-16?*
2026-07-30 16:21:34.209 +05:30 [INF] Received HTTP response headers after 356.7537ms - 200
2026-07-30 16:21:34.209 +05:30 [INF] End processing HTTP request after 357.9587ms - 200
2026-07-30 16:21:34.222 +05:30 [INF] Start processing HTTP request GET https://grampower.atlassian.net/rest/api/3/issue/FIT-16?*
2026-07-30 16:21:34.223 +05:30 [INF] Sending HTTP request GET https://grampower.atlassian.net/rest/api/3/issue/FIT-16?*
2026-07-30 16:21:34.597 +05:30 [INF] Received HTTP response headers after 374.3796ms - 200
2026-07-30 16:21:34.598 +05:30 [INF] End processing HTTP request after 375.2554ms - 200
2026-07-30 16:21:34.598 +05:30 [INF] Start processing HTTP request GET https://grampower.atlassian.net/rest/api/3/issue/FIT-16/comment
2026-07-30 16:21:34.598 +05:30 [INF] Sending HTTP request GET https://grampower.atlassian.net/rest/api/3/issue/FIT-16/comment
2026-07-30 16:21:34.725 +05:30 [INF] Received HTTP response headers after 873.5164ms - 200
2026-07-30 16:21:34.726 +05:30 [INF] End processing HTTP request after 874.5212ms - 200
2026-07-30 16:21:34.742 +05:30 [INF] Start processing HTTP request GET https://grampower.atlassian.net/rest/api/3/issue/FIT-16?*
2026-07-30 16:21:34.742 +05:30 [INF] Sending HTTP request GET https://grampower.atlassian.net/rest/api/3/issue/FIT-16?*
2026-07-30 16:21:35.042 +05:30 [INF] Received HTTP response headers after 443.3321ms - 200
2026-07-30 16:21:35.042 +05:30 [INF] End processing HTTP request after 444.1478ms - 200
2026-07-30 16:21:35.044 +05:30 [INF] HTTP GET /api/issues/00000000-0000-0000-0000-000010000000 responded 200 in 1193.5902 ms
2026-07-30 16:21:35.097 +05:30 [INF] Received HTTP response headers after 355.148ms - 200
2026-07-30 16:21:35.098 +05:30 [INF] End processing HTTP request after 356.0941ms - 200
2026-07-30 16:21:35.101 +05:30 [INF] Start processing HTTP request GET https://grampower.atlassian.net/rest/api/3/issue/FIT-16/comment
2026-07-30 16:21:35.101 +05:30 [INF] Sending HTTP request GET https://grampower.atlassian.net/rest/api/3/issue/FIT-16/comment
2026-07-30 16:21:35.899 +05:30 [INF] Received HTTP response headers after 797.3505ms - 200
2026-07-30 16:21:35.899 +05:30 [INF] End processing HTTP request after 798.117ms - 200
2026-07-30 16:21:35.900 +05:30 [INF] Start processing HTTP request GET https://grampower.atlassian.net/rest/api/3/issue/FIT-16/transitions
2026-07-30 16:21:35.901 +05:30 [INF] Sending HTTP request GET https://grampower.atlassian.net/rest/api/3/issue/FIT-16/transitions
2026-07-30 16:21:36.342 +05:30 [INF] Received HTTP response headers after 440.8498ms - 200
2026-07-30 16:21:36.342 +05:30 [INF] End processing HTTP request after 441.705ms - 200
2026-07-30 16:21:36.343 +05:30 [INF] HTTP GET /api/issues/00000000-0000-0000-0000-000010000000/transitions responded 200 in 2493.5008 ms
2026-07-30 16:21:36.356 +05:30 [INF] Start processing HTTP request GET https://grampower.atlassian.net/rest/api/3/issue/FIT-16?*
2026-07-30 16:21:36.356 +05:30 [INF] Sending HTTP request GET https://grampower.atlassian.net/rest/api/3/issue/FIT-16?*
2026-07-30 16:21:36.851 +05:30 [INF] Received HTTP response headers after 494.5182ms - 200
2026-07-30 16:21:36.852 +05:30 [INF] End processing HTTP request after 495.6911ms - 200
2026-07-30 16:21:36.854 +05:30 [INF] Start processing HTTP request GET https://grampower.atlassian.net/rest/api/3/issue/FIT-16?*
2026-07-30 16:21:36.854 +05:30 [INF] Sending HTTP request GET https://grampower.atlassian.net/rest/api/3/issue/FIT-16?*
2026-07-30 16:21:37.147 +05:30 [INF] Received HTTP response headers after 292.7166ms - 200
2026-07-30 16:21:37.147 +05:30 [INF] End processing HTTP request after 293.5657ms - 200
2026-07-30 16:21:37.148 +05:30 [INF] Start processing HTTP request GET https://grampower.atlassian.net/rest/api/3/issue/FIT-16/comment
2026-07-30 16:21:37.148 +05:30 [INF] Sending HTTP request GET https://grampower.atlassian.net/rest/api/3/issue/FIT-16/comment
2026-07-30 16:21:37.449 +05:30 [INF] Received HTTP response headers after 300.6441ms - 200
2026-07-30 16:21:37.449 +05:30 [INF] End processing HTTP request after 301.424ms - 200
2026-07-30 16:21:37.450 +05:30 [INF] Start processing HTTP request GET https://grampower.atlassian.net/rest/api/3/issue/FIT-16/transitions
2026-07-30 16:21:37.450 +05:30 [INF] Sending HTTP request GET https://grampower.atlassian.net/rest/api/3/issue/FIT-16/transitions
2026-07-30 16:21:37.927 +05:30 [INF] Received HTTP response headers after 476.1918ms - 200
2026-07-30 16:21:37.927 +05:30 [INF] End processing HTTP request after 476.7327ms - 200
2026-07-30 16:21:37.928 +05:30 [INF] HTTP GET /api/issues/00000000-0000-0000-0000-000010000000/transitions responded 200 in 1572.3610 ms
2026-07-30 16:21:48.672 +05:30 [INF] Start processing HTTP request GET https://grampower.atlassian.net/rest/api/3/issue/FIT-16?*
2026-07-30 16:21:48.673 +05:30 [INF] Sending HTTP request GET https://grampower.atlassian.net/rest/api/3/issue/FIT-16?*
2026-07-30 16:21:49.063 +05:30 [INF] Received HTTP response headers after 389.9202ms - 200
2026-07-30 16:21:49.063 +05:30 [INF] End processing HTTP request after 390.6566ms - 200
2026-07-30 16:21:49.082 +05:30 [INF] Start processing HTTP request GET https://grampower.atlassian.net/rest/api/3/issue/FIT-16?*
2026-07-30 16:21:49.082 +05:30 [INF] Sending HTTP request GET https://grampower.atlassian.net/rest/api/3/issue/FIT-16?*
2026-07-30 16:21:49.888 +05:30 [INF] Received HTTP response headers after 805.8737ms - 200
2026-07-30 16:21:49.888 +05:30 [INF] End processing HTTP request after 806.8128ms - 200
2026-07-30 16:21:49.889 +05:30 [INF] Start processing HTTP request GET https://grampower.atlassian.net/rest/api/3/issue/FIT-16/comment
2026-07-30 16:21:49.889 +05:30 [INF] Sending HTTP request GET https://grampower.atlassian.net/rest/api/3/issue/FIT-16/comment
2026-07-30 16:21:50.171 +05:30 [INF] Received HTTP response headers after 281.7464ms - 200
2026-07-30 16:21:50.171 +05:30 [INF] End processing HTTP request after 282.7131ms - 200
2026-07-30 16:21:50.172 +05:30 [INF] Start processing HTTP request POST https://grampower.atlassian.net/rest/api/3/issue/FIT-16/transitions
2026-07-30 16:21:50.173 +05:30 [INF] Sending HTTP request POST https://grampower.atlassian.net/rest/api/3/issue/FIT-16/transitions
2026-07-30 16:21:50.825 +05:30 [INF] Received HTTP response headers after 652.3855ms - 204
2026-07-30 16:21:50.825 +05:30 [INF] End processing HTTP request after 653.0322ms - 204
2026-07-30 16:21:50.826 +05:30 [INF] Start processing HTTP request POST https://grampower.atlassian.net/rest/api/3/issue/FIT-16/comment
2026-07-30 16:21:50.826 +05:30 [INF] Sending HTTP request POST https://grampower.atlassian.net/rest/api/3/issue/FIT-16/comment
2026-07-30 16:21:51.243 +05:30 [INF] Received HTTP response headers after 417.0436ms - 201
2026-07-30 16:21:51.243 +05:30 [INF] End processing HTTP request after 417.7367ms - 201
2026-07-30 16:21:51.244 +05:30 [INF] HTTP POST /api/issues/00000000-0000-0000-0000-000010000000/transition responded 204 in 2573.8322 ms
2026-07-30 16:21:52.268 +05:30 [INF] Start processing HTTP request GET https://grampower.atlassian.net/rest/api/3/issue/FIT-16?*
2026-07-30 16:21:52.268 +05:30 [INF] Start processing HTTP request GET https://grampower.atlassian.net/rest/api/3/issue/FIT-16?*
2026-07-30 16:21:52.268 +05:30 [INF] Sending HTTP request GET https://grampower.atlassian.net/rest/api/3/issue/FIT-16?*
2026-07-30 16:21:52.268 +05:30 [INF] Sending HTTP request GET https://grampower.atlassian.net/rest/api/3/issue/FIT-16?*
2026-07-30 16:21:52.623 +05:30 [INF] Received HTTP response headers after 354.7862ms - 200
2026-07-30 16:21:52.624 +05:30 [INF] End processing HTTP request after 356.012ms - 200
2026-07-30 16:21:52.629 +05:30 [INF] Received HTTP response headers after 360.287ms - 200
2026-07-30 16:21:52.629 +05:30 [INF] End processing HTTP request after 361.3319ms - 200
2026-07-30 16:21:52.640 +05:30 [INF] Start processing HTTP request GET https://grampower.atlassian.net/rest/api/3/issue/FIT-16?*
2026-07-30 16:21:52.640 +05:30 [INF] Sending HTTP request GET https://grampower.atlassian.net/rest/api/3/issue/FIT-16?*
2026-07-30 16:21:52.649 +05:30 [INF] Start processing HTTP request GET https://grampower.atlassian.net/rest/api/3/issue/FIT-16?*
2026-07-30 16:21:52.649 +05:30 [INF] Sending HTTP request GET https://grampower.atlassian.net/rest/api/3/issue/FIT-16?*
2026-07-30 16:21:52.942 +05:30 [INF] Received HTTP response headers after 292.5735ms - 200
2026-07-30 16:21:52.942 +05:30 [INF] End processing HTTP request after 293.303ms - 200
2026-07-30 16:21:52.942 +05:30 [INF] Start processing HTTP request GET https://grampower.atlassian.net/rest/api/3/issue/FIT-16/comment
2026-07-30 16:21:52.942 +05:30 [INF] Sending HTTP request GET https://grampower.atlassian.net/rest/api/3/issue/FIT-16/comment
2026-07-30 16:21:53.044 +05:30 [INF] Received HTTP response headers after 404.053ms - 200
2026-07-30 16:21:53.045 +05:30 [INF] End processing HTTP request after 404.7208ms - 200
2026-07-30 16:21:53.049 +05:30 [INF] Start processing HTTP request GET https://grampower.atlassian.net/rest/api/3/issue/FIT-16/comment
2026-07-30 16:21:53.050 +05:30 [INF] Sending HTTP request GET https://grampower.atlassian.net/rest/api/3/issue/FIT-16/comment
2026-07-30 16:21:53.290 +05:30 [INF] Received HTTP response headers after 347.6307ms - 200
2026-07-30 16:21:53.291 +05:30 [INF] End processing HTTP request after 348.2855ms - 200
2026-07-30 16:21:53.292 +05:30 [INF] Start processing HTTP request GET https://grampower.atlassian.net/rest/api/3/issue/FIT-16/transitions
2026-07-30 16:21:53.292 +05:30 [INF] Sending HTTP request GET https://grampower.atlassian.net/rest/api/3/issue/FIT-16/transitions
2026-07-30 16:21:53.562 +05:30 [INF] Received HTTP response headers after 511.969ms - 200
2026-07-30 16:21:53.562 +05:30 [INF] End processing HTTP request after 512.7458ms - 200
2026-07-30 16:21:53.563 +05:30 [INF] HTTP GET /api/issues/00000000-0000-0000-0000-000010000000 responded 200 in 1297.3387 ms
2026-07-30 16:21:53.596 +05:30 [INF] Received HTTP response headers after 303.777ms - 200
2026-07-30 16:21:53.596 +05:30 [INF] End processing HTTP request after 304.6304ms - 200
2026-07-30 16:21:53.597 +05:30 [INF] HTTP GET /api/issues/00000000-0000-0000-0000-000010000000/transitions responded 200 in 1330.5292 ms
2026-07-30 16:21:53.604 +05:30 [INF] Start processing HTTP request GET https://grampower.atlassian.net/rest/api/3/issue/FIT-16?*
2026-07-30 16:21:53.604 +05:30 [INF] Sending HTTP request GET https://grampower.atlassian.net/rest/api/3/issue/FIT-16?*
2026-07-30 16:21:54.086 +05:30 [INF] Received HTTP response headers after 481.0914ms - 200
2026-07-30 16:21:54.086 +05:30 [INF] End processing HTTP request after 481.6471ms - 200
2026-07-30 16:21:54.087 +05:30 [INF] Start processing HTTP request GET https://grampower.atlassian.net/rest/api/3/issue/FIT-16?*
2026-07-30 16:21:54.088 +05:30 [INF] Sending HTTP request GET https://grampower.atlassian.net/rest/api/3/issue/FIT-16?*
2026-07-30 16:21:54.386 +05:30 [INF] Received HTTP response headers after 298.0717ms - 200
2026-07-30 16:21:54.386 +05:30 [INF] End processing HTTP request after 298.7973ms - 200
2026-07-30 16:21:54.387 +05:30 [INF] Start processing HTTP request GET https://grampower.atlassian.net/rest/api/3/issue/FIT-16/comment
2026-07-30 16:21:54.387 +05:30 [INF] Sending HTTP request GET https://grampower.atlassian.net/rest/api/3/issue/FIT-16/comment
2026-07-30 16:21:54.686 +05:30 [INF] Received HTTP response headers after 298.8348ms - 200
2026-07-30 16:21:54.686 +05:30 [INF] End processing HTTP request after 299.6713ms - 200
2026-07-30 16:21:54.687 +05:30 [INF] Start processing HTTP request GET https://grampower.atlassian.net/rest/api/3/issue/FIT-16/transitions
2026-07-30 16:21:54.687 +05:30 [INF] Sending HTTP request GET https://grampower.atlassian.net/rest/api/3/issue/FIT-16/transitions
2026-07-30 16:21:55.037 +05:30 [INF] Received HTTP response headers after 349.38ms - 200
2026-07-30 16:21:55.038 +05:30 [INF] End processing HTTP request after 350.4699ms - 200
2026-07-30 16:21:55.039 +05:30 [INF] HTTP GET /api/issues/00000000-0000-0000-0000-000010000000/transitions responded 200 in 1435.2404 ms
2026-07-30 16:22:59.272 +05:30 [INF] Start processing HTTP request GET https://grampower.atlassian.net/rest/api/3/issue/createmeta/FIT/issuetypes
2026-07-30 16:22:59.272 +05:30 [INF] Start processing HTTP request GET https://grampower.atlassian.net/rest/api/3/priority
2026-07-30 16:22:59.273 +05:30 [INF] Sending HTTP request GET https://grampower.atlassian.net/rest/api/3/issue/createmeta/FIT/issuetypes
2026-07-30 16:22:59.273 +05:30 [INF] Sending HTTP request GET https://grampower.atlassian.net/rest/api/3/priority
2026-07-30 16:22:59.277 +05:30 [INF] Start processing HTTP request GET https://grampower.atlassian.net/rest/api/3/issue/createmeta/FIT/issuetypes/11333
2026-07-30 16:22:59.277 +05:30 [INF] Sending HTTP request GET https://grampower.atlassian.net/rest/api/3/issue/createmeta/FIT/issuetypes/11333
2026-07-30 16:22:59.764 +05:30 [INF] Received HTTP response headers after 491.1952ms - 200
2026-07-30 16:22:59.764 +05:30 [INF] End processing HTTP request after 491.8548ms - 200
2026-07-30 16:22:59.766 +05:30 [INF] HTTP GET /api/jira/priorities responded 200 in 498.1188 ms
2026-07-30 16:22:59.784 +05:30 [INF] Received HTTP response headers after 511.6413ms - 200
2026-07-30 16:22:59.784 +05:30 [INF] End processing HTTP request after 512.3026ms - 200
2026-07-30 16:22:59.785 +05:30 [INF] HTTP GET /api/jira/issue-types responded 200 in 517.1713 ms
2026-07-30 16:22:59.933 +05:30 [INF] Received HTTP response headers after 655.9097ms - 200
2026-07-30 16:22:59.934 +05:30 [INF] End processing HTTP request after 656.2412ms - 200
2026-07-30 16:22:59.936 +05:30 [INF] HTTP GET /api/jira/field-options responded 200 in 667.9626 ms
2026-07-30 16:24:20.680 +05:30 [INF] HTTP POST /api/auth/login responded 401 in 2.2778 ms
2026-07-30 16:24:48.328 +05:30 [INF] HTTP POST /api/auth/login responded 200 in 2.2330 ms
2026-07-30 16:24:48.407 +05:30 [INF] Start processing HTTP request GET https://grampower.atlassian.net/rest/api/3/search/jql?*
2026-07-30 16:24:48.407 +05:30 [INF] Sending HTTP request GET https://grampower.atlassian.net/rest/api/3/search/jql?*
2026-07-30 16:24:49.427 +05:30 [INF] Received HTTP response headers after 1019.9368ms - 200
2026-07-30 16:24:49.427 +05:30 [INF] End processing HTTP request after 1020.8035ms - 200
2026-07-30 16:24:49.566 +05:30 [INF] HTTP GET /api/dashboard responded 200 in 1160.0961 ms
2026-07-30 16:24:52.556 +05:30 [INF] Start processing HTTP request GET https://grampower.atlassian.net/rest/api/3/issue/createmeta/FIT/issuetypes
2026-07-30 16:24:52.556 +05:30 [INF] Start processing HTTP request GET https://grampower.atlassian.net/rest/api/3/priority
2026-07-30 16:24:52.556 +05:30 [INF] Sending HTTP request GET https://grampower.atlassian.net/rest/api/3/issue/createmeta/FIT/issuetypes
2026-07-30 16:24:52.556 +05:30 [INF] Sending HTTP request GET https://grampower.atlassian.net/rest/api/3/priority
2026-07-30 16:24:52.556 +05:30 [INF] Start processing HTTP request GET https://grampower.atlassian.net/rest/api/3/issue/createmeta/FIT/issuetypes/11333
2026-07-30 16:24:52.556 +05:30 [INF] Sending HTTP request GET https://grampower.atlassian.net/rest/api/3/issue/createmeta/FIT/issuetypes/11333
2026-07-30 16:24:53.190 +05:30 [INF] Received HTTP response headers after 633.513ms - 200
2026-07-30 16:24:53.190 +05:30 [INF] End processing HTTP request after 634.1147ms - 200
2026-07-30 16:24:53.192 +05:30 [INF] HTTP GET /api/jira/field-options responded 200 in 636.3440 ms
2026-07-30 16:24:53.248 +05:30 [INF] Received HTTP response headers after 691.6431ms - 200
2026-07-30 16:24:53.248 +05:30 [INF] End processing HTTP request after 692.1203ms - 200
2026-07-30 16:24:53.249 +05:30 [INF] HTTP GET /api/jira/issue-types responded 200 in 693.3469 ms
2026-07-30 16:24:53.404 +05:30 [INF] Received HTTP response headers after 847.8171ms - 200
2026-07-30 16:24:53.404 +05:30 [INF] End processing HTTP request after 848.2813ms - 200
2026-07-30 16:24:53.405 +05:30 [INF] HTTP GET /api/jira/priorities responded 200 in 849.6085 ms
2026-07-30 16:24:55.417 +05:30 [INF] Start processing HTTP request GET https://grampower.atlassian.net/rest/api/3/issue/createmeta/FIT/issuetypes/10005
2026-07-30 16:24:55.417 +05:30 [INF] Sending HTTP request GET https://grampower.atlassian.net/rest/api/3/issue/createmeta/FIT/issuetypes/10005
2026-07-30 16:24:56.338 +05:30 [INF] Received HTTP response headers after 920.5247ms - 200
2026-07-30 16:24:56.339 +05:30 [INF] End processing HTTP request after 921.823ms - 200
2026-07-30 16:24:56.340 +05:30 [INF] HTTP GET /api/jira/field-options responded 200 in 925.0945 ms
2026-07-30 16:25:56.751 +05:30 [INF] Start processing HTTP request POST https://grampower.atlassian.net/rest/api/3/issue
2026-07-30 16:25:56.752 +05:30 [INF] Sending HTTP request POST https://grampower.atlassian.net/rest/api/3/issue
2026-07-30 16:25:58.030 +05:30 [INF] Received HTTP response headers after 1278.4067ms - 201
2026-07-30 16:25:58.031 +05:30 [INF] End processing HTTP request after 1279.9609ms - 201
2026-07-30 16:25:58.034 +05:30 [INF] Start processing HTTP request PUT https://grampower.atlassian.net/rest/api/3/issue/FIT-17
2026-07-30 16:25:58.034 +05:30 [INF] Sending HTTP request PUT https://grampower.atlassian.net/rest/api/3/issue/FIT-17
2026-07-30 16:25:58.714 +05:30 [INF] Received HTTP response headers after 680.2435ms - 204
2026-07-30 16:25:58.715 +05:30 [INF] End processing HTTP request after 681.0476ms - 204
2026-07-30 16:25:58.715 +05:30 [INF] Start processing HTTP request GET https://grampower.atlassian.net/rest/api/3/issue/FIT-17?*
2026-07-30 16:25:58.715 +05:30 [INF] Sending HTTP request GET https://grampower.atlassian.net/rest/api/3/issue/FIT-17?*
2026-07-30 16:25:59.502 +05:30 [INF] Received HTTP response headers after 786.4577ms - 200
2026-07-30 16:25:59.502 +05:30 [INF] End processing HTTP request after 787.2677ms - 200
2026-07-30 16:25:59.515 +05:30 [INF] Start processing HTTP request GET https://grampower.atlassian.net/rest/api/3/issue/FIT-17?*
2026-07-30 16:25:59.515 +05:30 [INF] Sending HTTP request GET https://grampower.atlassian.net/rest/api/3/issue/FIT-17?*
2026-07-30 16:26:00.197 +05:30 [INF] Received HTTP response headers after 681.7622ms - 200
2026-07-30 16:26:00.197 +05:30 [INF] End processing HTTP request after 682.5654ms - 200
2026-07-30 16:26:00.197 +05:30 [INF] Start processing HTTP request GET https://grampower.atlassian.net/rest/api/3/issue/FIT-17/comment
2026-07-30 16:26:00.197 +05:30 [INF] Sending HTTP request GET https://grampower.atlassian.net/rest/api/3/issue/FIT-17/comment
2026-07-30 16:26:00.911 +05:30 [INF] Received HTTP response headers after 713.2248ms - 200
2026-07-30 16:26:00.911 +05:30 [INF] End processing HTTP request after 713.6436ms - 200
2026-07-30 16:26:00.927 +05:30 [INF] HTTP POST /api/issues responded 201 in 4208.3221 ms
2026-07-30 16:26:00.965 +05:30 [INF] Start processing HTTP request GET https://grampower.atlassian.net/rest/api/3/issue/FIT-17?*
2026-07-30 16:26:00.965 +05:30 [INF] Sending HTTP request GET https://grampower.atlassian.net/rest/api/3/issue/FIT-17?*
2026-07-30 16:26:01.452 +05:30 [INF] Received HTTP response headers after 486.4952ms - 200
2026-07-30 16:26:01.452 +05:30 [INF] End processing HTTP request after 487.1872ms - 200
2026-07-30 16:26:01.455 +05:30 [INF] Uploading attachment 1N153207H2_18_52_10_3PLTCTUP_IMG_PROV_RESULT.xlsx to Jira FIT-17
2026-07-30 16:26:01.460 +05:30 [INF] Start processing HTTP request POST https://grampower.atlassian.net/rest/api/3/issue/FIT-17/attachments
2026-07-30 16:26:01.460 +05:30 [INF] Sending HTTP request POST https://grampower.atlassian.net/rest/api/3/issue/FIT-17/attachments
2026-07-30 16:26:02.927 +05:30 [INF] Received HTTP response headers after 1466.8844ms - 200
2026-07-30 16:26:02.928 +05:30 [INF] End processing HTTP request after 1467.7212ms - 200
2026-07-30 16:26:02.929 +05:30 [INF] Attachment uploaded to Jira FIT-17: 52425
2026-07-30 16:26:02.930 +05:30 [INF] HTTP POST /api/issues/00000000-0000-0000-0000-000011000000/attachments responded 204 in 1982.2437 ms
2026-07-30 16:26:03.147 +05:30 [INF] Start processing HTTP request GET https://grampower.atlassian.net/rest/api/3/search/jql?*
2026-07-30 16:26:03.147 +05:30 [INF] Sending HTTP request GET https://grampower.atlassian.net/rest/api/3/search/jql?*
2026-07-30 16:26:04.019 +05:30 [INF] Received HTTP response headers after 871.612ms - 200
2026-07-30 16:26:04.020 +05:30 [INF] End processing HTTP request after 872.3329ms - 200
2026-07-30 16:26:04.270 +05:30 [INF] HTTP GET /api/issues responded 200 in 1138.9971 ms
2026-07-30 16:27:34.956 +05:30 [INF] Start processing HTTP request GET https://grampower.atlassian.net/rest/api/3/issue/FIT-17?*
2026-07-30 16:27:34.956 +05:30 [INF] Start processing HTTP request GET https://grampower.atlassian.net/rest/api/3/issue/FIT-17?*
2026-07-30 16:27:34.957 +05:30 [INF] Sending HTTP request GET https://grampower.atlassian.net/rest/api/3/issue/FIT-17?*
2026-07-30 16:27:34.957 +05:30 [INF] Sending HTTP request GET https://grampower.atlassian.net/rest/api/3/issue/FIT-17?*
2026-07-30 16:27:35.929 +05:30 [INF] Received HTTP response headers after 972.3256ms - 200
2026-07-30 16:27:35.930 +05:30 [INF] End processing HTTP request after 973.5602ms - 200
2026-07-30 16:27:35.932 +05:30 [INF] Start processing HTTP request GET https://grampower.atlassian.net/rest/api/3/issue/FIT-17?*
2026-07-30 16:27:35.933 +05:30 [INF] Sending HTTP request GET https://grampower.atlassian.net/rest/api/3/issue/FIT-17?*
2026-07-30 16:27:35.936 +05:30 [INF] Received HTTP response headers after 979.0118ms - 200
2026-07-30 16:27:35.936 +05:30 [INF] End processing HTTP request after 979.8427ms - 200
2026-07-30 16:27:35.937 +05:30 [INF] Start processing HTTP request GET https://grampower.atlassian.net/rest/api/3/issue/FIT-17?*
2026-07-30 16:27:35.938 +05:30 [INF] Sending HTTP request GET https://grampower.atlassian.net/rest/api/3/issue/FIT-17?*
2026-07-30 16:27:36.648 +05:30 [INF] Received HTTP response headers after 709.7352ms - 200
2026-07-30 16:27:36.648 +05:30 [INF] End processing HTTP request after 710.5716ms - 200
2026-07-30 16:27:36.650 +05:30 [INF] Start processing HTTP request GET https://grampower.atlassian.net/rest/api/3/issue/FIT-17/comment
2026-07-30 16:27:36.650 +05:30 [INF] Sending HTTP request GET https://grampower.atlassian.net/rest/api/3/issue/FIT-17/comment
2026-07-30 16:27:36.654 +05:30 [INF] Received HTTP response headers after 720.4572ms - 200
2026-07-30 16:27:36.654 +05:30 [INF] End processing HTTP request after 722.3833ms - 200
2026-07-30 16:27:36.659 +05:30 [INF] Start processing HTTP request GET https://grampower.atlassian.net/rest/api/3/issue/FIT-17/comment
2026-07-30 16:27:36.660 +05:30 [INF] Sending HTTP request GET https://grampower.atlassian.net/rest/api/3/issue/FIT-17/comment
2026-07-30 16:27:36.975 +05:30 [INF] Received HTTP response headers after 324.9048ms - 200
2026-07-30 16:27:36.976 +05:30 [INF] End processing HTTP request after 325.6679ms - 200
2026-07-30 16:27:36.978 +05:30 [INF] Start processing HTTP request GET https://grampower.atlassian.net/rest/api/3/issue/FIT-17/transitions
2026-07-30 16:27:36.979 +05:30 [INF] Sending HTTP request GET https://grampower.atlassian.net/rest/api/3/issue/FIT-17/transitions
2026-07-30 16:27:37.403 +05:30 [INF] Received HTTP response headers after 742.8016ms - 200
2026-07-30 16:27:37.403 +05:30 [INF] End processing HTTP request after 743.7269ms - 200
2026-07-30 16:27:37.408 +05:30 [INF] HTTP GET /api/issues/00000000-0000-0000-0000-000011000000 responded 200 in 2452.4035 ms
2026-07-30 16:27:37.708 +05:30 [INF] Received HTTP response headers after 729.254ms - 200
2026-07-30 16:27:37.708 +05:30 [INF] End processing HTTP request after 729.962ms - 200
2026-07-30 16:27:37.709 +05:30 [INF] HTTP GET /api/issues/00000000-0000-0000-0000-000011000000/transitions responded 200 in 2753.7005 ms
2026-07-30 16:28:04.711 +05:30 [INF] Start processing HTTP request GET https://grampower.atlassian.net/rest/api/3/issue/FIT-17?*
2026-07-30 16:28:04.712 +05:30 [INF] Sending HTTP request GET https://grampower.atlassian.net/rest/api/3/issue/FIT-17?*
2026-07-30 16:28:05.320 +05:30 [INF] Received HTTP response headers after 608.4396ms - 200
2026-07-30 16:28:05.321 +05:30 [INF] End processing HTTP request after 609.8448ms - 200
2026-07-30 16:28:05.330 +05:30 [INF] Start processing HTTP request GET https://grampower.atlassian.net/rest/api/3/issue/FIT-17?*
2026-07-30 16:28:05.330 +05:30 [INF] Sending HTTP request GET https://grampower.atlassian.net/rest/api/3/issue/FIT-17?*
2026-07-30 16:28:05.644 +05:30 [INF] Received HTTP response headers after 313.6462ms - 200
2026-07-30 16:28:05.644 +05:30 [INF] End processing HTTP request after 314.219ms - 200
2026-07-30 16:28:05.646 +05:30 [INF] Start processing HTTP request GET https://grampower.atlassian.net/rest/api/3/issue/FIT-17/comment
2026-07-30 16:28:05.646 +05:30 [INF] Sending HTTP request GET https://grampower.atlassian.net/rest/api/3/issue/FIT-17/comment
2026-07-30 16:28:05.982 +05:30 [INF] Received HTTP response headers after 335.4938ms - 200
2026-07-30 16:28:05.986 +05:30 [INF] End processing HTTP request after 339.8939ms - 200
2026-07-30 16:28:05.989 +05:30 [INF] Start processing HTTP request GET https://grampower.atlassian.net/rest/api/3/issue/FIT-17?*
2026-07-30 16:28:05.990 +05:30 [INF] Sending HTTP request GET https://grampower.atlassian.net/rest/api/3/issue/FIT-17?*
2026-07-30 16:28:06.399 +05:30 [INF] Received HTTP response headers after 408.3415ms - 200
2026-07-30 16:28:06.399 +05:30 [INF] End processing HTTP request after 410.282ms - 200
2026-07-30 16:28:06.461 +05:30 [INF] Start processing HTTP request PUT https://grampower.atlassian.net/rest/api/3/issue/FIT-17
2026-07-30 16:28:06.461 +05:30 [INF] Sending HTTP request PUT https://grampower.atlassian.net/rest/api/3/issue/FIT-17
2026-07-30 16:28:06.858 +05:30 [INF] Received HTTP response headers after 396.7461ms - 204
2026-07-30 16:28:06.858 +05:30 [INF] End processing HTTP request after 397.6934ms - 204
2026-07-30 16:28:06.859 +05:30 [INF] Start processing HTTP request POST https://grampower.atlassian.net/rest/api/3/issue/FIT-17/comment
2026-07-30 16:28:06.859 +05:30 [INF] Sending HTTP request POST https://grampower.atlassian.net/rest/api/3/issue/FIT-17/comment
2026-07-30 16:28:07.479 +05:30 [INF] Received HTTP response headers after 619.8562ms - 201
2026-07-30 16:28:07.480 +05:30 [INF] End processing HTTP request after 620.4964ms - 201
2026-07-30 16:28:07.480 +05:30 [INF] Start processing HTTP request POST https://grampower.atlassian.net/rest/api/3/issue/FIT-17/comment
2026-07-30 16:28:07.480 +05:30 [INF] Sending HTTP request POST https://grampower.atlassian.net/rest/api/3/issue/FIT-17/comment
2026-07-30 16:28:07.907 +05:30 [INF] Received HTTP response headers after 426.9001ms - 201
2026-07-30 16:28:07.908 +05:30 [INF] End processing HTTP request after 427.5588ms - 201
2026-07-30 16:28:07.908 +05:30 [INF] HTTP POST /api/issues/00000000-0000-0000-0000-000011000000/comments responded 204 in 3200.8188 ms
2026-07-30 16:28:07.924 +05:30 [INF] Start processing HTTP request GET https://grampower.atlassian.net/rest/api/3/issue/FIT-17?*
2026-07-30 16:28:07.924 +05:30 [INF] Sending HTTP request GET https://grampower.atlassian.net/rest/api/3/issue/FIT-17?*
2026-07-30 16:28:07.924 +05:30 [INF] Start processing HTTP request GET https://grampower.atlassian.net/rest/api/3/issue/FIT-17?*
2026-07-30 16:28:07.924 +05:30 [INF] Sending HTTP request GET https://grampower.atlassian.net/rest/api/3/issue/FIT-17?*
2026-07-30 16:28:08.433 +05:30 [INF] Received HTTP response headers after 508.7977ms - 200
2026-07-30 16:28:08.434 +05:30 [INF] End processing HTTP request after 509.5835ms - 200
2026-07-30 16:28:08.461 +05:30 [INF] Start processing HTTP request GET https://grampower.atlassian.net/rest/api/3/issue/FIT-17?*
2026-07-30 16:28:08.461 +05:30 [INF] Sending HTTP request GET https://grampower.atlassian.net/rest/api/3/issue/FIT-17?*
2026-07-30 16:28:08.805 +05:30 [INF] Received HTTP response headers after 881.3488ms - 200
2026-07-30 16:28:08.806 +05:30 [INF] End processing HTTP request after 881.7748ms - 200
2026-07-30 16:28:08.958 +05:30 [INF] Start processing HTTP request GET https://grampower.atlassian.net/rest/api/3/issue/FIT-17?*
2026-07-30 16:28:08.958 +05:30 [INF] Sending HTTP request GET https://grampower.atlassian.net/rest/api/3/issue/FIT-17?*
2026-07-30 16:28:09.181 +05:30 [INF] Received HTTP response headers after 719.9674ms - 200
2026-07-30 16:28:09.182 +05:30 [INF] End processing HTTP request after 720.7732ms - 200
2026-07-30 16:28:09.182 +05:30 [INF] Start processing HTTP request GET https://grampower.atlassian.net/rest/api/3/issue/FIT-17/comment
2026-07-30 16:28:09.182 +05:30 [INF] Sending HTTP request GET https://grampower.atlassian.net/rest/api/3/issue/FIT-17/comment
2026-07-30 16:28:09.504 +05:30 [INF] Received HTTP response headers after 321.1807ms - 200
2026-07-30 16:28:09.509 +05:30 [INF] End processing HTTP request after 326.6343ms - 200
2026-07-30 16:28:09.513 +05:30 [INF] HTTP GET /api/issues/00000000-0000-0000-0000-000011000000 responded 200 in 1589.7172 ms
2026-07-30 16:28:09.675 +05:30 [INF] Received HTTP response headers after 716.2216ms - 200
2026-07-30 16:28:09.675 +05:30 [INF] End processing HTTP request after 716.9855ms - 200
2026-07-30 16:28:09.676 +05:30 [INF] Start processing HTTP request GET https://grampower.atlassian.net/rest/api/3/issue/FIT-17/comment
2026-07-30 16:28:09.676 +05:30 [INF] Sending HTTP request GET https://grampower.atlassian.net/rest/api/3/issue/FIT-17/comment
2026-07-30 16:28:10.008 +05:30 [INF] Received HTTP response headers after 332.1282ms - 200
2026-07-30 16:28:10.009 +05:30 [INF] End processing HTTP request after 332.7761ms - 200
2026-07-30 16:28:10.010 +05:30 [INF] Start processing HTTP request GET https://grampower.atlassian.net/rest/api/3/issue/FIT-17/transitions
2026-07-30 16:28:10.010 +05:30 [INF] Sending HTTP request GET https://grampower.atlassian.net/rest/api/3/issue/FIT-17/transitions
2026-07-30 16:28:10.753 +05:30 [INF] Received HTTP response headers after 742.4265ms - 200
2026-07-30 16:28:10.753 +05:30 [INF] End processing HTTP request after 743.3421ms - 200
2026-07-30 16:28:10.754 +05:30 [INF] HTTP GET /api/issues/00000000-0000-0000-0000-000011000000/transitions responded 200 in 2830.1415 ms
2026-07-30 16:28:24.705 +05:30 [INF] Start processing HTTP request GET https://grampower.atlassian.net/rest/api/3/issue/FIT-17?*
2026-07-30 16:28:24.706 +05:30 [INF] Sending HTTP request GET https://grampower.atlassian.net/rest/api/3/issue/FIT-17?*
2026-07-30 16:28:25.302 +05:30 [INF] Received HTTP response headers after 595.9862ms - 200
2026-07-30 16:28:25.302 +05:30 [INF] End processing HTTP request after 597.0625ms - 200
2026-07-30 16:28:25.304 +05:30 [INF] Uploading attachment 4CE514B6M7_15_19_01_GARUD_1PH_IMG_PROV_RESULT.xlsx to Jira FIT-17
2026-07-30 16:28:25.305 +05:30 [INF] Start processing HTTP request POST https://grampower.atlassian.net/rest/api/3/issue/FIT-17/attachments
2026-07-30 16:28:25.305 +05:30 [INF] Sending HTTP request POST https://grampower.atlassian.net/rest/api/3/issue/FIT-17/attachments
2026-07-30 16:28:26.640 +05:30 [INF] Received HTTP response headers after 1334.711ms - 200
2026-07-30 16:28:26.640 +05:30 [INF] End processing HTTP request after 1335.4251ms - 200
2026-07-30 16:28:26.641 +05:30 [INF] Attachment uploaded to Jira FIT-17: 52427
2026-07-30 16:28:26.641 +05:30 [INF] HTTP POST /api/issues/00000000-0000-0000-0000-000011000000/attachments responded 204 in 1938.5384 ms
2026-07-30 16:28:28.167 +05:30 [INF] Start processing HTTP request GET https://grampower.atlassian.net/rest/api/3/issue/FIT-17?*
2026-07-30 16:28:28.167 +05:30 [INF] Sending HTTP request GET https://grampower.atlassian.net/rest/api/3/issue/FIT-17?*
2026-07-30 16:28:28.168 +05:30 [INF] Start processing HTTP request GET https://grampower.atlassian.net/rest/api/3/issue/FIT-17?*
2026-07-30 16:28:28.168 +05:30 [INF] Sending HTTP request GET https://grampower.atlassian.net/rest/api/3/issue/FIT-17?*
2026-07-30 16:28:28.699 +05:30 [INF] Received HTTP response headers after 531.5325ms - 200
2026-07-30 16:28:28.699 +05:30 [INF] End processing HTTP request after 532.2354ms - 200
2026-07-30 16:28:28.701 +05:30 [INF] Start processing HTTP request GET https://grampower.atlassian.net/rest/api/3/issue/FIT-17?*
2026-07-30 16:28:28.701 +05:30 [INF] Sending HTTP request GET https://grampower.atlassian.net/rest/api/3/issue/FIT-17?*
2026-07-30 16:28:28.733 +05:30 [INF] Received HTTP response headers after 564.4405ms - 200
2026-07-30 16:28:28.733 +05:30 [INF] End processing HTTP request after 565.0868ms - 200
2026-07-30 16:28:28.735 +05:30 [INF] Start processing HTTP request GET https://grampower.atlassian.net/rest/api/3/issue/FIT-17?*
2026-07-30 16:28:28.735 +05:30 [INF] Sending HTTP request GET https://grampower.atlassian.net/rest/api/3/issue/FIT-17?*
2026-07-30 16:28:29.017 +05:30 [INF] Received HTTP response headers after 281.4656ms - 200
2026-07-30 16:28:29.017 +05:30 [INF] End processing HTTP request after 282.1363ms - 200
2026-07-30 16:28:29.017 +05:30 [INF] Start processing HTTP request GET https://grampower.atlassian.net/rest/api/3/issue/FIT-17/comment
2026-07-30 16:28:29.018 +05:30 [INF] Sending HTTP request GET https://grampower.atlassian.net/rest/api/3/issue/FIT-17/comment
2026-07-30 16:28:29.412 +05:30 [INF] Received HTTP response headers after 394.3117ms - 200
2026-07-30 16:28:29.412 +05:30 [INF] Received HTTP response headers after 710.929ms - 200
2026-07-30 16:28:29.412 +05:30 [INF] End processing HTTP request after 395.0363ms - 200
2026-07-30 16:28:29.412 +05:30 [INF] End processing HTTP request after 711.7637ms - 200
2026-07-30 16:28:29.413 +05:30 [INF] Start processing HTTP request GET https://grampower.atlassian.net/rest/api/3/issue/FIT-17/comment
2026-07-30 16:28:29.413 +05:30 [INF] Sending HTTP request GET https://grampower.atlassian.net/rest/api/3/issue/FIT-17/comment
2026-07-30 16:28:29.413 +05:30 [INF] Start processing HTTP request GET https://grampower.atlassian.net/rest/api/3/issue/FIT-17/transitions
2026-07-30 16:28:29.413 +05:30 [INF] Sending HTTP request GET https://grampower.atlassian.net/rest/api/3/issue/FIT-17/transitions
2026-07-30 16:28:29.798 +05:30 [INF] Received HTTP response headers after 384.3725ms - 200
2026-07-30 16:28:29.798 +05:30 [INF] End processing HTTP request after 384.9051ms - 200
2026-07-30 16:28:29.799 +05:30 [INF] HTTP GET /api/issues/00000000-0000-0000-0000-000011000000/transitions responded 200 in 1631.2165 ms
2026-07-30 16:28:30.308 +05:30 [INF] Received HTTP response headers after 894.9268ms - 200
2026-07-30 16:28:30.309 +05:30 [INF] End processing HTTP request after 895.6685ms - 200
2026-07-30 16:28:30.310 +05:30 [INF] HTTP GET /api/issues/00000000-0000-0000-0000-000011000000 responded 200 in 2145.9269 ms
2026-07-30 16:28:41.576 +05:30 [INF] Start processing HTTP request GET https://grampower.atlassian.net/rest/api/3/issue/FIT-17?*
2026-07-30 16:28:41.577 +05:30 [INF] Sending HTTP request GET https://grampower.atlassian.net/rest/api/3/issue/FIT-17?*
2026-07-30 16:28:42.043 +05:30 [INF] Received HTTP response headers after 465.6191ms - 200
2026-07-30 16:28:42.043 +05:30 [INF] End processing HTTP request after 467.224ms - 200
2026-07-30 16:28:42.081 +05:30 [INF] Start processing HTTP request GET https://grampower.atlassian.net/rest/api/3/issue/FIT-17?*
2026-07-30 16:28:42.081 +05:30 [INF] Sending HTTP request GET https://grampower.atlassian.net/rest/api/3/issue/FIT-17?*
2026-07-30 16:28:42.367 +05:30 [INF] Received HTTP response headers after 286.0762ms - 200
2026-07-30 16:28:42.368 +05:30 [INF] End processing HTTP request after 286.7139ms - 200
2026-07-30 16:28:42.373 +05:30 [INF] Start processing HTTP request GET https://grampower.atlassian.net/rest/api/3/issue/FIT-17/comment
2026-07-30 16:28:42.373 +05:30 [INF] Sending HTTP request GET https://grampower.atlassian.net/rest/api/3/issue/FIT-17/comment
2026-07-30 16:28:42.721 +05:30 [INF] Received HTTP response headers after 347.7762ms - 200
2026-07-30 16:28:42.721 +05:30 [INF] End processing HTTP request after 348.4959ms - 200
2026-07-30 16:28:42.722 +05:30 [INF] Start processing HTTP request POST https://grampower.atlassian.net/rest/api/3/issue/FIT-17/transitions
2026-07-30 16:28:42.722 +05:30 [INF] Sending HTTP request POST https://grampower.atlassian.net/rest/api/3/issue/FIT-17/transitions
2026-07-30 16:28:43.338 +05:30 [INF] Received HTTP response headers after 616.3502ms - 204
2026-07-30 16:28:43.339 +05:30 [INF] End processing HTTP request after 616.9331ms - 204
2026-07-30 16:28:43.339 +05:30 [INF] HTTP POST /api/issues/00000000-0000-0000-0000-000011000000/transition responded 204 in 1764.7779 ms
2026-07-30 16:28:44.364 +05:30 [INF] Start processing HTTP request GET https://grampower.atlassian.net/rest/api/3/issue/FIT-17?*
2026-07-30 16:28:44.364 +05:30 [INF] Sending HTTP request GET https://grampower.atlassian.net/rest/api/3/issue/FIT-17?*
2026-07-30 16:28:44.365 +05:30 [INF] Start processing HTTP request GET https://grampower.atlassian.net/rest/api/3/issue/FIT-17?*
2026-07-30 16:28:44.365 +05:30 [INF] Sending HTTP request GET https://grampower.atlassian.net/rest/api/3/issue/FIT-17?*
2026-07-30 16:28:45.269 +05:30 [INF] Received HTTP response headers after 903.9269ms - 200
2026-07-30 16:28:45.270 +05:30 [INF] End processing HTTP request after 904.5144ms - 200
2026-07-30 16:28:45.271 +05:30 [INF] Received HTTP response headers after 905.984ms - 200
2026-07-30 16:28:45.271 +05:30 [INF] End processing HTTP request after 906.4912ms - 200
2026-07-30 16:28:45.271 +05:30 [INF] Start processing HTTP request GET https://grampower.atlassian.net/rest/api/3/issue/FIT-17?*
2026-07-30 16:28:45.271 +05:30 [INF] Sending HTTP request GET https://grampower.atlassian.net/rest/api/3/issue/FIT-17?*
2026-07-30 16:28:45.307 +05:30 [INF] Start processing HTTP request GET https://grampower.atlassian.net/rest/api/3/issue/FIT-17?*
2026-07-30 16:28:45.307 +05:30 [INF] Sending HTTP request GET https://grampower.atlassian.net/rest/api/3/issue/FIT-17?*
2026-07-30 16:28:45.568 +05:30 [INF] Received HTTP response headers after 296.3365ms - 200
2026-07-30 16:28:45.568 +05:30 [INF] End processing HTTP request after 297.102ms - 200
2026-07-30 16:28:45.569 +05:30 [INF] Start processing HTTP request GET https://grampower.atlassian.net/rest/api/3/issue/FIT-17/comment
2026-07-30 16:28:45.569 +05:30 [INF] Sending HTTP request GET https://grampower.atlassian.net/rest/api/3/issue/FIT-17/comment
2026-07-30 16:28:46.018 +05:30 [INF] Received HTTP response headers after 710.4369ms - 200
2026-07-30 16:28:46.018 +05:30 [INF] End processing HTTP request after 711.2334ms - 200
2026-07-30 16:28:46.019 +05:30 [INF] Start processing HTTP request GET https://grampower.atlassian.net/rest/api/3/issue/FIT-17/comment
2026-07-30 16:28:46.019 +05:30 [INF] Sending HTTP request GET https://grampower.atlassian.net/rest/api/3/issue/FIT-17/comment
2026-07-30 16:28:46.300 +05:30 [INF] Received HTTP response headers after 281.023ms - 200
2026-07-30 16:28:46.300 +05:30 [INF] End processing HTTP request after 281.7309ms - 200
2026-07-30 16:28:46.301 +05:30 [INF] Start processing HTTP request GET https://grampower.atlassian.net/rest/api/3/issue/FIT-17/transitions
2026-07-30 16:28:46.301 +05:30 [INF] Sending HTTP request GET https://grampower.atlassian.net/rest/api/3/issue/FIT-17/transitions
2026-07-30 16:28:46.400 +05:30 [INF] Received HTTP response headers after 830.2507ms - 200
2026-07-30 16:28:46.400 +05:30 [INF] End processing HTTP request after 830.8757ms - 200
2026-07-30 16:28:46.401 +05:30 [INF] HTTP GET /api/issues/00000000-0000-0000-0000-000011000000 responded 200 in 2036.0461 ms
2026-07-30 16:28:46.613 +05:30 [INF] Received HTTP response headers after 311.6316ms - 200
2026-07-30 16:28:46.615 +05:30 [INF] End processing HTTP request after 313.9083ms - 200
2026-07-30 16:28:46.616 +05:30 [INF] HTTP GET /api/issues/00000000-0000-0000-0000-000011000000/transitions responded 200 in 2253.6351 ms
2026-07-30 16:28:46.632 +05:30 [INF] Start processing HTTP request GET https://grampower.atlassian.net/rest/api/3/issue/FIT-17?*
2026-07-30 16:28:46.632 +05:30 [INF] Sending HTTP request GET https://grampower.atlassian.net/rest/api/3/issue/FIT-17?*
2026-07-30 16:28:47.295 +05:30 [INF] Received HTTP response headers after 663.01ms - 200
2026-07-30 16:28:47.295 +05:30 [INF] End processing HTTP request after 663.7434ms - 200
2026-07-30 16:28:47.297 +05:30 [INF] Start processing HTTP request GET https://grampower.atlassian.net/rest/api/3/issue/FIT-17?*
2026-07-30 16:28:47.297 +05:30 [INF] Sending HTTP request GET https://grampower.atlassian.net/rest/api/3/issue/FIT-17?*
2026-07-30 16:28:48.025 +05:30 [INF] Received HTTP response headers after 727.4166ms - 200
2026-07-30 16:28:48.025 +05:30 [INF] End processing HTTP request after 728.1576ms - 200
2026-07-30 16:28:48.026 +05:30 [INF] Start processing HTTP request GET https://grampower.atlassian.net/rest/api/3/issue/FIT-17/comment
2026-07-30 16:28:48.026 +05:30 [INF] Sending HTTP request GET https://grampower.atlassian.net/rest/api/3/issue/FIT-17/comment
2026-07-30 16:28:48.343 +05:30 [INF] Received HTTP response headers after 317.1974ms - 200
2026-07-30 16:28:48.343 +05:30 [INF] End processing HTTP request after 317.7867ms - 200
2026-07-30 16:28:48.347 +05:30 [INF] Start processing HTTP request GET https://grampower.atlassian.net/rest/api/3/issue/FIT-17/transitions
2026-07-30 16:28:48.347 +05:30 [INF] Sending HTTP request GET https://grampower.atlassian.net/rest/api/3/issue/FIT-17/transitions
2026-07-30 16:28:49.066 +05:30 [INF] Received HTTP response headers after 719.2241ms - 200
2026-07-30 16:28:49.066 +05:30 [INF] End processing HTTP request after 719.839ms - 200
2026-07-30 16:28:49.067 +05:30 [INF] HTTP GET /api/issues/00000000-0000-0000-0000-000011000000/transitions responded 200 in 2436.3966 ms
2026-07-30 16:28:52.676 +05:30 [INF] Start processing HTTP request GET https://grampower.atlassian.net/rest/api/3/issue/FIT-17?*
2026-07-30 16:28:52.678 +05:30 [INF] Sending HTTP request GET https://grampower.atlassian.net/rest/api/3/issue/FIT-17?*
2026-07-30 16:28:53.104 +05:30 [INF] Received HTTP response headers after 425.299ms - 200
2026-07-30 16:28:53.104 +05:30 [INF] End processing HTTP request after 428.1884ms - 200
2026-07-30 16:28:53.117 +05:30 [INF] Start processing HTTP request GET https://grampower.atlassian.net/rest/api/3/issue/FIT-17?*
2026-07-30 16:28:53.117 +05:30 [INF] Sending HTTP request GET https://grampower.atlassian.net/rest/api/3/issue/FIT-17?*
2026-07-30 16:28:53.555 +05:30 [INF] Received HTTP response headers after 436.8919ms - 200
2026-07-30 16:28:53.555 +05:30 [INF] End processing HTTP request after 437.9265ms - 200
2026-07-30 16:28:53.555 +05:30 [INF] Start processing HTTP request GET https://grampower.atlassian.net/rest/api/3/issue/FIT-17/comment
2026-07-30 16:28:53.555 +05:30 [INF] Sending HTTP request GET https://grampower.atlassian.net/rest/api/3/issue/FIT-17/comment
2026-07-30 16:28:54.311 +05:30 [INF] Received HTTP response headers after 755.1013ms - 200
2026-07-30 16:28:54.311 +05:30 [INF] End processing HTTP request after 755.5913ms - 200
2026-07-30 16:28:54.312 +05:30 [INF] Start processing HTTP request POST https://grampower.atlassian.net/rest/api/3/issue/FIT-17/transitions
2026-07-30 16:28:54.312 +05:30 [INF] Sending HTTP request POST https://grampower.atlassian.net/rest/api/3/issue/FIT-17/transitions
2026-07-30 16:28:57.791 +05:30 [INF] Received HTTP response headers after 3479.1027ms - 204
2026-07-30 16:28:57.791 +05:30 [INF] End processing HTTP request after 3479.7545ms - 204
2026-07-30 16:28:57.792 +05:30 [INF] HTTP POST /api/issues/00000000-0000-0000-0000-000011000000/transition responded 204 in 5117.2383 ms
2026-07-30 16:28:59.406 +05:30 [INF] Start processing HTTP request GET https://grampower.atlassian.net/rest/api/3/issue/FIT-17?*
2026-07-30 16:28:59.406 +05:30 [INF] Start processing HTTP request GET https://grampower.atlassian.net/rest/api/3/issue/FIT-17?*
2026-07-30 16:28:59.408 +05:30 [INF] Sending HTTP request GET https://grampower.atlassian.net/rest/api/3/issue/FIT-17?*
2026-07-30 16:28:59.408 +05:30 [INF] Sending HTTP request GET https://grampower.atlassian.net/rest/api/3/issue/FIT-17?*
2026-07-30 16:28:59.835 +05:30 [INF] Received HTTP response headers after 426.8517ms - 200
2026-07-30 16:28:59.835 +05:30 [INF] End processing HTTP request after 428.8115ms - 200
2026-07-30 16:28:59.845 +05:30 [INF] Start processing HTTP request GET https://grampower.atlassian.net/rest/api/3/issue/FIT-17?*
2026-07-30 16:28:59.846 +05:30 [INF] Sending HTTP request GET https://grampower.atlassian.net/rest/api/3/issue/FIT-17?*
2026-07-30 16:28:59.893 +05:30 [INF] Received HTTP response headers after 485.5471ms - 200
2026-07-30 16:28:59.894 +05:30 [INF] End processing HTTP request after 487.4754ms - 200
2026-07-30 16:28:59.941 +05:30 [INF] Start processing HTTP request GET https://grampower.atlassian.net/rest/api/3/issue/FIT-17?*
2026-07-30 16:28:59.942 +05:30 [INF] Sending HTTP request GET https://grampower.atlassian.net/rest/api/3/issue/FIT-17?*
2026-07-30 16:29:00.136 +05:30 [INF] Received HTTP response headers after 290.3473ms - 200
2026-07-30 16:29:00.136 +05:30 [INF] End processing HTTP request after 290.7867ms - 200
2026-07-30 16:29:00.136 +05:30 [INF] Start processing HTTP request GET https://grampower.atlassian.net/rest/api/3/issue/FIT-17/comment
2026-07-30 16:29:00.136 +05:30 [INF] Sending HTTP request GET https://grampower.atlassian.net/rest/api/3/issue/FIT-17/comment
2026-07-30 16:29:00.207 +05:30 [INF] Received HTTP response headers after 265.6497ms - 200
2026-07-30 16:29:00.208 +05:30 [INF] End processing HTTP request after 266.0742ms - 200
2026-07-30 16:29:00.208 +05:30 [INF] Start processing HTTP request GET https://grampower.atlassian.net/rest/api/3/issue/FIT-17/comment
2026-07-30 16:29:00.208 +05:30 [INF] Sending HTTP request GET https://grampower.atlassian.net/rest/api/3/issue/FIT-17/comment
2026-07-30 16:29:00.473 +05:30 [INF] Received HTTP response headers after 336.7718ms - 200
2026-07-30 16:29:00.474 +05:30 [INF] End processing HTTP request after 337.1276ms - 200
2026-07-30 16:29:00.474 +05:30 [INF] HTTP GET /api/issues/00000000-0000-0000-0000-000011000000 responded 200 in 1069.1816 ms
2026-07-30 16:29:00.513 +05:30 [INF] Received HTTP response headers after 304.8252ms - 200
2026-07-30 16:29:00.513 +05:30 [INF] End processing HTTP request after 305.2167ms - 200
2026-07-30 16:29:00.513 +05:30 [INF] Start processing HTTP request GET https://grampower.atlassian.net/rest/api/3/issue/FIT-17/transitions
2026-07-30 16:29:00.513 +05:30 [INF] Sending HTTP request GET https://grampower.atlassian.net/rest/api/3/issue/FIT-17/transitions
2026-07-30 16:29:00.864 +05:30 [INF] Received HTTP response headers after 350.819ms - 200
2026-07-30 16:29:00.864 +05:30 [INF] End processing HTTP request after 351.1424ms - 200
2026-07-30 16:29:00.865 +05:30 [INF] HTTP GET /api/issues/00000000-0000-0000-0000-000011000000/transitions responded 200 in 1459.4227 ms
2026-07-30 16:29:00.870 +05:30 [INF] Start processing HTTP request GET https://grampower.atlassian.net/rest/api/3/issue/FIT-17?*
2026-07-30 16:29:00.871 +05:30 [INF] Sending HTTP request GET https://grampower.atlassian.net/rest/api/3/issue/FIT-17?*
2026-07-30 16:29:01.260 +05:30 [INF] Received HTTP response headers after 389.4518ms - 200
2026-07-30 16:29:01.266 +05:30 [INF] End processing HTTP request after 395.6726ms - 200
2026-07-30 16:29:01.269 +05:30 [INF] Start processing HTTP request GET https://grampower.atlassian.net/rest/api/3/issue/FIT-17?*
2026-07-30 16:29:01.273 +05:30 [INF] Sending HTTP request GET https://grampower.atlassian.net/rest/api/3/issue/FIT-17?*
2026-07-30 16:29:01.546 +05:30 [INF] Received HTTP response headers after 272.9376ms - 200
2026-07-30 16:29:01.546 +05:30 [INF] End processing HTTP request after 276.7145ms - 200
2026-07-30 16:29:01.547 +05:30 [INF] Start processing HTTP request GET https://grampower.atlassian.net/rest/api/3/issue/FIT-17/comment
2026-07-30 16:29:01.547 +05:30 [INF] Sending HTTP request GET https://grampower.atlassian.net/rest/api/3/issue/FIT-17/comment
2026-07-30 16:29:01.909 +05:30 [INF] Received HTTP response headers after 361.7494ms - 200
2026-07-30 16:29:01.909 +05:30 [INF] End processing HTTP request after 362.2408ms - 200
2026-07-30 16:29:01.910 +05:30 [INF] Start processing HTTP request GET https://grampower.atlassian.net/rest/api/3/issue/FIT-17/transitions
2026-07-30 16:29:01.910 +05:30 [INF] Sending HTTP request GET https://grampower.atlassian.net/rest/api/3/issue/FIT-17/transitions
2026-07-30 16:29:02.202 +05:30 [INF] Received HTTP response headers after 291.999ms - 200
2026-07-30 16:29:02.202 +05:30 [INF] End processing HTTP request after 292.4392ms - 200
2026-07-30 16:29:02.203 +05:30 [INF] HTTP GET /api/issues/00000000-0000-0000-0000-000011000000/transitions responded 200 in 1332.8878 ms
2026-07-30 16:29:46.312 +05:30 [INF] Start processing HTTP request GET https://grampower.atlassian.net/rest/api/3/issue/FIT-17?*
2026-07-30 16:29:46.313 +05:30 [INF] Sending HTTP request GET https://grampower.atlassian.net/rest/api/3/issue/FIT-17?*
2026-07-30 16:29:46.709 +05:30 [INF] Received HTTP response headers after 394.8667ms - 200
2026-07-30 16:29:46.709 +05:30 [INF] End processing HTTP request after 397.4441ms - 200
2026-07-30 16:29:46.755 +05:30 [INF] Start processing HTTP request GET https://grampower.atlassian.net/rest/api/3/issue/FIT-17?*
2026-07-30 16:29:46.755 +05:30 [INF] Sending HTTP request GET https://grampower.atlassian.net/rest/api/3/issue/FIT-17?*
2026-07-30 16:29:47.075 +05:30 [INF] Received HTTP response headers after 320.0008ms - 200
2026-07-30 16:29:47.076 +05:30 [INF] End processing HTTP request after 320.9702ms - 200
2026-07-30 16:29:47.076 +05:30 [INF] Start processing HTTP request GET https://grampower.atlassian.net/rest/api/3/issue/FIT-17/comment
2026-07-30 16:29:47.076 +05:30 [INF] Sending HTTP request GET https://grampower.atlassian.net/rest/api/3/issue/FIT-17/comment
2026-07-30 16:29:47.612 +05:30 [INF] Received HTTP response headers after 535.3227ms - 200
2026-07-30 16:29:47.612 +05:30 [INF] End processing HTTP request after 535.9961ms - 200
2026-07-30 16:29:47.614 +05:30 [INF] Start processing HTTP request POST https://grampower.atlassian.net/rest/api/3/issue/FIT-17/transitions
2026-07-30 16:29:47.614 +05:30 [INF] Sending HTTP request POST https://grampower.atlassian.net/rest/api/3/issue/FIT-17/transitions
2026-07-30 16:29:48.216 +05:30 [INF] Received HTTP response headers after 602.0037ms - 204
2026-07-30 16:29:48.217 +05:30 [INF] End processing HTTP request after 603.2413ms - 204
2026-07-30 16:29:48.217 +05:30 [INF] HTTP POST /api/issues/00000000-0000-0000-0000-000011000000/transition responded 204 in 1907.1117 ms
2026-07-30 16:29:49.240 +05:30 [INF] Start processing HTTP request GET https://grampower.atlassian.net/rest/api/3/issue/FIT-17?*
2026-07-30 16:29:49.240 +05:30 [INF] Sending HTTP request GET https://grampower.atlassian.net/rest/api/3/issue/FIT-17?*
2026-07-30 16:29:49.242 +05:30 [INF] Start processing HTTP request GET https://grampower.atlassian.net/rest/api/3/issue/FIT-17?*
2026-07-30 16:29:49.242 +05:30 [INF] Sending HTTP request GET https://grampower.atlassian.net/rest/api/3/issue/FIT-17?*
2026-07-30 16:29:49.663 +05:30 [INF] Received HTTP response headers after 420.562ms - 200
2026-07-30 16:29:49.663 +05:30 [INF] Received HTTP response headers after 422.304ms - 200
2026-07-30 16:29:49.663 +05:30 [INF] End processing HTTP request after 421.6369ms - 200
2026-07-30 16:29:49.663 +05:30 [INF] End processing HTTP request after 423.4747ms - 200
2026-07-30 16:29:49.665 +05:30 [INF] Start processing HTTP request GET https://grampower.atlassian.net/rest/api/3/issue/FIT-17?*
2026-07-30 16:29:49.665 +05:30 [INF] Start processing HTTP request GET https://grampower.atlassian.net/rest/api/3/issue/FIT-17?*
2026-07-30 16:29:49.665 +05:30 [INF] Sending HTTP request GET https://grampower.atlassian.net/rest/api/3/issue/FIT-17?*
2026-07-30 16:29:49.665 +05:30 [INF] Sending HTTP request GET https://grampower.atlassian.net/rest/api/3/issue/FIT-17?*
2026-07-30 16:29:49.932 +05:30 [INF] Received HTTP response headers after 266.7768ms - 200
2026-07-30 16:29:49.932 +05:30 [INF] End processing HTTP request after 267.4845ms - 200
2026-07-30 16:29:49.933 +05:30 [INF] Start processing HTTP request GET https://grampower.atlassian.net/rest/api/3/issue/FIT-17/comment
2026-07-30 16:29:49.933 +05:30 [INF] Sending HTTP request GET https://grampower.atlassian.net/rest/api/3/issue/FIT-17/comment
2026-07-30 16:29:49.948 +05:30 [INF] Received HTTP response headers after 282.5285ms - 200
2026-07-30 16:29:49.948 +05:30 [INF] End processing HTTP request after 283.1939ms - 200
2026-07-30 16:29:49.948 +05:30 [INF] Start processing HTTP request GET https://grampower.atlassian.net/rest/api/3/issue/FIT-17/comment
2026-07-30 16:29:49.949 +05:30 [INF] Sending HTTP request GET https://grampower.atlassian.net/rest/api/3/issue/FIT-17/comment
2026-07-30 16:29:50.261 +05:30 [INF] Received HTTP response headers after 327.455ms - 200
2026-07-30 16:29:50.261 +05:30 [INF] End processing HTTP request after 328.1196ms - 200
2026-07-30 16:29:50.262 +05:30 [INF] Start processing HTTP request GET https://grampower.atlassian.net/rest/api/3/issue/FIT-17/transitions
2026-07-30 16:29:50.262 +05:30 [INF] Sending HTTP request GET https://grampower.atlassian.net/rest/api/3/issue/FIT-17/transitions
2026-07-30 16:29:50.319 +05:30 [INF] Received HTTP response headers after 369.9831ms - 200
2026-07-30 16:29:50.319 +05:30 [INF] End processing HTTP request after 370.4951ms - 200
2026-07-30 16:29:50.320 +05:30 [INF] HTTP GET /api/issues/00000000-0000-0000-0000-000011000000 responded 200 in 1081.2879 ms
2026-07-30 16:29:50.684 +05:30 [INF] Received HTTP response headers after 421.7074ms - 200
2026-07-30 16:29:50.684 +05:30 [INF] End processing HTTP request after 422.3274ms - 200
2026-07-30 16:29:50.685 +05:30 [INF] HTTP GET /api/issues/00000000-0000-0000-0000-000011000000/transitions responded 200 in 1443.6060 ms
2026-07-30 16:29:50.698 +05:30 [INF] Start processing HTTP request GET https://grampower.atlassian.net/rest/api/3/issue/FIT-17?*
2026-07-30 16:29:50.698 +05:30 [INF] Sending HTTP request GET https://grampower.atlassian.net/rest/api/3/issue/FIT-17?*
2026-07-30 16:29:51.069 +05:30 [INF] Received HTTP response headers after 370.5604ms - 200
2026-07-30 16:29:51.069 +05:30 [INF] End processing HTTP request after 371.4891ms - 200
2026-07-30 16:29:51.218 +05:30 [INF] Start processing HTTP request GET https://grampower.atlassian.net/rest/api/3/issue/FIT-17?*
2026-07-30 16:29:51.218 +05:30 [INF] Sending HTTP request GET https://grampower.atlassian.net/rest/api/3/issue/FIT-17?*
2026-07-30 16:29:51.534 +05:30 [INF] Received HTTP response headers after 315.4677ms - 200
2026-07-30 16:29:51.534 +05:30 [INF] End processing HTTP request after 316.2772ms - 200
2026-07-30 16:29:51.535 +05:30 [INF] Start processing HTTP request GET https://grampower.atlassian.net/rest/api/3/issue/FIT-17/comment
2026-07-30 16:29:51.535 +05:30 [INF] Sending HTTP request GET https://grampower.atlassian.net/rest/api/3/issue/FIT-17/comment
2026-07-30 16:29:51.913 +05:30 [INF] Received HTTP response headers after 378.1302ms - 200
2026-07-30 16:29:51.913 +05:30 [INF] End processing HTTP request after 378.848ms - 200
2026-07-30 16:29:51.914 +05:30 [INF] Start processing HTTP request GET https://grampower.atlassian.net/rest/api/3/issue/FIT-17/transitions
2026-07-30 16:29:51.915 +05:30 [INF] Sending HTTP request GET https://grampower.atlassian.net/rest/api/3/issue/FIT-17/transitions
2026-07-30 16:29:52.662 +05:30 [INF] Received HTTP response headers after 747.4299ms - 200
2026-07-30 16:29:52.662 +05:30 [INF] End processing HTTP request after 748.0966ms - 200
2026-07-30 16:29:52.663 +05:30 [INF] HTTP GET /api/issues/00000000-0000-0000-0000-000011000000/transitions responded 200 in 1967.2758 ms
2026-07-30 16:30:02.577 +05:30 [INF] Start processing HTTP request GET https://grampower.atlassian.net/rest/api/3/issue/FIT-17?*
2026-07-30 16:30:02.577 +05:30 [INF] Sending HTTP request GET https://grampower.atlassian.net/rest/api/3/issue/FIT-17?*
2026-07-30 16:30:03.088 +05:30 [INF] Received HTTP response headers after 510.27ms - 200
2026-07-30 16:30:03.089 +05:30 [INF] End processing HTTP request after 511.4365ms - 200
2026-07-30 16:30:03.091 +05:30 [INF] Start processing HTTP request GET https://grampower.atlassian.net/rest/api/3/issue/FIT-17?*
2026-07-30 16:30:03.092 +05:30 [INF] Sending HTTP request GET https://grampower.atlassian.net/rest/api/3/issue/FIT-17?*
2026-07-30 16:30:03.520 +05:30 [INF] Received HTTP response headers after 428.7617ms - 200
2026-07-30 16:30:03.521 +05:30 [INF] End processing HTTP request after 429.5946ms - 200
2026-07-30 16:30:03.521 +05:30 [INF] Start processing HTTP request GET https://grampower.atlassian.net/rest/api/3/issue/FIT-17/comment
2026-07-30 16:30:03.521 +05:30 [INF] Sending HTTP request GET https://grampower.atlassian.net/rest/api/3/issue/FIT-17/comment
2026-07-30 16:30:03.876 +05:30 [INF] Received HTTP response headers after 354.896ms - 200
2026-07-30 16:30:03.877 +05:30 [INF] End processing HTTP request after 355.6602ms - 200
2026-07-30 16:30:03.878 +05:30 [INF] Start processing HTTP request POST https://grampower.atlassian.net/rest/api/3/issue/FIT-17/transitions
2026-07-30 16:30:03.878 +05:30 [INF] Sending HTTP request POST https://grampower.atlassian.net/rest/api/3/issue/FIT-17/transitions
2026-07-30 16:30:04.659 +05:30 [INF] Received HTTP response headers after 780.8345ms - 204
2026-07-30 16:30:04.660 +05:30 [INF] End processing HTTP request after 781.8643ms - 204
2026-07-30 16:30:04.660 +05:30 [INF] HTTP POST /api/issues/00000000-0000-0000-0000-000011000000/transition responded 204 in 2084.8810 ms
2026-07-30 16:30:05.682 +05:30 [INF] Start processing HTTP request GET https://grampower.atlassian.net/rest/api/3/issue/FIT-17?*
2026-07-30 16:30:05.682 +05:30 [INF] Start processing HTTP request GET https://grampower.atlassian.net/rest/api/3/issue/FIT-17?*
2026-07-30 16:30:05.683 +05:30 [INF] Sending HTTP request GET https://grampower.atlassian.net/rest/api/3/issue/FIT-17?*
2026-07-30 16:30:05.683 +05:30 [INF] Sending HTTP request GET https://grampower.atlassian.net/rest/api/3/issue/FIT-17?*
2026-07-30 16:30:06.400 +05:30 [INF] Received HTTP response headers after 716.8465ms - 200
2026-07-30 16:30:06.401 +05:30 [INF] End processing HTTP request after 718.2829ms - 200
2026-07-30 16:30:06.404 +05:30 [INF] Received HTTP response headers after 720.9247ms - 200
2026-07-30 16:30:06.405 +05:30 [INF] End processing HTTP request after 722.1967ms - 200
2026-07-30 16:30:06.433 +05:30 [INF] Start processing HTTP request GET https://grampower.atlassian.net/rest/api/3/issue/FIT-17?*
2026-07-30 16:30:06.433 +05:30 [INF] Start processing HTTP request GET https://grampower.atlassian.net/rest/api/3/issue/FIT-17?*
2026-07-30 16:30:06.433 +05:30 [INF] Sending HTTP request GET https://grampower.atlassian.net/rest/api/3/issue/FIT-17?*
2026-07-30 16:30:06.433 +05:30 [INF] Sending HTTP request GET https://grampower.atlassian.net/rest/api/3/issue/FIT-17?*
2026-07-30 16:30:06.752 +05:30 [INF] Received HTTP response headers after 318.577ms - 200
2026-07-30 16:30:06.752 +05:30 [INF] End processing HTTP request after 319.2781ms - 200
2026-07-30 16:30:06.753 +05:30 [INF] Start processing HTTP request GET https://grampower.atlassian.net/rest/api/3/issue/FIT-17/comment
2026-07-30 16:30:06.753 +05:30 [INF] Sending HTTP request GET https://grampower.atlassian.net/rest/api/3/issue/FIT-17/comment
2026-07-30 16:30:06.924 +05:30 [INF] Received HTTP response headers after 490.7282ms - 200
2026-07-30 16:30:06.924 +05:30 [INF] End processing HTTP request after 491.5321ms - 200
2026-07-30 16:30:06.925 +05:30 [INF] Start processing HTTP request GET https://grampower.atlassian.net/rest/api/3/issue/FIT-17/comment
2026-07-30 16:30:06.925 +05:30 [INF] Sending HTTP request GET https://grampower.atlassian.net/rest/api/3/issue/FIT-17/comment
2026-07-30 16:30:07.085 +05:30 [INF] Received HTTP response headers after 332.3088ms - 200
2026-07-30 16:30:07.086 +05:30 [INF] End processing HTTP request after 333.0077ms - 200
2026-07-30 16:30:07.087 +05:30 [INF] HTTP GET /api/issues/00000000-0000-0000-0000-000011000000 responded 200 in 1405.5381 ms
2026-07-30 16:30:07.242 +05:30 [INF] Received HTTP response headers after 316.4522ms - 200
2026-07-30 16:30:07.242 +05:30 [INF] End processing HTTP request after 317.0616ms - 200
2026-07-30 16:30:07.243 +05:30 [INF] Start processing HTTP request GET https://grampower.atlassian.net/rest/api/3/issue/FIT-17/transitions
2026-07-30 16:30:07.243 +05:30 [INF] Sending HTTP request GET https://grampower.atlassian.net/rest/api/3/issue/FIT-17/transitions
2026-07-30 16:30:07.605 +05:30 [INF] Received HTTP response headers after 361.9406ms - 200
2026-07-30 16:30:07.605 +05:30 [INF] End processing HTTP request after 362.6402ms - 200
2026-07-30 16:30:07.606 +05:30 [INF] HTTP GET /api/issues/00000000-0000-0000-0000-000011000000/transitions responded 200 in 1924.3288 ms
2026-07-30 16:30:07.616 +05:30 [INF] Start processing HTTP request GET https://grampower.atlassian.net/rest/api/3/issue/FIT-17?*
2026-07-30 16:30:07.617 +05:30 [INF] Sending HTTP request GET https://grampower.atlassian.net/rest/api/3/issue/FIT-17?*
2026-07-30 16:30:08.500 +05:30 [INF] Received HTTP response headers after 883.0641ms - 200
2026-07-30 16:30:08.500 +05:30 [INF] End processing HTTP request after 883.8447ms - 200
2026-07-30 16:30:08.531 +05:30 [INF] Start processing HTTP request GET https://grampower.atlassian.net/rest/api/3/issue/FIT-17?*
2026-07-30 16:30:08.532 +05:30 [INF] Sending HTTP request GET https://grampower.atlassian.net/rest/api/3/issue/FIT-17?*
2026-07-30 16:30:09.260 +05:30 [INF] Received HTTP response headers after 728.7189ms - 200
2026-07-30 16:30:09.261 +05:30 [INF] End processing HTTP request after 729.3625ms - 200
2026-07-30 16:30:09.261 +05:30 [INF] Start processing HTTP request GET https://grampower.atlassian.net/rest/api/3/issue/FIT-17/comment
2026-07-30 16:30:09.261 +05:30 [INF] Sending HTTP request GET https://grampower.atlassian.net/rest/api/3/issue/FIT-17/comment
2026-07-30 16:30:10.073 +05:30 [INF] Received HTTP response headers after 811.7507ms - 200
2026-07-30 16:30:10.073 +05:30 [INF] End processing HTTP request after 812.343ms - 200
2026-07-30 16:30:10.074 +05:30 [INF] Start processing HTTP request GET https://grampower.atlassian.net/rest/api/3/issue/FIT-17/transitions
2026-07-30 16:30:10.074 +05:30 [INF] Sending HTTP request GET https://grampower.atlassian.net/rest/api/3/issue/FIT-17/transitions
2026-07-30 16:30:10.818 +05:30 [INF] Received HTTP response headers after 743.6412ms - 200
2026-07-30 16:30:10.818 +05:30 [INF] End processing HTTP request after 744.2312ms - 200
2026-07-30 16:30:10.819 +05:30 [INF] HTTP GET /api/issues/00000000-0000-0000-0000-000011000000/transitions responded 200 in 3203.6095 ms
2026-07-30 16:30:19.611 +05:30 [INF] Start processing HTTP request GET https://grampower.atlassian.net/rest/api/3/issue/FIT-17?*
2026-07-30 16:30:19.611 +05:30 [INF] Sending HTTP request GET https://grampower.atlassian.net/rest/api/3/issue/FIT-17?*
2026-07-30 16:30:20.598 +05:30 [INF] Received HTTP response headers after 986.6497ms - 200
2026-07-30 16:30:20.598 +05:30 [INF] End processing HTTP request after 987.56ms - 200
2026-07-30 16:30:20.638 +05:30 [INF] Start processing HTTP request GET https://grampower.atlassian.net/rest/api/3/issue/FIT-17?*
2026-07-30 16:30:20.638 +05:30 [INF] Sending HTTP request GET https://grampower.atlassian.net/rest/api/3/issue/FIT-17?*
2026-07-30 16:30:21.077 +05:30 [INF] Received HTTP response headers after 439.0039ms - 200
2026-07-30 16:30:21.078 +05:30 [INF] End processing HTTP request after 439.8674ms - 200
2026-07-30 16:30:21.078 +05:30 [INF] Start processing HTTP request GET https://grampower.atlassian.net/rest/api/3/issue/FIT-17/comment
2026-07-30 16:30:21.078 +05:30 [INF] Sending HTTP request GET https://grampower.atlassian.net/rest/api/3/issue/FIT-17/comment
2026-07-30 16:30:22.024 +05:30 [INF] Received HTTP response headers after 945.1576ms - 200
2026-07-30 16:30:22.024 +05:30 [INF] End processing HTTP request after 945.9493ms - 200
2026-07-30 16:30:22.025 +05:30 [INF] Start processing HTTP request POST https://grampower.atlassian.net/rest/api/3/issue/FIT-17/transitions
2026-07-30 16:30:22.025 +05:30 [INF] Sending HTTP request POST https://grampower.atlassian.net/rest/api/3/issue/FIT-17/transitions
2026-07-30 16:30:22.749 +05:30 [INF] Received HTTP response headers after 724.2027ms - 204
2026-07-30 16:30:22.750 +05:30 [INF] End processing HTTP request after 724.937ms - 204
2026-07-30 16:30:22.750 +05:30 [INF] HTTP POST /api/issues/00000000-0000-0000-0000-000011000000/transition responded 204 in 3141.2860 ms
2026-07-30 16:30:23.776 +05:30 [INF] Start processing HTTP request GET https://grampower.atlassian.net/rest/api/3/issue/FIT-17?*
2026-07-30 16:30:23.776 +05:30 [INF] Start processing HTTP request GET https://grampower.atlassian.net/rest/api/3/issue/FIT-17?*
2026-07-30 16:30:23.776 +05:30 [INF] Sending HTTP request GET https://grampower.atlassian.net/rest/api/3/issue/FIT-17?*
2026-07-30 16:30:23.776 +05:30 [INF] Sending HTTP request GET https://grampower.atlassian.net/rest/api/3/issue/FIT-17?*
2026-07-30 16:30:24.135 +05:30 [INF] Received HTTP response headers after 359.1714ms - 200
2026-07-30 16:30:24.135 +05:30 [INF] End processing HTTP request after 359.9842ms - 200
2026-07-30 16:30:24.232 +05:30 [INF] Received HTTP response headers after 455.9004ms - 200
2026-07-30 16:30:24.232 +05:30 [INF] End processing HTTP request after 456.6444ms - 200
2026-07-30 16:30:24.255 +05:30 [INF] Start processing HTTP request GET https://grampower.atlassian.net/rest/api/3/issue/FIT-17?*
2026-07-30 16:30:24.255 +05:30 [INF] Sending HTTP request GET https://grampower.atlassian.net/rest/api/3/issue/FIT-17?*
2026-07-30 16:30:24.304 +05:30 [INF] Start processing HTTP request GET https://grampower.atlassian.net/rest/api/3/issue/FIT-17?*
2026-07-30 16:30:24.305 +05:30 [INF] Sending HTTP request GET https://grampower.atlassian.net/rest/api/3/issue/FIT-17?*
2026-07-30 16:30:24.516 +05:30 [INF] Received HTTP response headers after 260.1141ms - 200
2026-07-30 16:30:24.516 +05:30 [INF] End processing HTTP request after 261.0117ms - 200
2026-07-30 16:30:24.516 +05:30 [INF] Start processing HTTP request GET https://grampower.atlassian.net/rest/api/3/issue/FIT-17/comment
2026-07-30 16:30:24.516 +05:30 [INF] Sending HTTP request GET https://grampower.atlassian.net/rest/api/3/issue/FIT-17/comment
2026-07-30 16:30:24.587 +05:30 [INF] Received HTTP response headers after 282.353ms - 200
2026-07-30 16:30:24.587 +05:30 [INF] End processing HTTP request after 282.929ms - 200
2026-07-30 16:30:24.588 +05:30 [INF] Start processing HTTP request GET https://grampower.atlassian.net/rest/api/3/issue/FIT-17/comment
2026-07-30 16:30:24.588 +05:30 [INF] Sending HTTP request GET https://grampower.atlassian.net/rest/api/3/issue/FIT-17/comment
2026-07-30 16:30:24.875 +05:30 [INF] Received HTTP response headers after 358.7045ms - 200
2026-07-30 16:30:24.876 +05:30 [INF] End processing HTTP request after 359.3714ms - 200
2026-07-30 16:30:24.876 +05:30 [INF] Start processing HTTP request GET https://grampower.atlassian.net/rest/api/3/issue/FIT-17/transitions
2026-07-30 16:30:24.876 +05:30 [INF] Sending HTTP request GET https://grampower.atlassian.net/rest/api/3/issue/FIT-17/transitions
2026-07-30 16:30:24.939 +05:30 [INF] Received HTTP response headers after 351.21ms - 200
2026-07-30 16:30:24.939 +05:30 [INF] End processing HTTP request after 351.9094ms - 200
2026-07-30 16:30:24.940 +05:30 [INF] HTTP GET /api/issues/00000000-0000-0000-0000-000011000000 responded 200 in 1165.8041 ms
2026-07-30 16:30:25.304 +05:30 [INF] Received HTTP response headers after 427.8747ms - 200
2026-07-30 16:30:25.305 +05:30 [INF] End processing HTTP request after 428.568ms - 200
2026-07-30 16:30:25.306 +05:30 [INF] HTTP GET /api/issues/00000000-0000-0000-0000-000011000000/transitions responded 200 in 1530.9463 ms
2026-07-30 16:30:25.318 +05:30 [INF] Start processing HTTP request GET https://grampower.atlassian.net/rest/api/3/issue/FIT-17?*
2026-07-30 16:30:25.318 +05:30 [INF] Sending HTTP request GET https://grampower.atlassian.net/rest/api/3/issue/FIT-17?*
2026-07-30 16:30:25.878 +05:30 [INF] Received HTTP response headers after 559.4622ms - 200
2026-07-30 16:30:25.878 +05:30 [INF] End processing HTTP request after 560.2806ms - 200
2026-07-30 16:30:25.914 +05:30 [INF] Start processing HTTP request GET https://grampower.atlassian.net/rest/api/3/issue/FIT-17?*
2026-07-30 16:30:25.914 +05:30 [INF] Sending HTTP request GET https://grampower.atlassian.net/rest/api/3/issue/FIT-17?*
2026-07-30 16:30:26.341 +05:30 [INF] Received HTTP response headers after 426.686ms - 200
2026-07-30 16:30:26.341 +05:30 [INF] End processing HTTP request after 427.545ms - 200
2026-07-30 16:30:26.342 +05:30 [INF] Start processing HTTP request GET https://grampower.atlassian.net/rest/api/3/issue/FIT-17/comment
2026-07-30 16:30:26.342 +05:30 [INF] Sending HTTP request GET https://grampower.atlassian.net/rest/api/3/issue/FIT-17/comment
2026-07-30 16:30:26.655 +05:30 [INF] Received HTTP response headers after 313.1126ms - 200
2026-07-30 16:30:26.656 +05:30 [INF] End processing HTTP request after 313.8082ms - 200
2026-07-30 16:30:26.660 +05:30 [INF] Start processing HTTP request GET https://grampower.atlassian.net/rest/api/3/issue/FIT-17/transitions
2026-07-30 16:30:26.660 +05:30 [INF] Sending HTTP request GET https://grampower.atlassian.net/rest/api/3/issue/FIT-17/transitions
2026-07-30 16:30:26.966 +05:30 [INF] Received HTTP response headers after 305.5062ms - 200
2026-07-30 16:30:26.966 +05:30 [INF] End processing HTTP request after 306.1483ms - 200
2026-07-30 16:30:26.967 +05:30 [INF] HTTP GET /api/issues/00000000-0000-0000-0000-000011000000/transitions responded 200 in 1650.1928 ms
2026-07-30 16:30:37.175 +05:30 [INF] Start processing HTTP request GET https://grampower.atlassian.net/rest/api/3/issue/FIT-17?*
2026-07-30 16:30:37.175 +05:30 [INF] Sending HTTP request GET https://grampower.atlassian.net/rest/api/3/issue/FIT-17?*
2026-07-30 16:30:37.683 +05:30 [INF] Received HTTP response headers after 507.9202ms - 200
2026-07-30 16:30:37.683 +05:30 [INF] End processing HTTP request after 508.7167ms - 200
2026-07-30 16:30:37.685 +05:30 [INF] Start processing HTTP request GET https://grampower.atlassian.net/rest/api/3/issue/FIT-17?*
2026-07-30 16:30:37.685 +05:30 [INF] Sending HTTP request GET https://grampower.atlassian.net/rest/api/3/issue/FIT-17?*
2026-07-30 16:30:38.038 +05:30 [INF] Received HTTP response headers after 352.2602ms - 200
2026-07-30 16:30:38.038 +05:30 [INF] End processing HTTP request after 353.0213ms - 200
2026-07-30 16:30:38.038 +05:30 [INF] Start processing HTTP request GET https://grampower.atlassian.net/rest/api/3/issue/FIT-17/comment
2026-07-30 16:30:38.039 +05:30 [INF] Sending HTTP request GET https://grampower.atlassian.net/rest/api/3/issue/FIT-17/comment
2026-07-30 16:30:38.403 +05:30 [INF] Received HTTP response headers after 364.5119ms - 200
2026-07-30 16:30:38.404 +05:30 [INF] End processing HTTP request after 365.2741ms - 200
2026-07-30 16:30:38.405 +05:30 [INF] Start processing HTTP request POST https://grampower.atlassian.net/rest/api/3/issue/FIT-17/transitions
2026-07-30 16:30:38.405 +05:30 [INF] Sending HTTP request POST https://grampower.atlassian.net/rest/api/3/issue/FIT-17/transitions
2026-07-30 16:30:39.139 +05:30 [INF] Received HTTP response headers after 734.5045ms - 204
2026-07-30 16:30:39.140 +05:30 [INF] End processing HTTP request after 735.1422ms - 204
2026-07-30 16:30:39.140 +05:30 [INF] HTTP POST /api/issues/00000000-0000-0000-0000-000011000000/transition responded 204 in 1966.7298 ms
2026-07-30 16:30:40.165 +05:30 [INF] Start processing HTTP request GET https://grampower.atlassian.net/rest/api/3/issue/FIT-17?*
2026-07-30 16:30:40.165 +05:30 [INF] Start processing HTTP request GET https://grampower.atlassian.net/rest/api/3/issue/FIT-17?*
2026-07-30 16:30:40.166 +05:30 [INF] Sending HTTP request GET https://grampower.atlassian.net/rest/api/3/issue/FIT-17?*
2026-07-30 16:30:40.166 +05:30 [INF] Sending HTTP request GET https://grampower.atlassian.net/rest/api/3/issue/FIT-17?*
2026-07-30 16:30:40.503 +05:30 [INF] Received HTTP response headers after 336.8977ms - 200
2026-07-30 16:30:40.503 +05:30 [INF] End processing HTTP request after 337.5282ms - 200
2026-07-30 16:30:40.572 +05:30 [INF] Start processing HTTP request GET https://grampower.atlassian.net/rest/api/3/issue/FIT-17?*
2026-07-30 16:30:40.572 +05:30 [INF] Sending HTTP request GET https://grampower.atlassian.net/rest/api/3/issue/FIT-17?*
2026-07-30 16:30:40.886 +05:30 [INF] Received HTTP response headers after 313.0038ms - 200
2026-07-30 16:30:40.886 +05:30 [INF] End processing HTTP request after 313.8809ms - 200
2026-07-30 16:30:40.887 +05:30 [INF] Start processing HTTP request GET https://grampower.atlassian.net/rest/api/3/issue/FIT-17/comment
2026-07-30 16:30:40.887 +05:30 [INF] Sending HTTP request GET https://grampower.atlassian.net/rest/api/3/issue/FIT-17/comment
2026-07-30 16:30:41.001 +05:30 [INF] Received HTTP response headers after 835.8515ms - 200
2026-07-30 16:30:41.002 +05:30 [INF] End processing HTTP request after 836.6585ms - 200
2026-07-30 16:30:41.027 +05:30 [INF] Start processing HTTP request GET https://grampower.atlassian.net/rest/api/3/issue/FIT-17?*
2026-07-30 16:30:41.027 +05:30 [INF] Sending HTTP request GET https://grampower.atlassian.net/rest/api/3/issue/FIT-17?*
2026-07-30 16:30:41.191 +05:30 [INF] Received HTTP response headers after 304.2933ms - 200
2026-07-30 16:30:41.192 +05:30 [INF] End processing HTTP request after 304.987ms - 200
2026-07-30 16:30:41.192 +05:30 [INF] Start processing HTTP request GET https://grampower.atlassian.net/rest/api/3/issue/FIT-17/transitions
2026-07-30 16:30:41.192 +05:30 [INF] Sending HTTP request GET https://grampower.atlassian.net/rest/api/3/issue/FIT-17/transitions
2026-07-30 16:30:41.530 +05:30 [INF] Received HTTP response headers after 337.7056ms - 200
2026-07-30 16:30:41.531 +05:30 [INF] End processing HTTP request after 338.3948ms - 200
2026-07-30 16:30:41.531 +05:30 [INF] HTTP GET /api/issues/00000000-0000-0000-0000-000011000000/transitions responded 200 in 1366.4167 ms
2026-07-30 16:30:41.544 +05:30 [INF] Start processing HTTP request GET https://grampower.atlassian.net/rest/api/3/issue/FIT-17?*
2026-07-30 16:30:41.544 +05:30 [INF] Sending HTTP request GET https://grampower.atlassian.net/rest/api/3/issue/FIT-17?*
2026-07-30 16:30:41.752 +05:30 [INF] Received HTTP response headers after 724.4108ms - 200
2026-07-30 16:30:41.752 +05:30 [INF] End processing HTTP request after 725.0489ms - 200
2026-07-30 16:30:41.752 +05:30 [INF] Start processing HTTP request GET https://grampower.atlassian.net/rest/api/3/issue/FIT-17/comment
2026-07-30 16:30:41.752 +05:30 [INF] Sending HTTP request GET https://grampower.atlassian.net/rest/api/3/issue/FIT-17/comment
2026-07-30 16:30:42.066 +05:30 [INF] Received HTTP response headers after 313.4388ms - 200
2026-07-30 16:30:42.066 +05:30 [INF] End processing HTTP request after 314.2873ms - 200
2026-07-30 16:30:42.067 +05:30 [INF] HTTP GET /api/issues/00000000-0000-0000-0000-000011000000 responded 200 in 1903.2978 ms
2026-07-30 16:30:42.068 +05:30 [INF] Received HTTP response headers after 523.8197ms - 200
2026-07-30 16:30:42.068 +05:30 [INF] End processing HTTP request after 524.1503ms - 200
2026-07-30 16:30:42.101 +05:30 [INF] Start processing HTTP request GET https://grampower.atlassian.net/rest/api/3/issue/FIT-17?*
2026-07-30 16:30:42.102 +05:30 [INF] Sending HTTP request GET https://grampower.atlassian.net/rest/api/3/issue/FIT-17?*
2026-07-30 16:30:42.384 +05:30 [INF] Received HTTP response headers after 282.2612ms - 200
2026-07-30 16:30:42.385 +05:30 [INF] End processing HTTP request after 283.2915ms - 200
2026-07-30 16:30:42.385 +05:30 [INF] Start processing HTTP request GET https://grampower.atlassian.net/rest/api/3/issue/FIT-17/comment
2026-07-30 16:30:42.385 +05:30 [INF] Sending HTTP request GET https://grampower.atlassian.net/rest/api/3/issue/FIT-17/comment
2026-07-30 16:30:43.159 +05:30 [INF] Received HTTP response headers after 773.4718ms - 200
2026-07-30 16:30:43.159 +05:30 [INF] End processing HTTP request after 774.0064ms - 200
2026-07-30 16:30:43.160 +05:30 [INF] Start processing HTTP request GET https://grampower.atlassian.net/rest/api/3/issue/FIT-17/transitions
2026-07-30 16:30:43.160 +05:30 [INF] Sending HTTP request GET https://grampower.atlassian.net/rest/api/3/issue/FIT-17/transitions
2026-07-30 16:30:43.445 +05:30 [INF] Received HTTP response headers after 285.6461ms - 200
2026-07-30 16:30:43.446 +05:30 [INF] End processing HTTP request after 286.1064ms - 200
2026-07-30 16:30:43.449 +05:30 [INF] HTTP GET /api/issues/00000000-0000-0000-0000-000011000000/transitions responded 200 in 1906.0028 ms
2026-07-30 16:31:13.492 +05:30 [INF] Start processing HTTP request GET https://grampower.atlassian.net/rest/api/3/issue/FIT-17?*
2026-07-30 16:31:13.492 +05:30 [INF] Start processing HTTP request GET https://grampower.atlassian.net/rest/api/3/issue/FIT-17?*
2026-07-30 16:31:13.492 +05:30 [INF] Sending HTTP request GET https://grampower.atlassian.net/rest/api/3/issue/FIT-17?*
2026-07-30 16:31:13.492 +05:30 [INF] Sending HTTP request GET https://grampower.atlassian.net/rest/api/3/issue/FIT-17?*
2026-07-30 16:31:13.937 +05:30 [INF] Received HTTP response headers after 444.987ms - 200
2026-07-30 16:31:13.938 +05:30 [INF] End processing HTTP request after 446.4253ms - 200
2026-07-30 16:31:14.029 +05:30 [INF] Received HTTP response headers after 536.8057ms - 200
2026-07-30 16:31:14.030 +05:30 [INF] End processing HTTP request after 538.125ms - 200
2026-07-30 16:31:14.054 +05:30 [INF] Start processing HTTP request GET https://grampower.atlassian.net/rest/api/3/issue/FIT-17?*
2026-07-30 16:31:14.054 +05:30 [INF] Sending HTTP request GET https://grampower.atlassian.net/rest/api/3/issue/FIT-17?*
2026-07-30 16:31:14.054 +05:30 [INF] Start processing HTTP request GET https://grampower.atlassian.net/rest/api/3/issue/FIT-17?*
2026-07-30 16:31:14.055 +05:30 [INF] Sending HTTP request GET https://grampower.atlassian.net/rest/api/3/issue/FIT-17?*
2026-07-30 16:31:14.336 +05:30 [INF] Received HTTP response headers after 282.351ms - 200
2026-07-30 16:31:14.337 +05:30 [INF] End processing HTTP request after 283.0486ms - 200
2026-07-30 16:31:14.337 +05:30 [INF] Start processing HTTP request GET https://grampower.atlassian.net/rest/api/3/issue/FIT-17/comment
2026-07-30 16:31:14.338 +05:30 [INF] Sending HTTP request GET https://grampower.atlassian.net/rest/api/3/issue/FIT-17/comment
2026-07-30 16:31:14.358 +05:30 [INF] Received HTTP response headers after 302.7304ms - 200
2026-07-30 16:31:14.358 +05:30 [INF] End processing HTTP request after 303.7999ms - 200
2026-07-30 16:31:14.358 +05:30 [INF] Start processing HTTP request GET https://grampower.atlassian.net/rest/api/3/issue/FIT-17/comment
2026-07-30 16:31:14.359 +05:30 [INF] Sending HTTP request GET https://grampower.atlassian.net/rest/api/3/issue/FIT-17/comment
2026-07-30 16:31:14.656 +05:30 [INF] Received HTTP response headers after 296.9682ms - 200
2026-07-30 16:31:14.656 +05:30 [INF] End processing HTTP request after 297.5895ms - 200
2026-07-30 16:31:14.657 +05:30 [INF] Start processing HTTP request GET https://grampower.atlassian.net/rest/api/3/issue/FIT-17/transitions
2026-07-30 16:31:14.657 +05:30 [INF] Sending HTTP request GET https://grampower.atlassian.net/rest/api/3/issue/FIT-17/transitions
2026-07-30 16:31:14.761 +05:30 [INF] Received HTTP response headers after 423.5915ms - 200
2026-07-30 16:31:14.762 +05:30 [INF] End processing HTTP request after 424.2095ms - 200
2026-07-30 16:31:14.765 +05:30 [INF] HTTP GET /api/issues/00000000-0000-0000-0000-000011000000 responded 200 in 1281.4108 ms
2026-07-30 16:31:14.966 +05:30 [INF] Received HTTP response headers after 308.9358ms - 200
2026-07-30 16:31:14.967 +05:30 [INF] End processing HTTP request after 309.5343ms - 200
2026-07-30 16:31:14.967 +05:30 [INF] HTTP GET /api/issues/00000000-0000-0000-0000-000011000000/transitions responded 200 in 1484.0255 ms
2026-07-30 16:31:19.221 +05:30 [INF] Start processing HTTP request GET https://grampower.atlassian.net/rest/api/3/search/jql?*
2026-07-30 16:31:19.221 +05:30 [INF] Sending HTTP request GET https://grampower.atlassian.net/rest/api/3/search/jql?*
2026-07-30 16:31:20.156 +05:30 [INF] Received HTTP response headers after 934.2549ms - 200
2026-07-30 16:31:20.157 +05:30 [INF] End processing HTTP request after 935.8837ms - 200
2026-07-30 16:31:20.336 +05:30 [INF] HTTP GET /api/dashboard responded 200 in 1115.0335 ms
2026-07-30 16:31:47.493 +05:30 [INF] Start processing HTTP request GET https://grampower.atlassian.net/rest/api/3/issue/FIT-17?*
2026-07-30 16:31:47.494 +05:30 [INF] Sending HTTP request GET https://grampower.atlassian.net/rest/api/3/issue/FIT-17?*
2026-07-30 16:31:47.496 +05:30 [INF] Start processing HTTP request GET https://grampower.atlassian.net/rest/api/3/issue/FIT-17?*
2026-07-30 16:31:47.496 +05:30 [INF] Sending HTTP request GET https://grampower.atlassian.net/rest/api/3/issue/FIT-17?*
2026-07-30 16:31:47.976 +05:30 [INF] Received HTTP response headers after 482.1993ms - 200
2026-07-30 16:31:47.976 +05:30 [INF] End processing HTTP request after 483.5909ms - 200
2026-07-30 16:31:47.989 +05:30 [INF] Start processing HTTP request GET https://grampower.atlassian.net/rest/api/3/issue/FIT-17?*
2026-07-30 16:31:47.989 +05:30 [INF] Sending HTTP request GET https://grampower.atlassian.net/rest/api/3/issue/FIT-17?*
2026-07-30 16:31:48.141 +05:30 [INF] Received HTTP response headers after 644.5539ms - 200
2026-07-30 16:31:48.141 +05:30 [INF] End processing HTTP request after 645.316ms - 200
2026-07-30 16:31:48.177 +05:30 [INF] Start processing HTTP request GET https://grampower.atlassian.net/rest/api/3/issue/FIT-17?*
2026-07-30 16:31:48.177 +05:30 [INF] Sending HTTP request GET https://grampower.atlassian.net/rest/api/3/issue/FIT-17?*
2026-07-30 16:31:48.292 +05:30 [INF] Received HTTP response headers after 302.6567ms - 200
2026-07-30 16:31:48.293 +05:30 [INF] End processing HTTP request after 303.4765ms - 200
2026-07-30 16:31:48.293 +05:30 [INF] Start processing HTTP request GET https://grampower.atlassian.net/rest/api/3/issue/FIT-17/comment
2026-07-30 16:31:48.293 +05:30 [INF] Sending HTTP request GET https://grampower.atlassian.net/rest/api/3/issue/FIT-17/comment
2026-07-30 16:31:48.478 +05:30 [INF] Received HTTP response headers after 300.5121ms - 200
2026-07-30 16:31:48.478 +05:30 [INF] End processing HTTP request after 301.1096ms - 200
2026-07-30 16:31:48.478 +05:30 [INF] Start processing HTTP request GET https://grampower.atlassian.net/rest/api/3/issue/FIT-17/comment
2026-07-30 16:31:48.478 +05:30 [INF] Sending HTTP request GET https://grampower.atlassian.net/rest/api/3/issue/FIT-17/comment
2026-07-30 16:31:48.661 +05:30 [INF] Received HTTP response headers after 367.0943ms - 200
2026-07-30 16:31:48.661 +05:30 [INF] End processing HTTP request after 367.6767ms - 200
2026-07-30 16:31:48.661 +05:30 [INF] HTTP GET /api/issues/00000000-0000-0000-0000-000011000000 responded 200 in 1169.3741 ms
2026-07-30 16:31:48.811 +05:30 [INF] Received HTTP response headers after 332.6882ms - 200
2026-07-30 16:31:48.811 +05:30 [INF] End processing HTTP request after 333.0605ms - 200
2026-07-30 16:31:48.812 +05:30 [INF] Start processing HTTP request GET https://grampower.atlassian.net/rest/api/3/issue/FIT-17/transitions
2026-07-30 16:31:48.812 +05:30 [INF] Sending HTTP request GET https://grampower.atlassian.net/rest/api/3/issue/FIT-17/transitions
2026-07-30 16:31:49.160 +05:30 [INF] Received HTTP response headers after 347.8751ms - 200
2026-07-30 16:31:49.160 +05:30 [INF] End processing HTTP request after 348.4892ms - 200
2026-07-30 16:31:49.161 +05:30 [INF] HTTP GET /api/issues/00000000-0000-0000-0000-000011000000/transitions responded 200 in 1666.5681 ms
2026-07-30 16:32:11.159 +05:30 [INF] Start processing HTTP request GET https://grampower.atlassian.net/rest/api/3/issue/FIT-17?*
2026-07-30 16:32:11.160 +05:30 [INF] Sending HTTP request GET https://grampower.atlassian.net/rest/api/3/issue/FIT-17?*
2026-07-30 16:32:11.173 +05:30 [INF] Start processing HTTP request GET https://grampower.atlassian.net/rest/api/3/issue/FIT-17?*
2026-07-30 16:32:11.173 +05:30 [INF] Sending HTTP request GET https://grampower.atlassian.net/rest/api/3/issue/FIT-17?*
2026-07-30 16:32:11.760 +05:30 [INF] Received HTTP response headers after 600.3722ms - 200
2026-07-30 16:32:11.761 +05:30 [INF] End processing HTTP request after 601.6779ms - 200
2026-07-30 16:32:11.808 +05:30 [INF] Start processing HTTP request GET https://grampower.atlassian.net/rest/api/3/issue/FIT-17?*
2026-07-30 16:32:11.808 +05:30 [INF] Sending HTTP request GET https://grampower.atlassian.net/rest/api/3/issue/FIT-17?*
2026-07-30 16:32:12.242 +05:30 [INF] Received HTTP response headers after 433.3416ms - 200
2026-07-30 16:32:12.242 +05:30 [INF] End processing HTTP request after 434.3626ms - 200
2026-07-30 16:32:12.243 +05:30 [INF] Start processing HTTP request GET https://grampower.atlassian.net/rest/api/3/issue/FIT-17/comment
2026-07-30 16:32:12.243 +05:30 [INF] Sending HTTP request GET https://grampower.atlassian.net/rest/api/3/issue/FIT-17/comment
2026-07-30 16:32:12.274 +05:30 [INF] Received HTTP response headers after 1100.739ms - 200
2026-07-30 16:32:12.274 +05:30 [INF] End processing HTTP request after 1101.497ms - 200
2026-07-30 16:32:12.276 +05:30 [INF] Start processing HTTP request GET https://grampower.atlassian.net/rest/api/3/issue/FIT-17?*
2026-07-30 16:32:12.276 +05:30 [INF] Sending HTTP request GET https://grampower.atlassian.net/rest/api/3/issue/FIT-17?*
2026-07-30 16:32:12.550 +05:30 [INF] Received HTTP response headers after 306.0185ms - 200
2026-07-30 16:32:12.550 +05:30 [INF] End processing HTTP request after 306.959ms - 200
2026-07-30 16:32:12.551 +05:30 [INF] HTTP GET /api/issues/00000000-0000-0000-0000-000011000000 responded 200 in 1396.6429 ms
2026-07-30 16:32:13.081 +05:30 [INF] Received HTTP response headers after 804.9147ms - 200
2026-07-30 16:32:13.081 +05:30 [INF] End processing HTTP request after 805.6336ms - 200
2026-07-30 16:32:13.082 +05:30 [INF] Start processing HTTP request GET https://grampower.atlassian.net/rest/api/3/issue/FIT-17/comment
2026-07-30 16:32:13.082 +05:30 [INF] Sending HTTP request GET https://grampower.atlassian.net/rest/api/3/issue/FIT-17/comment
2026-07-30 16:32:13.842 +05:30 [INF] Received HTTP response headers after 760.115ms - 200
2026-07-30 16:32:13.843 +05:30 [INF] End processing HTTP request after 760.9139ms - 200
2026-07-30 16:32:13.844 +05:30 [INF] Start processing HTTP request GET https://grampower.atlassian.net/rest/api/3/issue/FIT-17/transitions
2026-07-30 16:32:13.844 +05:30 [INF] Sending HTTP request GET https://grampower.atlassian.net/rest/api/3/issue/FIT-17/transitions
2026-07-30 16:32:14.571 +05:30 [INF] Received HTTP response headers after 726.724ms - 200
2026-07-30 16:32:14.571 +05:30 [INF] End processing HTTP request after 727.5455ms - 200
2026-07-30 16:32:14.573 +05:30 [INF] HTTP GET /api/issues/00000000-0000-0000-0000-000011000000/transitions responded 200 in 3403.3437 ms
2026-07-30 16:32:33.987 +05:30 [INF] Start processing HTTP request GET https://grampower.atlassian.net/rest/api/3/issue/FIT-17?*
2026-07-30 16:32:33.988 +05:30 [INF] Sending HTTP request GET https://grampower.atlassian.net/rest/api/3/issue/FIT-17?*
2026-07-30 16:32:33.989 +05:30 [INF] Start processing HTTP request GET https://grampower.atlassian.net/rest/api/3/issue/FIT-17?*
2026-07-30 16:32:33.989 +05:30 [INF] Sending HTTP request GET https://grampower.atlassian.net/rest/api/3/issue/FIT-17?*
2026-07-30 16:32:34.355 +05:30 [INF] Received HTTP response headers after 367.2971ms - 200
2026-07-30 16:32:34.356 +05:30 [INF] End processing HTTP request after 368.5132ms - 200
2026-07-30 16:32:34.397 +05:30 [INF] Start processing HTTP request GET https://grampower.atlassian.net/rest/api/3/issue/FIT-17?*
2026-07-30 16:32:34.398 +05:30 [INF] Sending HTTP request GET https://grampower.atlassian.net/rest/api/3/issue/FIT-17?*
2026-07-30 16:32:34.680 +05:30 [INF] Received HTTP response headers after 282.7846ms - 200
2026-07-30 16:32:34.681 +05:30 [INF] End processing HTTP request after 283.6394ms - 200
2026-07-30 16:32:34.681 +05:30 [INF] Start processing HTTP request GET https://grampower.atlassian.net/rest/api/3/issue/FIT-17/comment
2026-07-30 16:32:34.681 +05:30 [INF] Sending HTTP request GET https://grampower.atlassian.net/rest/api/3/issue/FIT-17/comment
2026-07-30 16:32:34.838 +05:30 [INF] Received HTTP response headers after 849.3812ms - 200
2026-07-30 16:32:34.838 +05:30 [INF] End processing HTTP request after 849.8605ms - 200
2026-07-30 16:32:34.863 +05:30 [INF] Start processing HTTP request GET https://grampower.atlassian.net/rest/api/3/issue/FIT-17?*
2026-07-30 16:32:34.864 +05:30 [INF] Sending HTTP request GET https://grampower.atlassian.net/rest/api/3/issue/FIT-17?*
2026-07-30 16:32:35.071 +05:30 [INF] Received HTTP response headers after 389.6348ms - 200
2026-07-30 16:32:35.072 +05:30 [INF] End processing HTTP request after 390.3119ms - 200
2026-07-30 16:32:35.073 +05:30 [INF] HTTP GET /api/issues/00000000-0000-0000-0000-000011000000 responded 200 in 1087.0424 ms
2026-07-30 16:32:35.605 +05:30 [INF] Received HTTP response headers after 740.69ms - 200
2026-07-30 16:32:35.605 +05:30 [INF] End processing HTTP request after 741.6453ms - 200
2026-07-30 16:32:35.606 +05:30 [INF] Start processing HTTP request GET https://grampower.atlassian.net/rest/api/3/issue/FIT-17/comment
2026-07-30 16:32:35.606 +05:30 [INF] Sending HTTP request GET https://grampower.atlassian.net/rest/api/3/issue/FIT-17/comment
2026-07-30 16:32:35.926 +05:30 [INF] Received HTTP response headers after 319.8421ms - 200
2026-07-30 16:32:35.926 +05:30 [INF] End processing HTTP request after 320.4255ms - 200
2026-07-30 16:32:35.927 +05:30 [INF] Start processing HTTP request GET https://grampower.atlassian.net/rest/api/3/issue/FIT-17/transitions
2026-07-30 16:32:35.927 +05:30 [INF] Sending HTTP request GET https://grampower.atlassian.net/rest/api/3/issue/FIT-17/transitions
2026-07-30 16:32:36.210 +05:30 [INF] Received HTTP response headers after 283.4413ms - 200
2026-07-30 16:32:36.211 +05:30 [INF] End processing HTTP request after 284.0646ms - 200
2026-07-30 16:32:36.211 +05:30 [INF] HTTP GET /api/issues/00000000-0000-0000-0000-000011000000/transitions responded 200 in 2223.1087 ms
2026-07-30 16:32:55.281 +05:30 [INF] Start processing HTTP request GET https://grampower.atlassian.net/rest/api/3/issue/FIT-17?*
2026-07-30 16:32:55.285 +05:30 [INF] Sending HTTP request GET https://grampower.atlassian.net/rest/api/3/issue/FIT-17?*
2026-07-30 16:32:55.742 +05:30 [INF] Received HTTP response headers after 456.5172ms - 200
2026-07-30 16:32:55.743 +05:30 [INF] End processing HTTP request after 461.5015ms - 200
2026-07-30 16:32:55.744 +05:30 [INF] Start processing HTTP request GET https://grampower.atlassian.net/rest/api/3/issue/FIT-17?*
2026-07-30 16:32:55.744 +05:30 [INF] Sending HTTP request GET https://grampower.atlassian.net/rest/api/3/issue/FIT-17?*
2026-07-30 16:32:56.131 +05:30 [INF] Received HTTP response headers after 386.2088ms - 200
2026-07-30 16:32:56.131 +05:30 [INF] End processing HTTP request after 387.0297ms - 200
2026-07-30 16:32:56.131 +05:30 [INF] Start processing HTTP request GET https://grampower.atlassian.net/rest/api/3/issue/FIT-17/comment
2026-07-30 16:32:56.131 +05:30 [INF] Sending HTTP request GET https://grampower.atlassian.net/rest/api/3/issue/FIT-17/comment
2026-07-30 16:32:56.477 +05:30 [INF] Received HTTP response headers after 346.1ms - 200
2026-07-30 16:32:56.478 +05:30 [INF] End processing HTTP request after 346.7581ms - 200
2026-07-30 16:32:56.479 +05:30 [INF] Start processing HTTP request POST https://grampower.atlassian.net/rest/api/3/issue/FIT-17/transitions
2026-07-30 16:32:56.479 +05:30 [INF] Sending HTTP request POST https://grampower.atlassian.net/rest/api/3/issue/FIT-17/transitions
2026-07-30 16:32:57.314 +05:30 [INF] Received HTTP response headers after 834.1292ms - 204
2026-07-30 16:32:57.314 +05:30 [INF] End processing HTTP request after 834.9321ms - 204
2026-07-30 16:32:57.315 +05:30 [INF] HTTP POST /api/issues/00000000-0000-0000-0000-000011000000/transition responded 204 in 2037.5803 ms
2026-07-30 16:32:58.397 +05:30 [INF] Start processing HTTP request GET https://grampower.atlassian.net/rest/api/3/issue/FIT-17?*
2026-07-30 16:32:58.397 +05:30 [INF] Sending HTTP request GET https://grampower.atlassian.net/rest/api/3/issue/FIT-17?*
2026-07-30 16:32:58.397 +05:30 [INF] Start processing HTTP request GET https://grampower.atlassian.net/rest/api/3/issue/FIT-17?*
2026-07-30 16:32:58.397 +05:30 [INF] Sending HTTP request GET https://grampower.atlassian.net/rest/api/3/issue/FIT-17?*
2026-07-30 16:32:58.772 +05:30 [INF] Received HTTP response headers after 374.0722ms - 200
2026-07-30 16:32:58.772 +05:30 [INF] End processing HTTP request after 374.5845ms - 200
2026-07-30 16:32:58.888 +05:30 [INF] Received HTTP response headers after 491.1216ms - 200
2026-07-30 16:32:58.889 +05:30 [INF] End processing HTTP request after 491.887ms - 200
2026-07-30 16:32:58.889 +05:30 [INF] Start processing HTTP request GET https://grampower.atlassian.net/rest/api/3/issue/FIT-17?*
2026-07-30 16:32:58.890 +05:30 [INF] Sending HTTP request GET https://grampower.atlassian.net/rest/api/3/issue/FIT-17?*
2026-07-30 16:32:58.899 +05:30 [INF] Start processing HTTP request GET https://grampower.atlassian.net/rest/api/3/issue/FIT-17?*
2026-07-30 16:32:58.899 +05:30 [INF] Sending HTTP request GET https://grampower.atlassian.net/rest/api/3/issue/FIT-17?*
2026-07-30 16:32:59.171 +05:30 [INF] Received HTTP response headers after 272.0424ms - 200
2026-07-30 16:32:59.172 +05:30 [INF] End processing HTTP request after 272.9397ms - 200
2026-07-30 16:32:59.173 +05:30 [INF] Start processing HTTP request GET https://grampower.atlassian.net/rest/api/3/issue/FIT-17/comment
2026-07-30 16:32:59.173 +05:30 [INF] Sending HTTP request GET https://grampower.atlassian.net/rest/api/3/issue/FIT-17/comment
2026-07-30 16:32:59.238 +05:30 [INF] Received HTTP response headers after 347.9415ms - 200
2026-07-30 16:32:59.238 +05:30 [INF] End processing HTTP request after 348.5665ms - 200
2026-07-30 16:32:59.238 +05:30 [INF] Start processing HTTP request GET https://grampower.atlassian.net/rest/api/3/issue/FIT-17/comment
2026-07-30 16:32:59.239 +05:30 [INF] Sending HTTP request GET https://grampower.atlassian.net/rest/api/3/issue/FIT-17/comment
2026-07-30 16:32:59.501 +05:30 [INF] Received HTTP response headers after 328.1687ms - 200
2026-07-30 16:32:59.501 +05:30 [INF] End processing HTTP request after 328.8265ms - 200
2026-07-30 16:32:59.502 +05:30 [INF] HTTP GET /api/issues/00000000-0000-0000-0000-000011000000 responded 200 in 1106.3050 ms
2026-07-30 16:33:00.005 +05:30 [INF] Received HTTP response headers after 765.9877ms - 200
2026-07-30 16:33:00.005 +05:30 [INF] End processing HTTP request after 766.6464ms - 200
2026-07-30 16:33:00.006 +05:30 [INF] Start processing HTTP request GET https://grampower.atlassian.net/rest/api/3/issue/FIT-17/transitions
2026-07-30 16:33:00.006 +05:30 [INF] Sending HTTP request GET https://grampower.atlassian.net/rest/api/3/issue/FIT-17/transitions
2026-07-30 16:33:00.759 +05:30 [INF] Received HTTP response headers after 753.0406ms - 200
2026-07-30 16:33:00.759 +05:30 [INF] End processing HTTP request after 753.697ms - 200
2026-07-30 16:33:00.760 +05:30 [INF] HTTP GET /api/issues/00000000-0000-0000-0000-000011000000/transitions responded 200 in 2363.0108 ms
2026-07-30 16:33:00.776 +05:30 [INF] Start processing HTTP request GET https://grampower.atlassian.net/rest/api/3/issue/FIT-17?*
2026-07-30 16:33:00.777 +05:30 [INF] Sending HTTP request GET https://grampower.atlassian.net/rest/api/3/issue/FIT-17?*
2026-07-30 16:33:01.148 +05:30 [INF] Received HTTP response headers after 371.4259ms - 200
2026-07-30 16:33:01.149 +05:30 [INF] End processing HTTP request after 372.2325ms - 200
2026-07-30 16:33:01.176 +05:30 [INF] Start processing HTTP request GET https://grampower.atlassian.net/rest/api/3/issue/FIT-17?*
2026-07-30 16:33:01.177 +05:30 [INF] Sending HTTP request GET https://grampower.atlassian.net/rest/api/3/issue/FIT-17?*
2026-07-30 16:33:01.911 +05:30 [INF] Received HTTP response headers after 734.4236ms - 200
2026-07-30 16:33:01.911 +05:30 [INF] End processing HTTP request after 735.1037ms - 200
2026-07-30 16:33:01.912 +05:30 [INF] Start processing HTTP request GET https://grampower.atlassian.net/rest/api/3/issue/FIT-17/comment
2026-07-30 16:33:01.912 +05:30 [INF] Sending HTTP request GET https://grampower.atlassian.net/rest/api/3/issue/FIT-17/comment
2026-07-30 16:33:02.617 +05:30 [INF] Received HTTP response headers after 704.6783ms - 200
2026-07-30 16:33:02.617 +05:30 [INF] End processing HTTP request after 705.2946ms - 200
2026-07-30 16:33:02.618 +05:30 [INF] Start processing HTTP request GET https://grampower.atlassian.net/rest/api/3/issue/FIT-17/transitions
2026-07-30 16:33:02.618 +05:30 [INF] Sending HTTP request GET https://grampower.atlassian.net/rest/api/3/issue/FIT-17/transitions
2026-07-30 16:33:02.964 +05:30 [INF] Received HTTP response headers after 346.3259ms - 200
2026-07-30 16:33:02.965 +05:30 [INF] End processing HTTP request after 347.0028ms - 200
2026-07-30 16:33:02.965 +05:30 [INF] HTTP GET /api/issues/00000000-0000-0000-0000-000011000000/transitions responded 200 in 2189.6180 ms
2026-07-30 16:33:24.853 +05:30 [INF] Start processing HTTP request GET https://grampower.atlassian.net/rest/api/3/search/jql?*
2026-07-30 16:33:24.854 +05:30 [INF] Sending HTTP request GET https://grampower.atlassian.net/rest/api/3/search/jql?*
2026-07-30 16:33:25.630 +05:30 [INF] Received HTTP response headers after 775.877ms - 200
2026-07-30 16:33:25.630 +05:30 [INF] End processing HTTP request after 776.7788ms - 200
2026-07-30 16:33:25.664 +05:30 [INF] HTTP GET /api/dashboard responded 200 in 811.2570 ms
2026-07-30 16:38:57.785 +05:30 [INF] Start processing HTTP request GET https://grampower.atlassian.net/rest/api/3/search/jql?*
2026-07-30 16:38:57.786 +05:30 [INF] Sending HTTP request GET https://grampower.atlassian.net/rest/api/3/search/jql?*
2026-07-30 16:38:58.818 +05:30 [INF] Received HTTP response headers after 1031.24ms - 200
2026-07-30 16:38:58.818 +05:30 [INF] End processing HTTP request after 1032.7735ms - 200
2026-07-30 16:38:58.909 +05:30 [INF] HTTP GET /api/dashboard responded 200 in 1131.8255 ms
2026-07-30 16:39:08.006 +05:30 [INF] Start processing HTTP request GET https://grampower.atlassian.net/rest/api/3/issue/createmeta/FIT/issuetypes
2026-07-30 16:39:08.007 +05:30 [INF] Sending HTTP request GET https://grampower.atlassian.net/rest/api/3/issue/createmeta/FIT/issuetypes
2026-07-30 16:39:08.012 +05:30 [INF] Start processing HTTP request GET https://grampower.atlassian.net/rest/api/3/issue/createmeta/FIT/issuetypes/11333
2026-07-30 16:39:08.012 +05:30 [INF] Start processing HTTP request GET https://grampower.atlassian.net/rest/api/3/priority
2026-07-30 16:39:08.013 +05:30 [INF] Sending HTTP request GET https://grampower.atlassian.net/rest/api/3/issue/createmeta/FIT/issuetypes/11333
2026-07-30 16:39:08.013 +05:30 [INF] Sending HTTP request GET https://grampower.atlassian.net/rest/api/3/priority
2026-07-30 16:39:08.333 +05:30 [INF] Received HTTP response headers after 325.2925ms - 200
2026-07-30 16:39:08.333 +05:30 [INF] End processing HTTP request after 326.5827ms - 200
2026-07-30 16:39:08.333 +05:30 [INF] HTTP GET /api/jira/issue-types responded 200 in 327.8086 ms
2026-07-30 16:39:08.395 +05:30 [INF] Received HTTP response headers after 381.6827ms - 200
2026-07-30 16:39:08.395 +05:30 [INF] End processing HTTP request after 382.5565ms - 200
2026-07-30 16:39:08.396 +05:30 [INF] HTTP GET /api/jira/priorities responded 200 in 385.5347 ms
2026-07-30 16:39:09.066 +05:30 [INF] Received HTTP response headers after 1053.0117ms - 200
2026-07-30 16:39:09.067 +05:30 [INF] End processing HTTP request after 1053.8982ms - 200
2026-07-30 16:39:09.070 +05:30 [INF] HTTP GET /api/jira/field-options responded 200 in 1060.7868 ms
2026-07-30 16:39:10.636 +05:30 [INF] Start processing HTTP request GET https://grampower.atlassian.net/rest/api/3/search/jql?*
2026-07-30 16:39:10.636 +05:30 [INF] Sending HTTP request GET https://grampower.atlassian.net/rest/api/3/search/jql?*
2026-07-30 16:39:11.179 +05:30 [INF] Received HTTP response headers after 538.2771ms - 200
2026-07-30 16:39:11.179 +05:30 [INF] End processing HTTP request after 542.9425ms - 200
2026-07-30 16:39:11.377 +05:30 [INF] HTTP GET /api/issues responded 200 in 746.7211 ms
2026-07-30 16:39:53.643 +05:30 [INF] Start processing HTTP request GET https://grampower.atlassian.net/rest/api/3/priority
2026-07-30 16:39:53.643 +05:30 [INF] Start processing HTTP request GET https://grampower.atlassian.net/rest/api/3/issue/createmeta/FIT/issuetypes
2026-07-30 16:39:53.644 +05:30 [INF] Sending HTTP request GET https://grampower.atlassian.net/rest/api/3/priority
2026-07-30 16:39:53.644 +05:30 [INF] Sending HTTP request GET https://grampower.atlassian.net/rest/api/3/issue/createmeta/FIT/issuetypes
2026-07-30 16:39:53.654 +05:30 [INF] Start processing HTTP request GET https://grampower.atlassian.net/rest/api/3/issue/createmeta/FIT/issuetypes/11333
2026-07-30 16:39:53.655 +05:30 [INF] Sending HTTP request GET https://grampower.atlassian.net/rest/api/3/issue/createmeta/FIT/issuetypes/11333
2026-07-30 16:39:53.900 +05:30 [INF] Received HTTP response headers after 255.2052ms - 200
2026-07-30 16:39:53.900 +05:30 [INF] End processing HTTP request after 257.6227ms - 200
2026-07-30 16:39:53.905 +05:30 [INF] HTTP GET /api/jira/priorities responded 200 in 265.2628 ms
2026-07-30 16:39:53.976 +05:30 [INF] Received HTTP response headers after 331.3732ms - 200
2026-07-30 16:39:53.976 +05:30 [INF] End processing HTTP request after 333.5716ms - 200
2026-07-30 16:39:53.976 +05:30 [INF] HTTP GET /api/jira/issue-types responded 200 in 336.4232 ms
2026-07-30 16:39:54.151 +05:30 [INF] Received HTTP response headers after 495.9158ms - 200
2026-07-30 16:39:54.151 +05:30 [INF] End processing HTTP request after 496.7947ms - 200
2026-07-30 16:39:54.152 +05:30 [INF] HTTP GET /api/jira/field-options responded 200 in 504.9753 ms
2026-07-30 16:40:35.123 +05:30 [INF] Application is shutting down...
2026-07-30 16:40:41.363 +05:30 [WRN] The WebRootPath was not found: /Users/lalit.tak/Documents/Workspace/FIT/src/FIT.API/wwwroot. Static files may be unavailable.
2026-07-30 16:40:41.453 +05:30 [INF] Now listening on: http://localhost:5062
2026-07-30 16:40:41.454 +05:30 [INF] Application started. Press Ctrl+C to shut down.
2026-07-30 16:40:41.454 +05:30 [INF] Hosting environment: Production
2026-07-30 16:40:41.454 +05:30 [INF] Content root path: /Users/lalit.tak/Documents/Workspace/FIT/src/FIT.API
2026-07-30 16:41:01.642 +05:30 [INF] HTTP GET /api/users responded 200 in 130.3532 ms
2026-07-30 16:41:30.360 +05:30 [INF] HTTP POST /api/auth/login responded 200 in 44.1798 ms
2026-07-30 16:41:30.481 +05:30 [INF] Start processing HTTP request GET https://grampower.atlassian.net/rest/api/3/search/jql?*
2026-07-30 16:41:30.482 +05:30 [INF] Sending HTTP request GET https://grampower.atlassian.net/rest/api/3/search/jql?*
2026-07-30 16:41:31.915 +05:30 [INF] Received HTTP response headers after 1428.4051ms - 200
2026-07-30 16:41:31.921 +05:30 [INF] End processing HTTP request after 1442.0195ms - 200
2026-07-30 16:41:32.116 +05:30 [INF] HTTP GET /api/dashboard responded 200 in 1670.2075 ms
2026-07-30 16:42:20.830 +05:30 [INF] HTTP POST /api/issues responded 403 in 8.9456 ms
2026-07-30 16:42:27.683 +05:30 [INF] HTTP POST /api/issues responded 403 in 0.6811 ms
2026-07-30 16:42:36.609 +05:30 [INF] HTTP POST /api/issues responded 403 in 0.7107 ms
2026-07-30 16:43:15.133 +05:30 [INF] HTTP POST /api/auth/login responded 401 in 2.5780 ms
2026-07-30 16:44:26.002 +05:30 [INF] Application is shutting down...
2026-07-30 16:44:28.523 +05:30 [WRN] The WebRootPath was not found: /Users/lalit.tak/Documents/Workspace/FIT/src/FIT.API/wwwroot. Static files may be unavailable.
2026-07-30 16:44:28.613 +05:30 [INF] Now listening on: http://localhost:5062
2026-07-30 16:44:28.614 +05:30 [INF] Application started. Press Ctrl+C to shut down.
2026-07-30 16:44:28.614 +05:30 [INF] Hosting environment: Production
2026-07-30 16:44:28.614 +05:30 [INF] Content root path: /Users/lalit.tak/Documents/Workspace/FIT/src/FIT.API
2026-07-30 16:44:43.799 +05:30 [INF] Start processing HTTP request POST https://grampower.atlassian.net/rest/api/3/issue
2026-07-30 16:44:43.801 +05:30 [INF] Sending HTTP request POST https://grampower.atlassian.net/rest/api/3/issue
2026-07-30 16:44:45.678 +05:30 [INF] Received HTTP response headers after 1873.7686ms - 201
2026-07-30 16:44:45.692 +05:30 [INF] End processing HTTP request after 1894.8369ms - 201
2026-07-30 16:44:45.699 +05:30 [INF] Start processing HTTP request PUT https://grampower.atlassian.net/rest/api/3/issue/FIT-18
2026-07-30 16:44:45.699 +05:30 [INF] Sending HTTP request PUT https://grampower.atlassian.net/rest/api/3/issue/FIT-18
2026-07-30 16:44:46.260 +05:30 [INF] Received HTTP response headers after 559.9383ms - 204
2026-07-30 16:44:46.260 +05:30 [INF] End processing HTTP request after 560.7984ms - 204
2026-07-30 16:44:46.266 +05:30 [INF] Start processing HTTP request GET https://grampower.atlassian.net/rest/api/3/issue/FIT-18?*
2026-07-30 16:44:46.266 +05:30 [INF] Sending HTTP request GET https://grampower.atlassian.net/rest/api/3/issue/FIT-18?*
2026-07-30 16:44:47.236 +05:30 [INF] Received HTTP response headers after 969.6573ms - 200
2026-07-30 16:44:47.237 +05:30 [INF] End processing HTTP request after 971.305ms - 200
2026-07-30 16:44:47.253 +05:30 [INF] Start processing HTTP request GET https://grampower.atlassian.net/rest/api/3/issue/FIT-18?*
2026-07-30 16:44:47.253 +05:30 [INF] Sending HTTP request GET https://grampower.atlassian.net/rest/api/3/issue/FIT-18?*
2026-07-30 16:44:47.974 +05:30 [INF] Received HTTP response headers after 720.2771ms - 200
2026-07-30 16:44:47.974 +05:30 [INF] End processing HTTP request after 721.6496ms - 200
2026-07-30 16:44:47.977 +05:30 [INF] Start processing HTTP request GET https://grampower.atlassian.net/rest/api/3/issue/FIT-18/comment
2026-07-30 16:44:47.978 +05:30 [INF] Sending HTTP request GET https://grampower.atlassian.net/rest/api/3/issue/FIT-18/comment
2026-07-30 16:44:48.691 +05:30 [INF] Received HTTP response headers after 712.7966ms - 200
2026-07-30 16:44:48.691 +05:30 [INF] End processing HTTP request after 713.9791ms - 200
2026-07-30 16:44:48.765 +05:30 [INF] HTTP POST /api/issues responded 201 in 5165.3726 ms
2026-07-30 16:44:48.797 +05:30 [INF] Start processing HTTP request GET https://grampower.atlassian.net/rest/api/3/issue/FIT-18?*
2026-07-30 16:44:48.798 +05:30 [INF] Sending HTTP request GET https://grampower.atlassian.net/rest/api/3/issue/FIT-18?*
2026-07-30 16:44:49.611 +05:30 [INF] Received HTTP response headers after 813.1004ms - 200
2026-07-30 16:44:49.611 +05:30 [INF] End processing HTTP request after 814.2045ms - 200
2026-07-30 16:44:49.632 +05:30 [INF] Uploading attachment 4CE514B6M7_15_19_01_GARUD_1PH_IMG_PROV_RESULT.xlsx to Jira FIT-18
2026-07-30 16:44:49.637 +05:30 [INF] Start processing HTTP request POST https://grampower.atlassian.net/rest/api/3/issue/FIT-18/attachments
2026-07-30 16:44:49.638 +05:30 [INF] Sending HTTP request POST https://grampower.atlassian.net/rest/api/3/issue/FIT-18/attachments
2026-07-30 16:44:51.023 +05:30 [INF] Received HTTP response headers after 1385.361ms - 200
2026-07-30 16:44:51.024 +05:30 [INF] End processing HTTP request after 1386.4127ms - 200
2026-07-30 16:44:51.024 +05:30 [INF] Attachment uploaded to Jira FIT-18: 52430
2026-07-30 16:44:51.026 +05:30 [INF] HTTP POST /api/issues/00000000-0000-0000-0000-000012000000/attachments responded 204 in 2243.4245 ms
2026-07-30 16:44:51.356 +05:30 [INF] Start processing HTTP request GET https://grampower.atlassian.net/rest/api/3/search/jql?*
2026-07-30 16:44:51.356 +05:30 [INF] Sending HTTP request GET https://grampower.atlassian.net/rest/api/3/search/jql?*
2026-07-30 16:44:52.017 +05:30 [INF] Received HTTP response headers after 661.2063ms - 200
2026-07-30 16:44:52.018 +05:30 [INF] End processing HTTP request after 662.1884ms - 200
2026-07-30 16:44:52.084 +05:30 [INF] HTTP GET /api/issues responded 200 in 800.4526 ms
2026-07-30 16:44:56.045 +05:30 [INF] Start processing HTTP request GET https://grampower.atlassian.net/rest/api/3/issue/FIT-18?*
2026-07-30 16:44:56.045 +05:30 [INF] Start processing HTTP request GET https://grampower.atlassian.net/rest/api/3/issue/FIT-18?*
2026-07-30 16:44:56.045 +05:30 [INF] Sending HTTP request GET https://grampower.atlassian.net/rest/api/3/issue/FIT-18?*
2026-07-30 16:44:56.045 +05:30 [INF] Sending HTTP request GET https://grampower.atlassian.net/rest/api/3/issue/FIT-18?*
2026-07-30 16:44:56.497 +05:30 [INF] Received HTTP response headers after 451.7467ms - 200
2026-07-30 16:44:56.498 +05:30 [INF] End processing HTTP request after 453.369ms - 200
2026-07-30 16:44:56.568 +05:30 [INF] Start processing HTTP request GET https://grampower.atlassian.net/rest/api/3/issue/FIT-18?*
2026-07-30 16:44:56.568 +05:30 [INF] Sending HTTP request GET https://grampower.atlassian.net/rest/api/3/issue/FIT-18?*
2026-07-30 16:44:56.682 +05:30 [INF] Received HTTP response headers after 636.5845ms - 200
2026-07-30 16:44:56.682 +05:30 [INF] End processing HTTP request after 637.34ms - 200
2026-07-30 16:44:56.683 +05:30 [INF] Start processing HTTP request GET https://grampower.atlassian.net/rest/api/3/issue/FIT-18?*
2026-07-30 16:44:56.683 +05:30 [INF] Sending HTTP request GET https://grampower.atlassian.net/rest/api/3/issue/FIT-18?*
2026-07-30 16:44:56.976 +05:30 [INF] Received HTTP response headers after 293.1414ms - 200
2026-07-30 16:44:56.977 +05:30 [INF] End processing HTTP request after 294.1312ms - 200
2026-07-30 16:44:56.982 +05:30 [INF] Start processing HTTP request GET https://grampower.atlassian.net/rest/api/3/issue/FIT-18/comment
2026-07-30 16:44:56.982 +05:30 [INF] Sending HTTP request GET https://grampower.atlassian.net/rest/api/3/issue/FIT-18/comment
2026-07-30 16:44:57.252 +05:30 [INF] Received HTTP response headers after 270.3167ms - 200
2026-07-30 16:44:57.253 +05:30 [INF] End processing HTTP request after 271.4199ms - 200
2026-07-30 16:44:57.260 +05:30 [INF] Start processing HTTP request GET https://grampower.atlassian.net/rest/api/3/issue/FIT-18/transitions
2026-07-30 16:44:57.260 +05:30 [INF] Sending HTTP request GET https://grampower.atlassian.net/rest/api/3/issue/FIT-18/transitions
2026-07-30 16:44:57.281 +05:30 [INF] Received HTTP response headers after 712.5072ms - 200
2026-07-30 16:44:57.281 +05:30 [INF] End processing HTTP request after 713.1703ms - 200
2026-07-30 16:44:57.283 +05:30 [INF] Start processing HTTP request GET https://grampower.atlassian.net/rest/api/3/issue/FIT-18/comment
2026-07-30 16:44:57.283 +05:30 [INF] Sending HTTP request GET https://grampower.atlassian.net/rest/api/3/issue/FIT-18/comment
2026-07-30 16:44:58.066 +05:30 [INF] Received HTTP response headers after 783.5796ms - 200
2026-07-30 16:44:58.066 +05:30 [INF] Received HTTP response headers after 806.3184ms - 200
2026-07-30 16:44:58.067 +05:30 [INF] End processing HTTP request after 784.5061ms - 200
2026-07-30 16:44:58.067 +05:30 [INF] End processing HTTP request after 807.4964ms - 200
2026-07-30 16:44:58.072 +05:30 [INF] HTTP GET /api/issues/00000000-0000-0000-0000-000012000000 responded 200 in 2048.3753 ms
2026-07-30 16:44:58.072 +05:30 [INF] HTTP GET /api/issues/00000000-0000-0000-0000-000012000000/transitions responded 200 in 2037.2610 ms
2026-07-30 16:46:30.514 +05:30 [INF] Application is shutting down...
2026-07-30 16:46:33.246 +05:30 [WRN] The WebRootPath was not found: /Users/lalit.tak/Documents/Workspace/FIT/src/FIT.API/wwwroot. Static files may be unavailable.
2026-07-30 16:46:33.338 +05:30 [INF] Now listening on: http://localhost:5062
2026-07-30 16:46:33.339 +05:30 [INF] Application started. Press Ctrl+C to shut down.
2026-07-30 16:46:33.340 +05:30 [INF] Hosting environment: Production
2026-07-30 16:46:33.340 +05:30 [INF] Content root path: /Users/lalit.tak/Documents/Workspace/FIT/src/FIT.API
2026-07-30 16:46:50.972 +05:30 [INF] Start processing HTTP request GET https://grampower.atlassian.net/rest/api/3/search/jql?*
2026-07-30 16:46:50.973 +05:30 [INF] Sending HTTP request GET https://grampower.atlassian.net/rest/api/3/search/jql?*
2026-07-30 16:46:52.113 +05:30 [INF] Received HTTP response headers after 1136.9653ms - 200
2026-07-30 16:46:52.130 +05:30 [INF] End processing HTTP request after 1159.7148ms - 200
2026-07-30 16:46:52.374 +05:30 [INF] HTTP GET /api/dashboard responded 200 in 1500.1179 ms
2026-07-30 16:47:14.265 +05:30 [INF] Start processing HTTP request POST https://grampower.atlassian.net/rest/api/3/issue
2026-07-30 16:47:14.267 +05:30 [INF] Sending HTTP request POST https://grampower.atlassian.net/rest/api/3/issue
2026-07-30 16:47:15.296 +05:30 [INF] Received HTTP response headers after 1029.5495ms - 201
2026-07-30 16:47:15.297 +05:30 [INF] End processing HTTP request after 1031.8001ms - 201
2026-07-30 16:47:15.303 +05:30 [INF] Start processing HTTP request PUT https://grampower.atlassian.net/rest/api/3/issue/FIT-19
2026-07-30 16:47:15.304 +05:30 [INF] Sending HTTP request PUT https://grampower.atlassian.net/rest/api/3/issue/FIT-19
2026-07-30 16:47:16.432 +05:30 [INF] Received HTTP response headers after 1128.1828ms - 204
2026-07-30 16:47:16.436 +05:30 [INF] End processing HTTP request after 1132.0974ms - 204
2026-07-30 16:47:16.445 +05:30 [INF] Start processing HTTP request GET https://grampower.atlassian.net/rest/api/3/issue/FIT-19?*
2026-07-30 16:47:16.446 +05:30 [INF] Sending HTTP request GET https://grampower.atlassian.net/rest/api/3/issue/FIT-19?*
2026-07-30 16:47:17.221 +05:30 [INF] Received HTTP response headers after 775.2806ms - 200
2026-07-30 16:47:17.222 +05:30 [INF] End processing HTTP request after 776.9605ms - 200
2026-07-30 16:47:17.238 +05:30 [INF] Start processing HTTP request GET https://grampower.atlassian.net/rest/api/3/issue/FIT-19?*
2026-07-30 16:47:17.238 +05:30 [INF] Sending HTTP request GET https://grampower.atlassian.net/rest/api/3/issue/FIT-19?*
2026-07-30 16:47:17.976 +05:30 [INF] Received HTTP response headers after 738.0569ms - 200
2026-07-30 16:47:17.977 +05:30 [INF] End processing HTTP request after 739.3683ms - 200
2026-07-30 16:47:17.981 +05:30 [INF] Start processing HTTP request GET https://grampower.atlassian.net/rest/api/3/issue/FIT-19/comment
2026-07-30 16:47:17.982 +05:30 [INF] Sending HTTP request GET https://grampower.atlassian.net/rest/api/3/issue/FIT-19/comment
2026-07-30 16:47:18.263 +05:30 [INF] Received HTTP response headers after 280.8688ms - 200
2026-07-30 16:47:18.264 +05:30 [INF] End processing HTTP request after 282.1944ms - 200
2026-07-30 16:47:18.318 +05:30 [INF] HTTP POST /api/issues responded 201 in 4161.2704 ms
2026-07-30 16:47:18.505 +05:30 [INF] Start processing HTTP request GET https://grampower.atlassian.net/rest/api/3/search/jql?*
2026-07-30 16:47:18.505 +05:30 [INF] Sending HTTP request GET https://grampower.atlassian.net/rest/api/3/search/jql?*
2026-07-30 16:47:18.984 +05:30 [INF] Received HTTP response headers after 478.9033ms - 200
2026-07-30 16:47:18.984 +05:30 [INF] End processing HTTP request after 479.4941ms - 200
2026-07-30 16:47:19.160 +05:30 [INF] HTTP GET /api/issues responded 200 in 686.9683 ms
2026-07-30 16:47:56.849 +05:30 [INF] Start processing HTTP request GET https://grampower.atlassian.net/rest/api/3/search/jql?*
2026-07-30 16:47:56.850 +05:30 [INF] Sending HTTP request GET https://grampower.atlassian.net/rest/api/3/search/jql?*
2026-07-30 16:47:57.746 +05:30 [INF] Received HTTP response headers after 895.6268ms - 200
2026-07-30 16:47:57.746 +05:30 [INF] End processing HTTP request after 897.1555ms - 200
2026-07-30 16:47:57.947 +05:30 [INF] HTTP GET /api/issues responded 200 in 1128.4571 ms
2026-07-30 16:48:38.947 +05:30 [INF] Start processing HTTP request POST https://grampower.atlassian.net/rest/api/3/issue
2026-07-30 16:48:38.947 +05:30 [INF] Sending HTTP request POST https://grampower.atlassian.net/rest/api/3/issue
2026-07-30 16:48:40.100 +05:30 [INF] Received HTTP response headers after 1152.2992ms - 201
2026-07-30 16:48:40.100 +05:30 [INF] End processing HTTP request after 1153.4659ms - 201
2026-07-30 16:48:40.102 +05:30 [INF] Start processing HTTP request PUT https://grampower.atlassian.net/rest/api/3/issue/FIT-20
2026-07-30 16:48:40.103 +05:30 [INF] Sending HTTP request PUT https://grampower.atlassian.net/rest/api/3/issue/FIT-20
2026-07-30 16:48:40.800 +05:30 [INF] Received HTTP response headers after 697.4936ms - 204
2026-07-30 16:48:40.801 +05:30 [INF] End processing HTTP request after 698.1674ms - 204
2026-07-30 16:48:40.801 +05:30 [INF] Start processing HTTP request GET https://grampower.atlassian.net/rest/api/3/issue/FIT-20?*
2026-07-30 16:48:40.801 +05:30 [INF] Sending HTTP request GET https://grampower.atlassian.net/rest/api/3/issue/FIT-20?*
2026-07-30 16:48:41.596 +05:30 [INF] Received HTTP response headers after 794.392ms - 200
2026-07-30 16:48:41.596 +05:30 [INF] End processing HTTP request after 795.2582ms - 200
2026-07-30 16:48:41.601 +05:30 [INF] Start processing HTTP request GET https://grampower.atlassian.net/rest/api/3/issue/FIT-20?*
2026-07-30 16:48:41.601 +05:30 [INF] Sending HTTP request GET https://grampower.atlassian.net/rest/api/3/issue/FIT-20?*
2026-07-30 16:48:41.924 +05:30 [INF] Received HTTP response headers after 322.4271ms - 200
2026-07-30 16:48:41.924 +05:30 [INF] End processing HTTP request after 323.5759ms - 200
2026-07-30 16:48:41.925 +05:30 [INF] Start processing HTTP request GET https://grampower.atlassian.net/rest/api/3/issue/FIT-20/comment
2026-07-30 16:48:41.925 +05:30 [INF] Sending HTTP request GET https://grampower.atlassian.net/rest/api/3/issue/FIT-20/comment
2026-07-30 16:48:42.227 +05:30 [INF] Received HTTP response headers after 301.7597ms - 200
2026-07-30 16:48:42.227 +05:30 [INF] End processing HTTP request after 302.4803ms - 200
2026-07-30 16:48:42.231 +05:30 [INF] HTTP POST /api/issues responded 201 in 3291.3290 ms
2026-07-30 16:48:42.270 +05:30 [INF] Start processing HTTP request GET https://grampower.atlassian.net/rest/api/3/issue/FIT-20?*
2026-07-30 16:48:42.270 +05:30 [INF] Sending HTTP request GET https://grampower.atlassian.net/rest/api/3/issue/FIT-20?*
2026-07-30 16:48:42.647 +05:30 [INF] Received HTTP response headers after 376.6196ms - 200
2026-07-30 16:48:42.647 +05:30 [INF] End processing HTTP request after 377.2724ms - 200
2026-07-30 16:48:42.649 +05:30 [INF] Uploading attachment 4CE514B6M7_15_19_01_GARUD_1PH_IMG_PROV_RESULT.xlsx to Jira FIT-20
2026-07-30 16:48:42.652 +05:30 [INF] Start processing HTTP request POST https://grampower.atlassian.net/rest/api/3/issue/FIT-20/attachments
2026-07-30 16:48:42.653 +05:30 [INF] Sending HTTP request POST https://grampower.atlassian.net/rest/api/3/issue/FIT-20/attachments
2026-07-30 16:48:44.078 +05:30 [INF] Received HTTP response headers after 1425.1067ms - 200
2026-07-30 16:48:44.078 +05:30 [INF] End processing HTTP request after 1425.6788ms - 200
2026-07-30 16:48:44.079 +05:30 [INF] Attachment uploaded to Jira FIT-20: 52431
2026-07-30 16:48:44.085 +05:30 [INF] HTTP POST /api/issues/00000000-0000-0000-0000-000014000000/attachments responded 204 in 1833.9609 ms
2026-07-30 16:48:44.249 +05:30 [INF] Start processing HTTP request GET https://grampower.atlassian.net/rest/api/3/search/jql?*
2026-07-30 16:48:44.249 +05:30 [INF] Sending HTTP request GET https://grampower.atlassian.net/rest/api/3/search/jql?*
2026-07-30 16:48:45.155 +05:30 [INF] Received HTTP response headers after 905.6845ms - 200
2026-07-30 16:48:45.156 +05:30 [INF] End processing HTTP request after 906.4256ms - 200
2026-07-30 16:48:45.376 +05:30 [INF] HTTP GET /api/issues responded 200 in 1134.5109 ms
2026-07-30 16:48:46.222 +05:30 [INF] Start processing HTTP request GET https://grampower.atlassian.net/rest/api/3/issue/FIT-20?*
2026-07-30 16:48:46.222 +05:30 [INF] Sending HTTP request GET https://grampower.atlassian.net/rest/api/3/issue/FIT-20?*
2026-07-30 16:48:46.222 +05:30 [INF] Start processing HTTP request GET https://grampower.atlassian.net/rest/api/3/issue/FIT-20?*
2026-07-30 16:48:46.222 +05:30 [INF] Sending HTTP request GET https://grampower.atlassian.net/rest/api/3/issue/FIT-20?*
2026-07-30 16:48:46.841 +05:30 [INF] Received HTTP response headers after 618.8873ms - 200
2026-07-30 16:48:46.842 +05:30 [INF] End processing HTTP request after 619.4787ms - 200
2026-07-30 16:48:46.871 +05:30 [INF] Start processing HTTP request GET https://grampower.atlassian.net/rest/api/3/issue/FIT-20?*
2026-07-30 16:48:46.872 +05:30 [INF] Sending HTTP request GET https://grampower.atlassian.net/rest/api/3/issue/FIT-20?*
2026-07-30 16:48:47.255 +05:30 [INF] Received HTTP response headers after 382.56ms - 200
2026-07-30 16:48:47.255 +05:30 [INF] Received HTTP response headers after 1032.5434ms - 200
2026-07-30 16:48:47.255 +05:30 [INF] End processing HTTP request after 383.474ms - 200
2026-07-30 16:48:47.255 +05:30 [INF] End processing HTTP request after 1033.2516ms - 200
2026-07-30 16:48:47.256 +05:30 [INF] Start processing HTTP request GET https://grampower.atlassian.net/rest/api/3/issue/FIT-20?*
2026-07-30 16:48:47.257 +05:30 [INF] Sending HTTP request GET https://grampower.atlassian.net/rest/api/3/issue/FIT-20?*
2026-07-30 16:48:47.257 +05:30 [INF] Start processing HTTP request GET https://grampower.atlassian.net/rest/api/3/issue/FIT-20/comment
2026-07-30 16:48:47.258 +05:30 [INF] Sending HTTP request GET https://grampower.atlassian.net/rest/api/3/issue/FIT-20/comment
2026-07-30 16:48:47.543 +05:30 [INF] Received HTTP response headers after 286.1752ms - 200
2026-07-30 16:48:47.543 +05:30 [INF] End processing HTTP request after 286.7976ms - 200
2026-07-30 16:48:47.544 +05:30 [INF] Start processing HTTP request GET https://grampower.atlassian.net/rest/api/3/issue/FIT-20/comment
2026-07-30 16:48:47.544 +05:30 [INF] Sending HTTP request GET https://grampower.atlassian.net/rest/api/3/issue/FIT-20/comment
2026-07-30 16:48:48.049 +05:30 [INF] Received HTTP response headers after 791.3447ms - 200
2026-07-30 16:48:48.049 +05:30 [INF] End processing HTTP request after 792.124ms - 200
2026-07-30 16:48:48.055 +05:30 [INF] Start processing HTTP request GET https://grampower.atlassian.net/rest/api/3/issue/FIT-20/transitions
2026-07-30 16:48:48.055 +05:30 [INF] Sending HTTP request GET https://grampower.atlassian.net/rest/api/3/issue/FIT-20/transitions
2026-07-30 16:48:48.268 +05:30 [INF] Received HTTP response headers after 724.1864ms - 200
2026-07-30 16:48:48.269 +05:30 [INF] End processing HTTP request after 724.6294ms - 200
2026-07-30 16:48:48.273 +05:30 [INF] HTTP GET /api/issues/00000000-0000-0000-0000-000014000000 responded 200 in 2061.0174 ms
2026-07-30 16:48:48.982 +05:30 [INF] Received HTTP response headers after 926.6853ms - 200
2026-07-30 16:48:48.982 +05:30 [INF] End processing HTTP request after 927.5622ms - 200
2026-07-30 16:48:48.988 +05:30 [INF] HTTP GET /api/issues/00000000-0000-0000-0000-000014000000/transitions responded 200 in 2769.9971 ms
2026-07-30 16:49:41.979 +05:30 [INF] Start processing HTTP request GET https://grampower.atlassian.net/rest/api/3/search/jql?*
2026-07-30 16:49:41.980 +05:30 [INF] Sending HTTP request GET https://grampower.atlassian.net/rest/api/3/search/jql?*
2026-07-30 16:49:42.650 +05:30 [INF] Received HTTP response headers after 669.2623ms - 200
2026-07-30 16:49:42.650 +05:30 [INF] End processing HTTP request after 670.775ms - 200
2026-07-30 16:49:42.770 +05:30 [INF] HTTP GET /api/dashboard responded 200 in 808.9115 ms
2026-07-30 16:49:45.747 +05:30 [INF] Start processing HTTP request GET https://grampower.atlassian.net/rest/api/3/search/jql?*
2026-07-30 16:49:45.747 +05:30 [INF] Sending HTTP request GET https://grampower.atlassian.net/rest/api/3/search/jql?*
2026-07-30 16:49:46.308 +05:30 [INF] Received HTTP response headers after 560.3067ms - 200
2026-07-30 16:49:46.308 +05:30 [INF] End processing HTTP request after 560.8521ms - 200
2026-07-30 16:49:46.480 +05:30 [INF] HTTP GET /api/dashboard responded 200 in 734.7988 ms
2026-07-30 16:52:12.039 +05:30 [INF] HTTP POST /api/auth/login responded 200 in 36.5681 ms
2026-07-30 16:52:12.151 +05:30 [INF] Start processing HTTP request GET https://grampower.atlassian.net/rest/api/3/search/jql?*
2026-07-30 16:52:12.152 +05:30 [INF] Sending HTTP request GET https://grampower.atlassian.net/rest/api/3/search/jql?*
2026-07-30 16:52:13.492 +05:30 [INF] Received HTTP response headers after 1340.6513ms - 200
2026-07-30 16:52:13.493 +05:30 [INF] End processing HTTP request after 1341.8077ms - 200
2026-07-30 16:52:13.595 +05:30 [INF] HTTP GET /api/dashboard responded 200 in 1450.0496 ms
2026-07-30 16:52:16.814 +05:30 [INF] Start processing HTTP request GET https://grampower.atlassian.net/rest/api/3/priority
2026-07-30 16:52:16.814 +05:30 [INF] Start processing HTTP request GET https://grampower.atlassian.net/rest/api/3/issue/createmeta/FIT/issuetypes/11333
2026-07-30 16:52:16.814 +05:30 [INF] Sending HTTP request GET https://grampower.atlassian.net/rest/api/3/priority
2026-07-30 16:52:16.814 +05:30 [INF] Sending HTTP request GET https://grampower.atlassian.net/rest/api/3/issue/createmeta/FIT/issuetypes/11333
2026-07-30 16:52:16.815 +05:30 [INF] Start processing HTTP request GET https://grampower.atlassian.net/rest/api/3/issue/createmeta/FIT/issuetypes
2026-07-30 16:52:16.816 +05:30 [INF] Sending HTTP request GET https://grampower.atlassian.net/rest/api/3/issue/createmeta/FIT/issuetypes
2026-07-30 16:52:17.414 +05:30 [INF] Received HTTP response headers after 598.463ms - 200
2026-07-30 16:52:17.415 +05:30 [INF] End processing HTTP request after 599.5958ms - 200
2026-07-30 16:52:17.427 +05:30 [INF] HTTP GET /api/jira/issue-types responded 200 in 626.0976 ms
2026-07-30 16:52:17.467 +05:30 [INF] Received HTTP response headers after 653.1422ms - 200
2026-07-30 16:52:17.467 +05:30 [INF] End processing HTTP request after 653.6362ms - 200
2026-07-30 16:52:17.471 +05:30 [INF] HTTP GET /api/jira/field-options responded 200 in 670.8057 ms
2026-07-30 16:52:17.802 +05:30 [INF] Received HTTP response headers after 987.7133ms - 200
2026-07-30 16:52:17.803 +05:30 [INF] End processing HTTP request after 989.0428ms - 200
2026-07-30 16:52:17.806 +05:30 [INF] HTTP GET /api/jira/priorities responded 200 in 1005.1174 ms
2026-07-30 16:52:48.231 +05:30 [INF] HTTP POST /api/auth/login responded 200 in 2.8042 ms
2026-07-30 16:52:48.318 +05:30 [INF] Start processing HTTP request GET https://grampower.atlassian.net/rest/api/3/search/jql?*
2026-07-30 16:52:48.318 +05:30 [INF] Sending HTTP request GET https://grampower.atlassian.net/rest/api/3/search/jql?*
2026-07-30 16:52:48.891 +05:30 [INF] Received HTTP response headers after 572.0846ms - 200
2026-07-30 16:52:48.891 +05:30 [INF] End processing HTTP request after 573.1257ms - 200
2026-07-30 16:52:49.095 +05:30 [INF] HTTP GET /api/dashboard responded 200 in 779.2320 ms
2026-07-30 16:52:49.991 +05:30 [INF] HTTP GET /api/users responded 200 in 12.4578 ms
2026-07-30 16:53:02.492 +05:30 [INF] HTTP PUT /api/users/00000001-0000-0000-0000-000000000003/deactivate responded 204 in 11.9450 ms
2026-07-30 16:53:02.511 +05:30 [INF] HTTP GET /api/users responded 200 in 1.1628 ms
2026-07-30 16:53:14.012 +05:30 [INF] Start processing HTTP request GET https://grampower.atlassian.net/rest/api/3/search/jql?*
2026-07-30 16:53:14.013 +05:30 [INF] Sending HTTP request GET https://grampower.atlassian.net/rest/api/3/search/jql?*
2026-07-30 16:53:15.022 +05:30 [INF] Received HTTP response headers after 1008.7246ms - 200
2026-07-30 16:53:15.022 +05:30 [INF] End processing HTTP request after 1010.3659ms - 200
2026-07-30 16:53:15.279 +05:30 [INF] HTTP GET /api/issues responded 200 in 1268.5270 ms
2026-07-30 16:53:19.585 +05:30 [INF] Start processing HTTP request GET https://grampower.atlassian.net/rest/api/3/search/jql?*
2026-07-30 16:53:19.585 +05:30 [INF] Sending HTTP request GET https://grampower.atlassian.net/rest/api/3/search/jql?*
2026-07-30 16:53:20.123 +05:30 [INF] Received HTTP response headers after 538.2939ms - 200
2026-07-30 16:53:20.124 +05:30 [INF] End processing HTTP request after 539.0011ms - 200
2026-07-30 16:53:20.192 +05:30 [INF] HTTP GET /api/dashboard responded 200 in 608.5961 ms
2026-07-30 16:55:53.454 +05:30 [INF] Start processing HTTP request GET https://grampower.atlassian.net/rest/api/3/search/jql?*
2026-07-30 16:55:53.455 +05:30 [INF] Sending HTTP request GET https://grampower.atlassian.net/rest/api/3/search/jql?*
2026-07-30 16:55:54.268 +05:30 [INF] Received HTTP response headers after 815.4796ms - 200
2026-07-30 16:55:54.270 +05:30 [INF] End processing HTTP request after 817.2354ms - 200
2026-07-30 16:55:54.531 +05:30 [INF] HTTP GET /api/dashboard responded 200 in 1083.2287 ms
2026-07-30 17:05:28.545 +05:30 [INF] Start processing HTTP request GET https://grampower.atlassian.net/rest/api/3/search/jql?*
2026-07-30 17:05:28.546 +05:30 [INF] Sending HTTP request GET https://grampower.atlassian.net/rest/api/3/search/jql?*
2026-07-30 17:05:29.364 +05:30 [INF] Received HTTP response headers after 817.5491ms - 200
2026-07-30 17:05:29.364 +05:30 [INF] End processing HTTP request after 819.4052ms - 200
2026-07-30 17:05:29.427 +05:30 [INF] HTTP GET /api/dashboard responded 200 in 884.5985 ms
2026-07-30 17:31:15.990 +05:30 [INF] Start processing HTTP request GET https://grampower.atlassian.net/rest/api/3/search/jql?*
2026-07-30 17:31:15.991 +05:30 [INF] Sending HTTP request GET https://grampower.atlassian.net/rest/api/3/search/jql?*
2026-07-30 17:31:17.216 +05:30 [INF] Received HTTP response headers after 1225.3553ms - 200
2026-07-30 17:31:17.216 +05:30 [INF] End processing HTTP request after 1226.0347ms - 200
2026-07-30 17:31:17.462 +05:30 [INF] HTTP GET /api/dashboard responded 200 in 1472.8852 ms
2026-07-30 18:32:45.942 +05:30 [INF] Start processing HTTP request GET https://grampower.atlassian.net/rest/api/3/search/jql?*
2026-07-30 18:32:45.942 +05:30 [INF] Sending HTTP request GET https://grampower.atlassian.net/rest/api/3/search/jql?*
2026-07-30 18:32:47.323 +05:30 [INF] Received HTTP response headers after 1381.2227ms - 200
2026-07-30 18:32:47.323 +05:30 [INF] End processing HTTP request after 1381.601ms - 200
2026-07-30 18:32:47.678 +05:30 [INF] HTTP GET /api/dashboard responded 200 in 1737.1175 ms
2026-07-30 19:07:37.843 +05:30 [INF] Start processing HTTP request GET https://grampower.atlassian.net/rest/api/3/search/jql?*
2026-07-30 19:07:37.843 +05:30 [INF] Sending HTTP request GET https://grampower.atlassian.net/rest/api/3/search/jql?*
2026-07-30 19:07:39.698 +05:30 [INF] Received HTTP response headers after 1854.7831ms - 200
2026-07-30 19:07:39.699 +05:30 [INF] End processing HTTP request after 1855.7809ms - 200
2026-07-30 19:07:39.894 +05:30 [INF] HTTP GET /api/dashboard responded 200 in 2051.8501 ms
2026-07-30 22:47:53.539 +05:30 [INF] Start processing HTTP request GET https://grampower.atlassian.net/rest/api/3/search/jql?*
2026-07-30 22:47:53.540 +05:30 [INF] Sending HTTP request GET https://grampower.atlassian.net/rest/api/3/search/jql?*
2026-07-30 22:47:55.079 +05:30 [INF] Received HTTP response headers after 1538.5727ms - 200
2026-07-30 22:47:55.079 +05:30 [INF] End processing HTTP request after 1539.8803ms - 200
2026-07-30 22:47:55.300 +05:30 [INF] HTTP GET /api/dashboard responded 200 in 1762.7185 ms
2026-07-30 23:04:49.739 +05:30 [INF] Start processing HTTP request GET https://grampower.atlassian.net/rest/api/3/search/jql?*
2026-07-30 23:04:49.740 +05:30 [INF] Sending HTTP request GET https://grampower.atlassian.net/rest/api/3/search/jql?*
2026-07-30 23:04:51.049 +05:30 [INF] Received HTTP response headers after 1309.3807ms - 200
2026-07-30 23:04:51.050 +05:30 [INF] End processing HTTP request after 1310.8578ms - 200
2026-07-30 23:04:51.272 +05:30 [INF] HTTP GET /api/dashboard responded 200 in 1537.0747 ms
2026-07-30 23:44:05.176 +05:30 [INF] Start processing HTTP request GET https://grampower.atlassian.net/rest/api/3/search/jql?*
2026-07-30 23:44:05.177 +05:30 [INF] Sending HTTP request GET https://grampower.atlassian.net/rest/api/3/search/jql?*
2026-07-30 23:44:06.303 +05:30 [INF] Received HTTP response headers after 1125.5912ms - 200
2026-07-30 23:44:06.304 +05:30 [INF] End processing HTTP request after 1127.6222ms - 200
2026-07-30 23:44:06.533 +05:30 [INF] HTTP GET /api/dashboard responded 200 in 1363.3221 ms
